geoname_id	name	preferred	historic	from	to
453270	Миронушка	1	0
453650	Утёс	1	0
461727	Оленевка	1	0
461727	Караджи́	0	1
461740	Зюзино	1	0
461839	Зябицы	1	0
462022	Зубово	1	0
462033	Зубово	1	0
462090	Зубакино	1	0
462190	Золотово	1	0
462211	Золотилово	1	0
462231	Золотарёвка	1	0
462313	Знаменское	1	0
462322	Знаменск	1	0
462352	Знаменка	1	0
462527	Зимогорье	1	0
462579	Зимитицы	1	0
462694	Журавлево	1	0
462712	Журавки	1	0
462720	Журавка	1	0
462736	Жупаново	1	0
462847	Жудре	1	0
463014	Жилоток	1	0
463053	Жилетово	1	0
463060	Жилая Глина	1	0
463077	Жигули	1	0
463082	Жигулёвск	1	0
463134	Жестылево	1	0
463182	Заречная	1	0
463277	Жельцы	1	0
463317	Желнино	1	0
463341	Железово	1	0
463343	Железногорск	1	0
463355	Железнодорожный	1	0
463434	Жданово	1	0
463596	Жабкино	1	0
463738	Зелёный город	1	0
463739	Зеленый Город	1	0
463829	Зеленоград	1	0
463830	Зеленогорск	1	0
463881	Зеленец	1	0
463891	Зеленая Роща	1	0
464080	Завражье	1	0
464266	Засыпье	1	0
464270	Засузенье	1	0
464312	Зашеек	1	0		2018
464352	Заря	1	0
464443	Заручевье	1	0
464445	Заручевье	1	0
464495	Заринское	1	0
464522	Заречье	1	0
464741	Заполье	1	0
464746	Заполье	1	0
464761	Заполье	1	0
464778	Заполье	1	0
464826	Заплавская	1	0
464914	Заозёрье	1	0
464971	Заостровье	1	0
465174	Залукокоаже	1	0
465224	Залесье	1	0
465367	Захожи	1	0
465375	Захонье	1	0
465437	Захарово	1	0
465489	Захарьино	1	0
465581	Загривье	1	0
465632	Загорянский	1	0
465655	Загорицы	1	0
465662	Заголодно	1	0
465699	Задорье	1	0
465799	Забрусенье	1	0
465803	Заброды	1	0
465809	Заборье	1	0
465844	Заборовье	1	0
465881	Заболотье	1	0
465882	Заболотье	1	0
465970	Забелье	1	0
465971	Забелье	1	0
465981	Забелино	1	0
466171	Калининец	1	0
466228	Юрьево	1	0
466259	Юрьевец	1	0
466278	Юрцово	1	0
466307	Юрово	1	0
466387	Юркино	1	0
466561	Холмогорово	1	0
466710	Юганец	1	0
466724	Юг	1	0
466838	Ежовка	1	0
466847	Ежева	1	0
467232	Ермолино	1	0
467235	Посёлок Опытно-Показательного Хозяйства Ермолино	1	0
467253	Ермилово	1	0
467260	Ермекеево	1	0
467383	Ерёмина Гора	1	0
467424	Гречухино	1	0
467444	Еракко	1	0
467525	Емва	1	0	1985
467527	Емца	1	0
467539	Емецк	1	0
467550	Емельянцево	1	0
467611	Ямань	1	0
467614	Елзово	1	0
467675	Елшанка	1	0
467852	Елизаветинский	0	0
467852	Yelizavetinskiy	0	0
467879	Елизаветинка	1	0
468011	Ельдигино	1	0
468030	Елатьма	1	0
468044	Елань-Колено	1	0
468196	Катериновка	0	0
468250	Егорьевск	1	0
468282	Егорово	1	0
468345	Еганово	1	0
468409	Ефимовский	1	0
468434	Ефимоново	1	0
468515	Язвище	1	0
468560	Яйва	1	0
468632	Ястребки	1	0
468670	Ясногорский	1	0
468686	Ясная	1	0
468747	Яшкуль	1	0
468760	Яшино	1	0
468763	Яшезеро	1	0
468810	Ясенево	1	0
468835	Лосево	1	0
468855	Ярцево	1	0
468902	Ярославль	1	0
468952	Яркое	1	0
469087	Янино-2	1	0
469205	Ям	1	0
469275	Ямкино	1	0
469292	Ямбирно	1	0
469356	Яловка	1	0
469379	Ялгуба	1	0
469533	Яковлевское	1	0
469608	Якоть	1	0
469655	Яхрома	1	0
469730	Ягодное	1	0
469844	Яблоновский	1	0
469878	Яблоницы	1	0
469995	Высоцк	1	0
470014	Высокое	1	0
470140	Высоково	1	0
470189	Высокое	1	0
470252	Вышний Волочёк	1	0
470379	Выпуково	1	0
470423	Вымово	1	0
470460	Выгостров	1	0
470498	урочище Выдровка	1	0
470499	Выдропужск	1	0
470546	Выборг	1	0
470549	Выбор	1	0
470556	Вязы	1	0
470662	Вязок	1	0
470667	Вязники	1	0
470688	Вязикиничи	1	0
470722	Вятское	1	0
470819	Введенское	1	0
470826	Введенское	1	0
470888	Волоярви	1	0
471118	Вруда	1	0
471130	Врачово	1	0
471160	Вознесенье	1	0
471172	Вознесенское	1	0
471245	Вожега	1	0
471256	Вожани	1	0
471336	Войносолово	1	0
471339	Войница	1	0
471371	Воейково	1	0
471430	Воткинск	1	0
471775	Ворша	1	0
471795	Воротынск	1	0
471820	Ворошнево	1	0
471825	Ворошиловский	1	0
471861	Вороньи Горки	1	0
471910	Воронцовка	1	0
471969	Воронкино	1	0
471991	Воронино	1	0
472003	Воронино	1	0
472045	Воронеж	1	0
472277	Вольский	1	0
472285	Волпи	1	0
472310	Воловичи	1	0
472459	Вологда	1	0
472465	Володино	1	0
472470	Володино	1	0
472504	Волочаевское	1	0
472505	Волочаевский	1	0
472575	Вольно-Веселый	1	0
472599	Волна	1	0
472726	Волхонское	1	0
472757	Волгоград	1	0
472837	Волчиха	1	0
472871	Вокнаволок	1	0
472961	Юца	1	0
473020	Внуково	1	0
473022	Внуково	1	0
473031	Внезапное	1	0
473122	Власиха	1	0
473145	Владычино	1	0
473150	Владимирское	1	0
473247	Владимир	1	0
473249	Владикавказ	1	0
473382	Вишняковские Дачи	1	0
473435	Вишнёвка	1	0
473509	Вирки	1	0
473535	Виноградово	1	0
473607	Виляйки	1	0
473627	Виловатово	1	0
473726	Вихолка	1	0
473849	Веймарн	1	0
473951	Веснино	1	0
473991	Вешкелица	1	0
473994	Вешкайма	1	0
474116	Весело-Вознесенка	1	0
474131	Весёловка	1	0
474231	Вершинино	1	0
474264	Верницы	1	0
474288	Вехручей	1	0
474290	Верхозим	1	0
474297	Верховье	1	0
474304	Верховье	1	0
474305	Верховье	1	0
474324	Верховье	1	0
474350	Верховина	1	0
474462	Верхняя Тура	1	0
474470	Верхняя Тойма	1	0
474473	Верхняя Тишанка	1	0
474510	Верхняя Шкова	1	0
474743	Верхняя Балкария	1	0
474785	Верхний Волок	1	0
474795	Верхний Услон	1	0
474821	Верхний Тагил	1	0
474926	Верхний Ломов	1	0
474931	Верхний Ландех	1	0
474940	Верхний Куркужин	1	0
475030	Верхние Татышлы	1	0
475041	Верхние Серги	1	0
475060	Верхние Осельки	1	0
475071	Верхние Мандроги	1	0
475100	Верхние Киги	1	0
475206	Верхний Авзян	1	0
475422	Верхнее Альмурзино	1	0
475463	Верхнеуральск	1	0
475469	Верхнетуломский	1	0
475483	Верхнее Сяглово	1	0
475505	Верхнерусское	1	0
475614	Верхнеднепровский	1	0
475700	Верея	1	0
475717	Веретье	1	0
475771	Верещаки	1	0
475785	Верепье	1	0
475861	Вепрево	1	0
475892	Венекюля	1	0
475903	Вельево	1	0
475934	Вельца	1	0
475950	Велькота	1	0
475979	Великое Село	1	0
475981	Великое Село	1	0
476014	Великое	1	0
476035	Великорецкое	1	0
476046	Великооктябрьский	1	0
476055	Великодворский	1	0
476091	Великий Двор	1	0
476095	Великий Двор	1	0
476114	Великая Нива	1	0
476143	Велигонты	1	0
476204	Кучерово	1	0
476372	Ватутинки	1	0
476387	Моряково	1	0
476441	Вассакара	1	0
476490	Васкиничи	1	0
476500	Васкелово	1	0
476548	Васильевский Мох	1	0
476578	Васильевская	1	0
476599	Васильево	1	0
477008	Варламов	1	0
477020	Вариксолово	1	0
477068	Вараксино	1	0
477170	Ванакюля	1	0
477192	Валуйки	1	0
477197	Валуево	1	0
477198	Валуево	1	0
477274	Валгома	1	0
477302	Валдость	1	0
477326	Осиновка	1	0
477509	Узигонты	1	0
477605	Увелье	1	0
477611	Увары	1	0
477680	Утта	1	0
477710	Утликово	1	0
477907	Усть-Вымь	1	0
477940	Усть-Цильма	1	0
478015	Усть-Нерманка	1	0
478057	Усть-Койсуг	1	0
478130	Усть-Джегута	1	0
478197	Успенская	1	0
478269	Усолье	1	0
478307	Усманово	1	0
478488	Усадище-Дыми	1	0
478494	Усадище	1	0
478496	Усадище	1	0
478497	Усадищи	1	0
478538	Урыв-Покровка	1	0
478581	Урус-Мартан	1	0
478620	Уршельский	1	0
478757	Урень	1	0
478781	Уразово	1	0
478830	Уральское	1	0
478849	Уралец	1	0
479055	Умёт	1	0
479123	Ульяновск	1	0
479124	Ульяновщина	1	0
479139	Ульяново	1	0
479170	Ульянково	1	0
479241	Уллубийаул	1	0
479242	Уллуая	1	0
479302	Улан-Эрге	1	0
479423	Ухора	1	0
479500	Угол	1	0
479522	Углово	1	0
479532	Углич	1	0
479539	Углегорский	1	0
479580	Удосолово	1	0
479617	Удино	1	0
479640	Удельная	1	0
479664	Удальцово	1	0
479685	Учкулан	1	0
479871	Тюльган	1	0
480004	Тяпкино	1	0
480022	Тягаево	1	0
480060	Тверь	1	0
480250	Турково	1	0
480295	Тургошь	1	0
480354	Турандино	1	0
480482	Тумак	1	0
480771	Цветочное	1	0
480967	Торфяное	1	0
480985	Центральный	1	0
481015	Цементово	1	0
481039	Целегора	1	0
481221	Труфаново	1	0
481224	Труфаново	1	0
481228	Труфаново	1	0
481287	Трудфронт	1	0
481350	Трубчевск	1	0
481424	Тростань	1	0
481502	Троицкое	1	0
481597	Троицкий	1	0
481611	Троице-Сельцо	1	0
481680	Три Озера	1	0
481750	Третий Рудник	1	0
481804	Трёхречье	1	0
481817	Трёхгорный	1	0
481818	Трехгорка	1	0
481820	Трёхденево	1	0
481841	Требиятский	1	0
481938	Товарково	1	0
482065	Торковичи	1	0
482097	Торфяновка	1	0
482219	Тоншаево	1	0
482230	Тонкино	1	0
482260	Томилино	1	0
482283	Тольятти	1	0	1964
482309	Толстой-Юрт	1	0
482320	Толстово	1	0
482357	Толсть	1	0
482390	Толмачево	1	0
482522	Токарёвка	1	0
482582	Тлюстенхабль	1	0
482714	Тишково	1	0
482823	Перевоз	1	0
482886	Тимохово	1	0
482965	Тимашёвск	1	0
483005	Тикопись	1	0
483156	Тедрово	1	0
483240	Теряево	1	0
483269	Терскол	1	0
483288	Терса	1	0
483326	Терновская	1	0
483445	Терехунь	1	0
483468	Терехово	1	0
483508	Терёбуня	1	0
483552	Тёплый Стан	1	0
483561	Тепляково	1	0
483570	Теплухино	1	0
483575	Теплое	1	0
483638	Тенишево	1	0
483642	Теньгушево	1	0
483689	Тёмкино	1	0
483749	Тельцово	1	0
483898	Тайцы	1	0
484017	Тацинская	1	0
484116	Татарский Елтан	1	0
484127	Каргала	1	0
484277	Тарычево	1	0
484367	Таремское	1	0
484414	Тарасово	1	0
484449	Тарасовка	1	0
484509	Таракса	1	0
484619	Дубки	1	0
484712	Талпаки	1	0
484815	Талеж	1	0
484856	Агидель	1	0
485002	Сюйська	1	0
485050	Сюрьга	1	0
485153	Сырское	1	0
485162	Сыростан	1	0
485187	Сырецкое	1	0
485239	Сыктывкар	1	0
485267	Сычово	1	0
485273	Сычево	1	0
485313	Сясьстрой	1	0
485382	Святск	1	0
485516	Свияжск	1	0
485531	Свистуха	1	0
485557	Свирьстрой	1	0
485598	Свинская	1	0
485630	Свиблово	1	0
485639	Светогорск	1	0
485683	Светлое	1	0
485699	Светлогорск	1	0
485763	Свердловский	1	0
485768	Свердлово	1	0
485785	Свень	1	0
485817	Суземка	1	0
485818	Суземь	1	0
485824	Суздаль	1	0
485878	Суворово	1	0
486073	Суроватиха	1	0
486092	Сууркюля	1	0
486211	Зеленая Горка	1	0
486355	Сулинский	1	0
486645	Сухобезводное	1	0
486754	Сухарево	1	0
486777	Суханово	1	0
486864	Судаково	1	0
486979	Ступинo	1	0
487111	Струги	1	0
487131	Стромынь	1	0
487227	Стрельна	1	0
487321	Страхово	1	0
487637	Степановское	1	0
487723	Степанова Гора	1	0
487740	Степаньково	1	0
487865	Старый Вышков	1	0
487912	Старый Ропск	1	0
487928	Старый Оскол	1	0
487944	Анзорей	1	0
488119	Старые Бобовичи	1	0
488128	Старые Атаги	1	0
489057	Старая Сунжа	1	0
489102	Старая Полтавка	1	0
489158	Старая Ладога	1	0
489162	Старая Купавна	1	0
489164	Старая Кулатка	1	0
489238	Брынь	1	0
489290	Становое	1	0
489534	Средние Ачалуки	1	0
489729	Спас-Заулок	1	0
489739	Спас-Слободка	1	1
489846	Спас-Талица	1	0
489852	Спас-Нередицы	1	0
489963	Совполье	1	0
489994	Кетченеры	1	0
489998	Шатой	1	0
490069	Советск	1	0
490354	Сосновцы	1	0
490510	Сорокино	1	0
490952	Солодово	1	0
491000	Солнечная Поляна	1	0
491059	Солдырь	1	0
491282	Сокол	1	0
491352	Софрино	1	0
491513	Сновское	1	0
491558	Снетково	1	0
491564	Снегирёвка	1	0
491712	Смирново	1	0
491822	Слуды	1	0
491832	Слудка	1	0
492158	Слащевская	1	0
492502	Сизый Бугор	1	0
492561	Сивково	1	0
492568	Сивинь	1	0
492765	Синодское	1	0
492768	Новосиньково	1	0
492786	Синий Колодец	1	0
492815	Верхнее Синьгово	1	0
492827	Синёво	1	0
492906	Семендяево	1	0
492939	Симагино	1	0
492961	Силино	1	0	1949
493050	Сифолово	1	0
493074	Сидорово	1	0
493461	Шумейка	1	0
493511	Шульгино	1	0
493702	Михайловск	1	0
493866	Кварцитный	1	0
493867	Шокша	1	0
493970	Шлиссельбург	1	0
494160	Ширяево	1	0
494970	Шёлтозеро	1	0
494981	Шеломы	1	0
495000	Шелковская	1	0
495116	Шабаново	1	0
495344	Щёлково	1	0
495442	Щапово	1	0
495630	Шартово	1	0
495642	Шарой	1	0
495957	Шали	1	0
495969	Шалажи	1	0
496151	Шабурново	1	0
496204	Шаами-Юрт	1	0
496225	Сёйты	1	0
496307	Северный-Коспашский	1	0
496361	Северный ж/м	1	0
496551	Серово	1	0
496564	Серноводское	1	0
496626	Сергиевка	1	0
496761	Сергиевка	1	0
496888	Серебрянский	1	0
496903	Серебрянский	1	0
496957	Серафимович	1	0
497055	Сенькино	1	0
497102	Сенеж	1	0
497295	Семёновское	1	0
497337	Семёновская	1	0
497450	Семёнов	1	0
497506	Семено	1	0
497632	Казенное Село	1	0
497643	Сельниково	1	0
497913	Сеитово	1	0
497984	Сеченово	1	0
498114	Саввинская Слобода	1	0
498134	Саврасово	1	0
498677	Саратов	1	0
498687	Сарапул	1	0
498696	Сараны	1	0
498783	Саперный	1	0
498817	Санкт-Петербург	1	0
498822	Саньков Бор	1	0
499099	Самара	1	0
499228	Салми	1	0
499280	Селиховы Дворы	1	0
499383	Сахалин	1	0
499384	Сахалин	1	0
499604	Дубки	1	0
499808	Рыжёво	1	0
499813	Кислицыно	1	0
499814	Рюттю	1	0
500019	Рыбацкое	1	0
500104	Ряттель	1	0
500405	Русские Шибаши	1	0
500420	Анташи	1	0
500526	Русавкино-Поповщино	1	0
500843	Рублёво	1	0
500938	Большие Рожки	1	0
501183	Ростов Великий	1	0
501215	Россошь	1	0
501296	Рощино	1	0
501320	Рошаль	1	1
501528	Рохма	1	0
501660	Рогачево	1	0
501775	Родионово-Несветаиское	1	0
501892	Равнина	1	0
502032	Ретинское	1	0
502117	Лисицыно	1	0
502411	Растьнаволок	1	0
502429	Разино	1	0
502540	Раевский	1	0
502839	Новинка	1	0
503106	Рахманово	1	0
503234	Радогощь	1	0
503248	Радица-Крыловка	1	0
503428	Пыра	1	0
503499	Пятницкое	1	0
503530	Пятино	1	0
503581	Пяозерский	1	0
503950	Пушной	1	0
504003	Пушкин	1	0
504030	Пушкари	1	0
504041	Пущино	1	0
504258	Пудрино	1	0
504542	Ближние Прудищи	1	0
504691	Просек	1	0
504847	Прокушево	1	0
504915	Прохоровка	1	0
505044	Приволжское	1	0
505230	Приозерск	1	0
505257	Урзуф	0	0
505567	Пречистено	1	0
505719	Пожарище	1	0
505978	Госточи	1	0
506043	Котловка	1	0
506051	Бобылино	1	0
506093	Володарского	1	0
506114	Посёлок Бородинского	1	0
506188	Порт-Катон	1	0
506205	Порозово	1	0
506281	Порфировка	1	0
506286	Порецкое	1	0
506291	Поречье-Рыбное	1	0
506397	Попово	1	0
506763	Полярный	1	0
506768	Поляны	1	0
506829	д. Поляна	1	0
506958	Полтево	1	0
507302	Полдневое	1	0
507382	Покровское	1	0
507624	Похвистнево	1	0
507840	Погорелец	1	0
507914	Подъячево	1	0
507925	Подвязново	1	0
507985	Подсосено	1	0
507998	Подсолнечное	1	0
508047	Подозванье	1	0
508154	Подмошье	1	0
508295	Подгорье	1	0
508463	Подборовье	1	0
508563	Починок	1	0
508732	Пнёво	1	0
508811	Плотичье	1	0
508870	Плосково	1	0
508926	Плодовое	1	0
509010	Плющево	1	0
509029	Плес	1	0
509121	Платаново	1	0
509196	Груздево	1	0
509247	Чащино	1	0
509538	Пильна	1	0
509598	Пикалёво	1	0
509768	Петряевка	1	0
509889	Петровское	1	0
510001	Петрово	1	0
510225	Петродворец	1	1
510291	Петергоф	1	0
510988	Бахчиванджи	1	0
511293	Переволоки	1	0
511357	Переславское	1	0
511431	Перелесье	1	0
511437	Перелëшино	1	0
512023	Павловский Посад	1	0
512039	Павловская Слобода	1	0
512111	Павловка	1	0
512435	Пасегово	1	0
512611	Парашино	1	0
513378	Озёры	1	0
513385	Озертицы	1	0
513426	Озёрный	1	0
513443	Озёрное	1	0
513476	Озерки	1	0
513588	Озерецкое	1	0
513632	Ойнолово	1	0
513701	Овстуг	1	0
513723	Овраги	1	0
513724	Овощи	1	0
513851	Отрожки	1	0
513891	Затишье	1	0
513897	Отрадное	1	0
514142	Остров	1	0
514272	Осташёво	1	0
514273	Осташово	1	0
514297	Остафьево	1	0
514679	Осельки	1	0
514757	Борисово	1	0
514934	Орлино	1	0
515003	Оренбург	1	0
515012	Орёл	1	0
515083	Сунжа	1	0
515192	Опалёво	1	0
515309	Олымский	1	0
515582	Ольгинская	1	0
515698	Оленегорск	1	0
515760	Окулово	1	0
515804	Цоцин-Юрт	1	0	1990
515927	Октябрьская Готня	1	0
516043	Охта	1	0
516073	Оханск	1	0
516215	Одинцово	1	0
516256	Очёр	1	0
516289	Обушково	1	0
516291	Обухово	1	0
516680	Нушполы	1	0
516716	Нурлат	1	0
516780	Ножай-Юрт	1	0
516874	Новый Ропск	1	0
516875	Новый Рогачик	1	0
516878	Новый Редант	1	0
517032	Новые Юрковичи	1	0
517179	Новые Бобовичи	1	0
517215	Новый Быт	1	0
517270	Новозуевка	1	0
517299	Зеленско	1	0
517417	Новое Село	1	0
517483	Новое Место	1	0
517607	Ново-Беляево	1	0
517813	Новотроицкая	1	0
517961	Новощапово	1	0
518097	Новосёлки	1	0
518133	Новосёлки	1	0
518136	Новосёлки	1	0
518379	Новопавловское	1	0
518440	Ново-Никольское	1	0
518557	Новомосковск	1	0
518745	Новохопёрск	1	0
518800	Новый Изборск	1	0
518858	Гребнево	1	0
518972	Новочеремшанск	1	0
519016	Новобессергеневка	1	0
519226	Новинка	1	0	1948
519402	Гелдагана	1	0
519438	Новая Вилга	1	0
519447	Новая Усмань	1	0
519473	Новая Таволжанка	1	0
519493	Новая Слобода	1	0
519690	Новая Голландия	1	0
520278	Нижняя Павловка	1	0
520302	Нижнемостовая	1	0
520555	Нижний Новгород	1	0
520574	Нижний Ломов	1	0
520642	Нижние Вязовые	1	0
520686	Нижние Осельки	1	0
520955	Нижнее Казанище	1	0
521208	Борки	1	0
521408	Никулино	1	0
521509	Никольское	1	0
521814	Николо-Березовка	1	0
521823	Николенское	1	0
521882	Феофилова Пустынь	1	0
522080	Никола-Ленивец	1	0
522102	Никитская слобода	1	0
522107	Никитск	1	0
522182	Никитино	1	0
522646	Нёнокса	1	0
522776	Нелидово	1	0
522803	Некрасовский	1	0
523064	Назрань	1	0
523090	Назарьево	1	0
523286	Натальино	1	0
523393	Нарядова	1	0
523443	Нариманов	1	0
523519	Налеткино	1	0
523520	Налеткино	1	0
523523	Нальчик	1	0
523560	Нагутское	1	0
523655	Надтеречное	1	0
523713	Надежда	1	0
523713	Шолта́к	0	1
523750	Набережные Челны	1	0
523811	Мытищи	1	0
523869	Мышетское	1	0
523990	Мякса	1	0
524113	Муцалаул	1	0
524299	Мурмаши	1	1
524305	Мурманск	1	0
524473	Мумра	1	0
524504	Мулино	1	0
524690	Мозолево-1	1	0
524769	Моторное	1	0
524901	Москва	1	0
524998	Мошково-Никольское	1	0
525105	Гряды	1	0
525138	Моршанск	1	0
525391	Пихтовое	1	0
525427	Монастырщино	1	0
525730	Мокрище	1	0
525988	Мшинская	1	0
526035	Митяево	1	0
526199	Мишутино	1	0
526315	Миронушка	1	0
526478	Минетское	1	0
526480	Минеральные Воды	1	0
526501	Мийнала	1	0
526651	Михнево	1	0
526968	Михайловка	1	0
527125	Михалёво	1	0
527181	Мичуринское	1	0
527262	Межевое	1	0
527508	Мерево	1	0
527628	Мелогора	1	0
528537	Матвеева Сельга	1	0
528562	Матросы	1	0
528704	Маслово	1	0
528741	Маслова Пристань	1	0
528908	Марьино	1	0
528919	Марушкино	1	0
528961	Мартыново	1	0
529001	Марциальные Воды	1	0
529205	Маришкино	1	0
529231	Марьино Село	1	0
529367	Марфино	1	0
529444	Манюки	1	0
529700	Мамасево	1	0
529907	Лазарево	1	0
529981	Малые Вязёмы	1	0
530196	Малые Дербеты	1	0
530314	Малышево	1	0
530326	Малышево	1	0
530708	Малое Козино	1	0
530791	Чубалово	1	0
530994	Малка	1	1
531318	Талинка	1	0
531426	Малая Пурга	1	0
531691	Малая Дубна	1	0
531809	Малахово	1	0
531942	Максимова Гора	1	0
531943	Максимова Гора	1	0
531992	Макеево	1	0
532133	Макарьево	1	0
532275	Петровка	1	0
532290	Магнитный	1	0
532485	Любовшо	1	0
532979	Лядины-Гавриловская	1	0
533067	Лужники	1	0
533082	Лужки	1	0
533254	Луостари	1	0
533270	Луньшино	1	0
533377	Лукьяново	1	0
533400	Лукоянов	1	0
533418	Луковецкий	1	0
533484	Лукино	1	0
533594	Луговое	1	0
533899	Ложголово	1	0
533964	Лоухи	1	0
533975	Лотошино	1	0
534334	Ломоносово	1	0
534561	Лодейное	1	0
535121	Липецк	1	0
535185	Лиинахамари	1	0
535254	Лиховской	1	0
535322	Лидь	1	0
535334	Льгов	1	0
535366	Лежнево	1	0
535670	Лесогорский	1	0
535730	Лесное	1	0
535778	Лесная Поляна	1	0	1965
535806	Лесколово	1	0
535992	Леониха	1	0
536164	Царицыно	1	0
536209	Ленинаул	1	0
536249	Лемовжа	1	0
536344	Лехтомяки	1	0
536378	Новостройка	1	0
536465	Лебяжье	1	0
536601	Лазаревка	1	0
536625	Лазаревское	1	0
536647	Лазарево	1	0
536648	Лазаревка	1	0
536650	Лазаревичи	1	0
536906	Ларево	1	0
536984	Лапландия	1	0
537103	Лакомая Буда	1	0
537129	Лахта	1	0
537158	Лаишево	1	0
537215	Ладвуши	1	0
537345	Дугулубгей	1	0
537346	Кызбурун Первый	1	0
537361	Соловьёво	1	0
537508	Кяхулай	1	0
537534	Квашёнки	1	0
537601	Кузово	1	0
537604	Кузомень	1	0
537695	Кузнецово	1	0
537794	Кузьминское	1	0
537992	Куйвози	1	0
538368	Кушнарёнково	1	0
538416	Кущёвская	1	0
538469	Курята	1	0
538478	Курьяново	1	0
538582	Курсавка	1	0
538725	Куркиеки	1	0
538773	Курилово	1	0
538913	Курчалой	1	0
538937	Курба	1	0
538992	Кураховка	0	0
539221	Кумылженская	1	1
539278	Кумин Бор	1	0
539578	Кулары	1	0
539632	Кукуй	1	0
539684	Кукобой	1	0
539689	Кукмор	1	0
539769	Кугушево	1	0
539817	Кудымкар	1	0
540259	Крым	1	0
540389	Крутое	1	0
540546	Крутая Гора	1	0
540578	Крусаново	1	0
540607	Большие Крупели	1	0
540750	Крошнозеро	1	0
540771	Кронштадт	1	0
540790	Крохино	1	0
541235	Кременки	1	0
541380	Красная Поляна	1	1
541446	Красный Профинтерн	1	0	1945
541796	Красные Баки	1	0
542070	Красное	1	0
542109	Красное	1	0
542186	Красновидово	1	0
542279	Красноозёрное	1	0
542284	Алхасты	1	0
542366	Красногорский	1	0
542375	Красногорский	1	0
542378	Красногородск	1	0
542397	Краснофлотское	1	0
542435	Красноармейское	1	0
542461	Полтавская	1	0
542709	Красная Ляга	1	0
542765	Красная Горка	1	0
542867	Красиненково	1	0
543336	Кожаково	1	0
543339	Кожаки	1	0
543368	Новое Токсово	1	0
543394	Койгуши	1	0
543467	Ковригино	1	0
543469	Ковригино	1	0
543972	Кстинино	1	0
543989	Костёнки	1	0
544327	Коржовка-Голубовка	1	0
544385	Корвала	1	0
544400	Кортиха	1	0
544404	Корталы-Усадище	1	0
544535	Коровино	1	0
544694	Королёв	1	0
544749	Коробище	1	0
544813	Корна	1	0
544830	Кормежка	1	0
544906	Коренево	1	0
545000	Кораблино	1	0
545129	Копорье	1	0
545261	Контиолахти	1	0
545277	Константиновск	1	0
545485	Коневица	1	0
545488	Конёв Бор	1	0
545585	Кондратьево	1	0
545680	Комякино	1	0
545690	Комсомольское	1	0
545727	Комсомольский	1	0
545736	Комсомольск	1	0
545775	Коммунары	1	0
546060	Колтубановский	1	0
546105	Колпино	1	0
546213	Янино-1	1	0
546230	Коломна	1	0
546299	Колодкино	1	0
546606	Кокошкино	1	0
547019	Кобона	1	0
547094	Княжево	1	0
547308	Ключевое	1	0
547453	Клишино	1	0
547560	Климовск	1	0
547565	Климово	1	0
547595	Климовск	1	0
547631	Климотино	1	0
547721	Клещёвка	1	0
547772	Кленно	1	0
547938	Кивуя	1	0
548113	Кисловодская	1	0
548147	Кискелово	1	0
548407	Тхагапш	1	0
548643	Киндасово	1	0
548649	Кимжа	1	0
548695	Кильмезь	1	0
548740	Преображенская	1	0
548781	Кидекша	1	0
548890	Хвойная	1	0
549132	Сорокино	1	0
549232	Христово	1	0
549300	Храброво	1	0
549302	Храброво	1	0
549322	Ховрино	1	0
549373	Хотьково	1	0
549435	Хоседа-Хард	1	0
549485	Хорошово	1	0
549542	Хорей-Вер	1	0
549586	Хомяково	1	0
549741	Холмская	1	0
549968	Хмелита	1	0
550235	Хирвости	1	0
550280	Химки	1	0
550309	Хийтола	1	0
550330	Кубенское	1	0
550466	Хатанки	1	0
550470	Красное	1	0
550708	Ханская	1	0
550844	Хаджалмахи	1	0
550982	Бондари	1	0
551049	Кербуково	1	0
551438	ст. Казанская	1	1	1800
551729	Катыр-Юрт	1	0
551732	Катынь	1	0
551798	Каташин	1	0
551824	Новокасторное	1	0
551846	Лагань	1	0
551883	Косинов	1	0
552053	Корякино	1	0
552177	Карповская	1	0
552500	Каргалинская	1	0
552821	Каралат	1	0
552920	Карачев	1	0
553092	Кантышево	1	0
553190	Кандалакша	1	0
553203	Канаевка	1	0
553399	Каменск-Шахтинский	1	0
553518	Каменногорск	1	0
553553	Каменное Тяжино	1	0
553613	Каменка	1	0
553669	Каменка	1	0
553884	Калязин	1	0
554039	Калитки	1	0
554233	Королёв	1	0
554284	Калинетское	1	0
554410	Калач	1	0
554668	Кабардинка	1	0
554720	Извоз	1	0
554776	Износки	1	0
554785	Измайлово Второе	1	0
554831	Ижма	1	0
555135	Ивановское	1	0
555260	Ивановское	1	0
555900	Иске-Рязап	1	0	1958
555984	Ишеевка	1	0
556044	Исавицы	1	0
556159	Ирогощи	1	0
556198	Ирганай	1	0
556258	Ионино	1	0
556268	Островной	1	0
556320	Иноземцево	1	0
556343	Лиственное	1	0
556820	Имени Девятого Января	1	0
557056	Илишево	1	0
557110	Ильинское	1	0
557239	Ильинская	1	0
557276	Ильичево	1	0
557335	Илекинская	1	0
557452	Игумново	1	0
557524	Игнатово	1	0
557706	Гвардейское	1	0
558066	Гулькевичи	1	0
558384	Грушевская	1	0
558385	Мартан-Чу	1	0
558418	Грозный	1	0
558517	Гришкино	1	0
558587	Гринёво	1	1
558743	Гридино	1	0
558834	Грешнево	1	0
558969	Греческое	1	0
559348	Горушка	1	0
559488	Городок	1	0
559531	Чернозёмный Городок	1	0
559576	Городищи	1	0
559678	Городец	1	0
559716	Горный Балыклей	1	0
559740	Горняцкий	1	0
559853	Горки-2	1	0
559854	Горки Сухаревские	1	0
559919	Горки-10	1	0
559922	Горки	1	0
559986	Горка	1	0
559993	Горка	1	0
559997	Горка	1	0
560189	Гордеевский	1	0
560501	Голубовицы	1	0
560585	Головково	1	0
560852	Гофицкое	1	0
560908	Гниловка	1	0
560961	Гмырино	1	0
561019	Глумицы	1	0
561188	Глиньево	1	0
561251	Глебычево	1	0
561549	Герменчук	1	0
561698	Гайны	1	0
561783	Гаврилов Посад	1	0
561810	Гавриловка	1	0
561874	Гатлукай	1	0
561887	Гатчина	1	0
562020	Гапсары	1	0
562100	Голухино	1	0
562158	Галично	1	0
562167	Галиакберово	1	0
562195	Гакручей	1	0
562204	Гагрино	1	0
562341	Фролы	1	0
562956	Федякино	1	0
563034	Федосьино	1	0
563057	Федоровское	1	0
563108	Фёдоровская	1	0
563344	Фалёнки	1	0
563401	Эсто-Садок	1	0
563407	Эссойла	1	0
563461	Энгель-Юрт	1	0
563464	Энгельс	1	0
563514	Элиста	1	0
563523	Электросталь	1	0
563623	Джейрах	1	0
563652	Джатиево	1	0
563678	Джалка	1	0
563708	Дзержинск	1	0
563744	Дышне-Ведено	1	0
563786	Дыми	1	0
563824	Дятелка	1	0
564098	Доргели	1	0
564125	Дуплято-Маслово	1	0
564152	Дунино	1	0
564530	Дуброва	1	0
564579	Дубовый Умёт	1	0
565117	Доршево	1	0
565120	Лмс	1	0
565165	Дороховая	1	0
565193	Дорогощи	1	0
565380	Домодедово	1	0
565614	Долгопрудный	1	0
565822	Доброводье	1	0
565908	Дмитровск-Орловский	1	0
565911	Дмитровский Погост	1	0
565919	Дмитрово	1	0
565979	Дмитриевская	1	0
566015	Дмитриев	1	0
566194	Дмитрово	1	0
566509	Дерева	1	0
566637	Демьяново	1	0
566772	Деменка	1	0
566809	Дегунино	1	0
566832	Дёгтево	1	0
566833	Дёгтево	1	0
566908	Дебëсы	1	0
566914	Даймище	1	0
566981	Давыдково	1	0
567082	Даргавс	1	0
567257	Дальнее Константиново	1	0
567280	Долаково	1	0
567661	Чулково	1	0
567666	Чулково	1	0
567780	Чудинцевы Горки	1	0
567793	Чудиново	1	0
567896	Чкаловский	1	0
567920	Чижово	1	0
567978	Чистополье	1	0
568007	Чисмена	1	0
568248	Чичерево	1	0
568338	Черсова	1	0
568464	Чёрный Яр	1	0
568595	Черняховск	1	0
569077	Чёрное	1	0
569223	Череповец	1	0
569476	Челюскинский	1	0
569513	Чёлмужи	1	0
569666	Чечен-Аул	1	0
569702	Чёбино	1	0
569743	Чайковская	1	0
569758	Чайгино	1	0
570021	Чалтырь	1	0
570178	Быстрое	1	0
570195	Быстрица	1	0
570300	Быково	1	0
570578	Бутово	1	0
570735	Богданово	1	0
570827	Буревестник	1	0
571000	Булгаково	1	0
571181	Бугры	1	0
571277	Будино	1	0
571306	Будённовск	1	0
571418	Брюховицы	1	0
571444	Брыковы Горы	1	0
571476	Брянск	1	0
571492	Брусянский	1	0
571516	Брусничка	1	0
571702	Братское	1	0
571789	Божонка	1	0
572002	Борщово	1	0
572090	Боровой	1	0
572140	Боровинка	1	0
572276	Бородино	1	0
572449	Орехово-Борисово Южное	1	0
572451	Борисово	1	0
572474	Борисовка	1	0	1961
572517	Борисоглебское	1	0
572611	Большой Бор	1	0	1920
572890	Большой Сабск	1	0
573036	Куганаволок	1	0
573146	Замошье	1	0
573302	Скуратово	1	0
573559	Большое Козино	1	0
573576	Большое Колычево	1	0
573708	Болото	1	0
573838	Большой Бор	1	0
573922	Большие Вязёмы	1	0
574457	Юнда	1	0
574496	Большая Вруда	1	0
574711	Большая Рязань	1	0
575015	Большая Киселёнка	1	0
575070	Большая Ижора	1	0
575107	Горка	1	0
575378	Болдыревка	1	0
575410	Бокситогорск	1	0
575413	Боковская	1	0
575751	Богатырь	1	0
576268	Старый Бисер	1	0
576302	Бирючово	1	0
576303	Бирючово	1	0
576422	Бичевый	1	0
576560	Бежитский Район	1	0
576590	Безенчук	1	0
576604	Луч	1	0	2009
576628	Бетково	1	0
576697	Беслан	1	0
576732	Беседа	1	0
577240	Двинской Березник	1	0
577407	Берендино	1	0
577408	Берендеево	1	0
577415	Береговое	1	0
577485	Бено-Юрт	1	0
577506	Белый Раст	1	0
577520	Белый Колодец	1	0
577560	Белые Берега	1	0
577603	Коньково	1	0
577655	Белячиха	1	0
577711	Белозёрск	1	0
577871	Белосарайская Коса	0	0
577883	Иласхан-Юрт	1	0
577901	Белоозёрский	1	0
578045	Белинский	1	0	1948
578091	Белёв	1	0
578158	Белая Гора	1	0
578238	Белавино	1	0
578276	Беклемищево	1	0
578290	Бёхово	1	0
578326	Бегуницы	1	0
578369	Спасск	1	0
578461	Базарово	1	0
578467	Базарные Матаки	1	0
578659	Батырево	1	0
579306	Банное	1	0
579360	Балушевы Починки	1	0
579372	Балтиец	1	0
579464	Балашиха	1	0
579489	Баламутово	1	0
579763	Баграмово	1	0
579831	Бачи-Юрт	1	0
580054	Азов	1	0
580139	Аютинский	1	0
580222	Автово	1	0
580290	Авдотьино	1	0
580319	Авчурино	1	0
580322	Авати	1	0
580364	Авколево	1	0
580375	Атяшево	1	0
580470	Атабаево	1	0
580507	Асташиха	1	0
580602	Ашперлово	1	0
580637	Ащерино	1	0
580688	Асаново	1	0
580872	Арсеньево	1	0
581054	Архангело-Шелоховская	1	0
581187	Ардатов	1	0
581195	Ардабьево	1	0
581222	Арбонье	1	0
581223	Арболова	1	0
581455	Антропово	1	0
581493	Антоновка	1	0
581871	Андрианово	1	0
581894	Андрейково	1	0
582009	Андреевка	1	0
582164	Анастасиевка	1	0
582213	Ананьино	1	0
582247	Амосова Гора	1	0
582295	Амбарный	1	0
582337	Вепрево	1	0
582432	Альметьевск	1	0
582490	Алхазурово	1	0
582493	Алхан-Кала	1	0
582672	Алёшино	1	0
582956	Алексе́евка	1	0
582978	Курганиха	1	0
583039	Александровская	1	0
583090	Александровка	1	0
583350	Александров	1	0
583434	Ууксу	1	0
583459	Аландское	1	0
583488	Аладьино	1	0
583509	Акъяр	1	0
583573	Акташ	1	0
583644	Аксёново	1	0
583798	Ахтубинск	1	0
584006	Агломазово	1	0
584221	Адыге-Хабль	1	0
584243	Адлер	1	0
584298	Ачхой-Мартан	1	0
584373	Абрамцево	1	0
584404	Абрамова Гора	1	0
584441	Абинск	1	0
611182	Васильево	1	0
616743	Дружковка	1	0
686729	Васильевка	0	0
686748	Ковыльное	1	0
686748	Мона́й Неме́цкий	0	1
686778	Зыбины	1	0
686778	Аргинчи́к	0	1
686799	Зверево	0	0
686808	Звановка	0	0
686812	Зуя	0	0
686818	Зугрэс	1	0
686818	Зугрес	0	0
686840	Зразковое	0	0
686841	Зразковое	0	0
686850	Зоркино	1	0
686850	Дула́т	0	1
686852	Зоринск	0	0
686853	Зориновка	0	0
686856	Зориковка	0	0
686857	Зори	0	0
686860	Золотые Пруды	0	0
686865	Золотой Колодезь	0	0
686865	Zolotoy Kolodets	0	0
686865	Zolotoy Kolodez’	0	0
686866	Золотое Поле	1	0
686866	Джайла́в-Сара́й	0	1
686866	Цюрихта́ль	0	1
686868	Золотое	0	0
686869	Золотое	1	0
686869	Алата́й	0	1
686870	Золотарёвка	0	0
686881	Золотая Нива	0	0
686883	Золотая Балка	0	0
686884	Золотое	1	0
686884	Чегене́	0	1
686891	Zolotarëvka	0	0
686912	Znamënovka	0	0
686914	Znamënovka	0	0
686921	Знаменка	1	0
686921	Берлик	0	1
686921	Фрайфельд	0	1
686922	Значково	0	0
686940	Златоустовка	0	0
686956	Зимогорье	0	0
686963	Зимино	1	0
686963	Перецфе́льд	0	1
687005	Журавки	1	0
687005	Сеи́т-Эли́	0	1
687012	Журавка	0	0
687032	Жуковка	1	0
687046	Novozar’yevka	0	0
687077	Жовтневое	0	0
687190	Жемчужина	1	0
687190	Чоты́	0	1
687191	Желябовка	1	0
687191	Андре́евка	0	1
687191	Чая́	0	1
687198	Zhëltoye	0	0
687201	Желтокаменка	1	0
687201	Orta-Mamay Nomer Chetvërtyy	0	1
687204	Zhëltaya Krucha	0	0
687223	Желанное	0	0
687237	Ждановка	0	0
687241	Жаворонки	1	0
687241	Ибраи́м-Бай	0	1
687284	Зерновое	1	0
687284	Яку́бовка	0	1
687301	Земляничное	1	0
687301	Ортала́н	0	1
687307	Зелековка	0	0
687311	Зеленый Яр	0	0
687311	Zelënyy Yar	0	0
687312	Zelënyy Yar	0	0
687313	Zelënyy Yar	1	0
687360	Zelënoye	0	0
687360	Zelënyy	0	0
687366	Semënovka	0	0
687378	Синапное	1	0
687378	Зелёное	0	1
687378	Улу́-Сала́	0	1
687379	Зелёное	1	0
687379	Тата́р-Осма́н	0	1
687382	Зеленівка	1	0
687382	Зеленовка	0	0
687383	Зеленовка	0	0
687388	Зеленогорье	1	0
687388	Арпат	0	1
687391	Зеленогорское	1	0
687403	Зелёная Рубановка	0	0
687404	Зелёная Нива	1	0
687438	Новозбурьевка	1	0
687438	Ве́рхний Сейманларко́й	0	1
687438	Збу́рьевка	0	1
687468	Зайцево	0	0
687480	Zaychënki	0	0
687516	Заветное	1	0
687516	Саурчи́	0	1
687517	Заветное	1	0
687517	Яны́ш-Таки́л	0	1
687518	Алма́-Керме́н	0	1
687518	Заветное	0	0
687519	Завет-Ленинский	1	0
687519	Кучу́к-Алкалы́	0	1
687603	Заря	1	0
687603	Ойфленбу́рг	0	1
687649	Заречье	1	0
687649	Дорте́	0	1
687655	Заречное	1	0
687655	Камаджи́	0	1
687656	Заречное	1	0
687656	Шумха́й	0	1
687670	Запрудное	1	0
687670	Дегерменко́й	0	1
687680	Urochishche Zaporozh’ye	0	0
687700	Алекса́ндровск	0	1
687700	Запорожье	0	0
687714	Zaparo-Mar’yevka	0	0
687725	Заозёрное	0	0
687726	Заозерное	1	0
687726	Ялы́-Мойна́к	0	1
687739	Заможное	0	0
687743	Zamost’ye	0	0
687790	Железный порт	0	0
687796	Зализничное	0	0
687799	Рисовое	1	0
687825	Залесное	1	0
687825	Юхары́-Карале́з	0	1
687850	Закотное	0	0
687851	Закотное	0	0
687851	Rakitnoye	0	0
687859	Захаровка	0	0
687865	Захаровка	0	0
687866	Захаровка	0	0
687883	Заградовка	0	0
687904	Загайдаровка	0	0
687917	Задорное	1	0
687917	Чонгурчи́	0	1
687935	Зачатовка	0	0
687987	Вольное	0	0
687987	Vol’noye	0	0
687994	Южное	1	0
687995	Южное	1	0
687995	Султа́н-Сала́	0	1
687995	Султа́новка	0	1
687996	Санаторное	1	0
687996	Мелла́с	0	1
688023	Юрьевка	0	0
688024	Yur’yevka	0	0
688026	Yur’yevka	0	0
688027	Юрьевка	0	0
688028	Yur’yevka	0	0
688040	Kamenka	0	0
688040	Yur’yevka	0	0
688040	Yurovka	0	0
688058	Yurkovka	0	1
688061	Юркино	1	0
688061	Юргаков Кут	0	1
688079	Yul’yevka	0	0
688086	Валентиново	1	0
688086	Юкары́-Джами́н	0	1
688101	Евсуг	0	0
688105	Евпатория	1	0
688111	Евгеновка	0	0
688119	Ерофеево	1	0
688119	Минарели́-Шиба́н	0	1
688122	Ермаково	1	0
688122	Тота́й	0	1
688139	Епифановка	0	0
688148	Енакиево	0	0
688156	Емельяновка	1	0
688156	Джайтамгалы́	0	1
688183	Елизаветовка	0	0
688194	Елисеевка	0	0
688215	Yelënovka	0	0
688217	Еленовка	1	0
688217	Участок № 74 Люксембург	0	1
688244	Катериновка	0	0
688249	Yekaterinofel’d	0	0
688254	Егоровка	0	0
688321	Ястребцы	1	0
688321	Тогунчи́	0	1
688323	Ястребовка	1	0
688323	Теми́р	0	1
688327	Льговское	1	0
688345	Ясногорка	0	0
688349	Yasnaya Polyana	0	0
688355	Ясная Поляна	0	0
688368	Ясиновка	0	0
688373	Ясиноватая	1	0
688378	Ясеновский	0	0
688417	Яровая	0	0
688445	Яркое Поле	1	0
688447	Яркое	1	0
688447	Княже́вичи	0	1
688447	Октоберфе́льд	0	1
688448	Яркое	1	0
688448	Баш-Кирги́з	0	1
688449	Яркое	1	0
688449	Бий-Су-Ковче́	0	1
688500	Ямполовка	0	0
688500	Yampolovka	0	0
688505	Ямполь	0	0
688505	Yampol'	0	0
688532	Ялта	0	0
688533	Ялта	1	0
688564	Яковенково	1	0
688564	Кыз-Ау́л	0	1
688607	Ячменное	1	0
688641	Яблоково	0	0
688679	Високе	1	0
688684	Высокое	1	0
688684	Керменчи́к	0	1
688688	Vysokopol’ye	0	0
688689	Высокополье	0	0
688711	Вишняковка	1	0
688711	Кодага́й	0	1
688732	Днепровка	1	0
688732	Вы́селки	0	1
688732	Чокраклы́-Шейх-Эли́	0	1
688732	Шейх-Эли́	0	1
688742	Выпасное	1	0
688742	Япунджа́	0	1
688804	Вячеславка	0	0
688817	Вулкановка	1	0
688817	Джав-Тобе́	0	1
688840	Врубовский	0	0
688845	Времевка	0	0
688852	Возрождение	1	0
688852	Но́вый Караба́й	0	1
688865	Вознесенка	1	0
688871	Воздвижевка	0	0
688899	Войковский	0	1
688899	Капаны	0	1
688899	Керамзавода имени Войкова	0	1
688899	Копани	0	0
688899	Копаны	0	0
688899	Voykovskiy	0	1
688902	Благодатное	0	0
688902	Войково	0	1
688902	Blagodatnyy	0	0
688902	Mikhaylovka	0	1
688902	Voykovo	0	1
688903	Войково	1	0
688903	Айба́р	0	1
688904	Войково	1	0
688904	Катерлез	0	1
688906	Каменное	0	0
688906	Artel’ Voykova	0	1
688906	Voykovo	0	1
688911	Воеводское	0	0
688929	Восточное	1	0
688929	Уч-Кую́	0	1
688935	Воскресенское	0	0
688952	Восход	1	0
688963	Верхокаменка	1	0
688963	Верхнекаменка	0	0
688963	Vorovskiy	0	1
688963	Vorovskoye	0	1
688971	Voroshilovskiy	0	0
689000	Воронцовка	1	0
689006	Вороново	0	0
689021	Воронки	1	0
689021	Кады́ш	0	1
689035	Ворон	1	0
689041	Воробьёво	1	0
689041	Кудайгу́л	0	1
689046	Vorob’yëvka	0	0
689151	Никольское	1	0
689151	Володарское	0	1
689151	Kal’chik	0	1
689151	Voladarskoye	0	1
689155	Володарск	0	0
689161	Волочаевка	1	0
689161	Смаи́л-Бай	0	1
689184	Vol’noye Pole	0	0
689193	Vol’noye	0	0
689198	Волноваха	0	0
689201	Вольная Украина	0	0
689210	Новая Жизнь	1	0
689232	Волкодаево	0	0
689265	Vol’dorf	0	0
689288	Volch’ye	0	0
689296	Волчеяровка	0	0
689300	Волчанское	0	0
689307	Воинка	1	0
689311	Водянское	0	0
689314	Водяное	0	0
689314	Vodyanoye	0	0
689321	Водяне	1	0
689321	Водяное	0	0
689343	Водопойное	1	0
689343	Керлеу́т	0	1
689346	Водное	1	0
689346	Коя́ш	0	1
689373	Владиславовка	1	0
689374	Владиславовка	1	0
689374	Ой-Кую́	0	1
689401	Владимировка	0	0
689416	Владимировка	0	0
689418	Нововладимировка	0	0
689422	Владимировка	1	0
689422	Бай-Кия́т	0	1
689426	Владимиро-Ильинка	0	0
689483	Vishnëvoye	0	0
689484	Vishnëvskiy	0	0
689489	Vishnëvoye	0	0
689492	Вишенное	1	0
689492	Муша́ш	0	1
689493	Суворово	1	0
689493	Аранчи́	0	1
689497	Вишнёвка	1	0
689497	Тарха́н	0	1
689506	Vishnëvoye	0	0
689531	Виноградове	0	0
689531	Виноградово	0	0
689532	Виноградово	1	0
689532	Боз-Оглу́-Монтана́й	0	1
689532	Бузул-Монтанай	0	1
689551	Виноградное	1	0
689551	Чоку́л ру́сский	0	1
689552	Виноградное	1	0
689584	Вольнянск	0	0
689586	Вольноулановское	0	0
689586	Vil’no-Ulyanovskiye	0	0
689586	Vol’noulanovskoye	0	0
689587	Вольнокурьяновское	0	0
689587	Vol’nokur’yanovskoye	0	0
689595	Вилино	1	0
689595	Бурлю́к	0	1
689620	Викторовка	0	0
689634	Видное	1	0
689634	Роза́льевка	0	1
689651	Ветровка	1	0
689651	Боз-Оглу-Гросс	0	1
689652	Ветрянка	1	0
689652	Черке́з Неме́цкий	0	1
689652	Черке́з Тата́рский	0	1
689667	Весёлое-Второе	0	0
689667	Vesëloye-Vtoroye	0	0
689675	Vesëlyy Podol	0	0
689702	Весёлое	0	0
689704	Vesëlyy	0	0
689705	Vesëlyy	0	0
689720	Vesëloye Pole	0	0
689730	Весёлое	0	0
689736	Весёлое	0	0
689738	Весёлое	1	0
689739	Vesëloye	0	0
689740	Веселое	1	0
689740	Весёлое	0	0
689740	Кутлак	0	1
689740	Veseloe	0	0
689740	Vesëloye	0	0
689746	Весёловка	1	0
689746	Ота́ры	0	1
689755	Vesëlen’kaya	0	0
689757	Vesëlaya Tarasovka	0	1
689757	Veselo-Tarasovka	0	1
689759	Веселая Гора	0	0
689760	Vesëlaya Gora	0	0
689772	Весёлое	1	0
689772	Атма́н	0	1
689788	Вершина	0	0
689821	Верхоречье	1	0
689821	Бия́-Сала́	0	1
689829	Верх.Терса	0	0
689836	Верхнекурганное	1	0
689836	Ве́рхняя Асма́	0	1
689851	Верх.Дуванка	0	0
689863	Верх.Токмак	0	0
689868	Верхний Рогачик	0	0
689869	Verkhniy Nagol’chik	0	0
689900	Верхнеторецкое	0	0
689905	Верхнесадовое	1	0
689905	Дуванко́й	0	1
689918	Верхнебогдановка	0	0
689944	Вересаево	1	0
689944	Комзе́товка	0	1
689944	Курулу́-Кенеге́	0	1
689965	Вербовое	0	0
690029	Розовка	0	0
690059	Вел.Мешково	0	0
690063	Великое	1	0
690063	Алчи́н	0	1
690063	Алчи́н-Фрайга́н	0	1
690067	Великотск	0	0
690069	Великоселье	1	0
690069	Таганашми́н	0	1
690069	Тогана́ш-Мин	0	1
690165	Великие Копани	0	0
690203	Большая Знаменка	0	0
690216	Вел.Шишовка	0	0
690247	Большая Лепетиха	0	1
690247	Великая Лепетиха	0	0
690271	Большечерниговка	0	0
690281	Великая Белозёрка	0	0
690288	Великая Александровка	0	0
690339	Vasil’yevskiy	0	0
690340	Vasil’yevskiy	0	0
690341	Vasil’kovoye	0	0
690367	Vasil’yevka	0	0
690369	Vasil’yevka	0	0
690372	Vasil’yevka	0	0
690397	Васильевка	1	0
690410	Васильковое	1	0
690410	Аппа́к-Джанко́й	0	1
690410	Vasil’kovo	0	0
690449	Варваровка	0	0
690465	Варваровка	0	0
690466	Варваровка	1	0
690501	Валуйское	0	0
690515	Валерьяновка	0	0
690524	Вахрушево	0	0
690555	Уютное	1	0
690555	Тотана́й	0	1
690556	Уютное	1	0
690556	Ота́р-Мойна́к	0	1
690558	Пруды	1	0
690558	Ишу́нь Болга́рский	0	1
690566	Уварово	1	0
690566	Бра́нное По́ле	0	1
690566	Кия́т	0	1
690618	Успеновка	0	0
690619	Успеновка	0	0
690621	Успеновка	0	0
690629	Успенка	0	0
690630	Успенка	0	0
690649	Смушкино	1	0
690649	Уржино	0	1
690652	Русское	1	0
690652	Уру́с-Ходжа́	0	1
690655	Урожайне	1	0
690656	Урожайное	1	0
690656	Фернгейм	0	1
690664	Весна	0	0
690664	Uritskoye	0	1
690668	Луговое	1	0
690668	Урчу́к	0	1
690673	Урало-Кавказ	1	0
690695	Ульяновское	0	0
690695	Ul’yanovskoye	0	0
690712	Малиновка	0	0
690712	Ульяновка	0	1
690712	Ul’yanovka	0	1
690715	Ульяновка	0	0
690730	Ульяновка	1	0
690730	Даучи́	0	1
690732	Ульяновка	1	0
690732	Султа́н-Сара́й	0	1
690758	Панфиловка	1	0
690764	Но́во-Сара́буз	0	1
690764	Укромное	0	0
690768	Украинка	1	0
690768	Кадыэскерко́й	0	1
690768	Тубенко́й	0	1
690768	Украи́нское	0	1
690771	Украинск	0	0
690782	Украинка	1	0
690782	Червоная Украина	0	1
690782	Chervonaya Ukrainka	0	1
690820	Угловое	1	0
690820	Аджи́-Була́т	0	1
690822	Углегорск	0	0
690823	Угледар	0	0
690836	Уделенское	0	0
690838	Ударное	1	0
690838	Бочала́	0	1
690841	Удачное	0	0
690844	Удачное	1	0
690844	Ишу́нь	0	1
690844	Эсе́н-Бак-Ишу́нь	0	1
690845	Колодезное	1	0
690845	Учку́й-Тарха́н	0	1
690856	Высокогорное	1	0
690856	Тюзлер	0	1
690867	Зерновое	1	0
690867	Тюбе́й	0	1
690916	Присивашное	1	0
690916	Тузлы́-Шейх-Эли́	0	1
690973	Тургеневка	1	0
690973	Теберти́	0	1
691032	Клёновка	1	0
691032	Скворцо́во	0	1
691032	Туата́й	0	1
691037	Алешки	1	0
691037	Алёшки	0	0
691037	Цюрупинск	0	1
691059	Цветочное	1	0
691059	Но́вая Бурульча́	0	1
691064	Цветково	1	0
691064	Чиче́	0	1
691077	Цукурино	0	0
691133	Tsentral’no-Bokovskiy	0	0
691133	Tsentral’no-Bokovskoy	0	0
691138	Целинное	1	0
691138	Кырк-Чипче́	0	1
691156	Tsarëvyy	0	0
691159	Tsarëvka	0	0
691160	Пушкино	1	0
691160	Царе́квичи	0	1
691213	Трудолюбовка	0	0
691219	Трудолюбовка	1	0
691219	Кобе́к	0	1
691220	Трудолюбовка	1	0
691220	Но́вый Бодра́к	0	1
691236	Трояны	0	0
691279	Троицкое	0	0
691282	Троицкое	0	0
691293	Троицко-Харцызск	0	0
691300	Трофимовка	0	0
691330	Trembachëvo	0	0
691331	Трехизбенка	0	0
691341	Трактовое	1	0
691341	Джума́-Абла́м	0	1
691345	Ковыльное	1	0
691345	Той-Тебе́	0	1
691354	Тошковка	0	0
691355	Тошківка	1	0
691355	Тошковка	0	0
691358	Торское	0	0
691374	Чистяково	1	0
691374	Торез	0	1
691374	Chistyakovo	0	0
691374	Sloboda Alekseevka	0	1
691374	Tschistjakowo	0	0
691397	Тополёвка	1	0
691397	Топлы́	0	1
691412	Tonen’kiy	0	0
691430	Томашевка	1	0
691469	Токмак	0	0
691480	Токарево	1	0
691480	Джамчи́	0	1
691485	Токаревка	0	0
691526	Тимошівка	1	0
691527	Тимоново	0	0
691535	Тимофеевка	0	0
691542	Тимирязево	1	0
691542	Карангу́т-Ойра́т	0	1
691542	Каранку́т Ру́сский	0	1
691562	Тихий Гай	0	0
691562	Tikhiy Gay	0	0
691603	Терпіння	1	0
691608	Терны	0	0
691634	Терновка	1	0
691634	Ста́рые Шули́	0	1
691639	Терноватое	0	0
691656	Спокойное	1	0
691656	Терменчи́	0	1
691701	Теплое	0	0
691701	Tëploye	0	0
691704	Тепловка	1	0
691704	Контуга́н	0	1
691705	Теплогорск	0	0
691721	Маслово	1	0
691721	Тенсу́	0	1
691723	Тенистое	1	0
691723	Калымта́й	0	1
691735	Темировка	0	0
691741	Бойковское / Тельманово	1	0
691741	Тельманово	0	1
691741	Tel’manovo	0	1
691777	Таврическое	1	0
691777	Карт-Каза́к № 3	0	1
691788	Tat’yanovka	0	0
691806	Клепинино	1	0
691806	Ташлы́-Кипча́к	0	1
691842	Островское	1	0
691842	Тарха́н-Суна́к	0	1
691846	Дворовое	1	0
691846	Тарха́н	0	1
691863	Тарасовка	0	0
691876	Tarasovka	0	1
691888	Тарасовка	0	0
691892	Тарасовка	0	0
691918	Танюшевка	0	0
691919	Танковое	1	0
691919	Бию́к-Сюре́нь	0	1
691920	Сары-Баш	1	0
691920	Та́нино	0	1
691947	Талаковка	0	0
691970	Табачное	1	0
691970	Аджи́-Ахма́т	0	1
691971	Табачное	1	0
691999	Северодонецк	0	0
692004	Sychëvka	0	0
692016	Святогорск	0	0
692016	Banno-Tat’yanovka	0	0
692017	Святогоровка	0	0
692028	Свободное	0	0
692048	Свистуновка	0	0
692085	Светлое	1	0
692085	Тама́к-Кирги́з	0	1
692085	Я́нцево	0	1
692093	Светлодарск	0	0
692105	Свердловск	0	1
692105	Село имени Свердлова	0	1
692105	Sverdlovs'k	0	1
692106	Свердловское	1	0
692106	Девле́т-Али́	0	1
692107	Свердлово	0	1
692107	Холодное	0	0
692107	Sverdlovo	0	1
692118	Сватове	1	0
692118	Сватово	0	0
692134	Суворовское	1	0
692134	Бога́й	0	1
692170	Сусанино	1	0
692170	Бию́к-Буза́в	0	1
692248	Степногорск	0	0
692254	Суходольск	0	0
692297	Борисовка	1	0
692297	Суи́н-Эли́	0	1
692315	Судак	1	0
692325	Стыла	0	0
692338	Стульнево	0	0
692403	Stroitel’	0	0
692409	Строгановка	0	0
692410	Строгоновка	1	0
692410	Мама́к	0	1
692433	Стрельцовка	0	0
692505	Столбовое	1	0
692505	Мечетлы́-Кита́й	0	1
692506	Столбовое	1	0
692506	Курулу́	0	1
692534	Стерегущее	1	0
692534	Ве́рхний Бака́л	0	1
692556	Ботаническое	1	0
692556	Аи́п	0	1
692557	Степное	1	0
692557	Камба́ры	0	1
692559	Степное	0	0
692561	Степное	1	0
692561	Муни́й	0	1
692587	Степановка	0	0
692592	Степанівка	1	0
692592	Степановка	0	0
692608	Степано-Крынка	0	0
692624	Стельмаховка	0	0
692626	Стефановка	1	0
692667	Stavkhi	0	0
692667	Stavki	0	0
692713	Старый Крым	0	0
692714	Старый Крым	1	0
692721	Алмазное	1	0
692721	Ста́рый Керлеу́т	0	1
692723	Долинка	1	0
692723	Ста́рый Карагу́рт	0	1
692806	Старопетровка	0	0
692808	Старомлыновка	0	0
692810	Старомихайловка	0	0
692812	Старомайорское	0	0
692822	Старогнатовка	0	0
692825	Стародубовка	0	0
692829	Старобешево	1	0
692829	Старобешеве	0	0
692831	Starobel’skiy	0	0
692832	Старобельск	0	0
692833	Мироновка	1	0
692833	Ста́ро-Баяу́т	0	1
692849	Старченково	0	1
692849	Темрюк	0	0
692884	Старая Маячка	0	0
692887	Староласпа	0	0
692944	Станіслав	1	0
692953	Станица Луганская	0	0
692953	Luganskaya	0	0
692953	Stanichnno-Luganskoye	0	0
692953	Stanichno Luganskaya	0	0
692953	Stanichno-Luganskoye	0	0
692960	Стальное	1	0
692960	Бары́н	0	1
692974	Стахановка	1	0
692974	Бешу́й-Иля́к	0	1
692975	Кадиевка	1	0
692975	Стаханов	0	0
693004	Степное	0	0
693021	Свиридоновка	0	0
693026	Спеваковка	0	0
693031	Спасско-Михайловка	0	0
693038	Спасовка	1	0
693055	Советское	1	0
693055	Мише́н-Найма́н	0	1
693055	Найма́н	0	1
693056	Советское	1	0
693062	Советский	1	0
693062	Ички́	0	0
693070	Сатера	1	0
693154	Соляное	1	0
693165	Соловьёвка	1	0
693165	Аталы́к-Эли́	0	1
693218	Солнечногорское	1	0
693219	Солнечная Долина	1	0
693219	Коз	0	1
693219	Ко́зы	0	1
693220	Красная Слобода	1	0
693220	Солла́р	0	1
693222	Солидарное	0	0
693223	Солидарное	0	0
693226	Солёное Озеро	1	0
693226	Тогана́ш	0	1
693243	Соль	0	0
693246	Соколы	1	0
693246	Аманша́ Евре́йская	0	1
693246	Ойфгонг	0	1
693269	Сокологорное	0	0
693272	Соколиное	1	0
693272	Кокко́зы	0	1
693283	Ильинка	1	0
693283	Вило́р	0	1
693283	Но́вый Джелиша́й	0	1
693302	Sof’ye-Kondrat’yevka	0	0
693304	Софиевский	0	0
693305	Валовое	0	0
693339	Софиевка	0	0
693372	Олива	1	0
693372	Ве́рхняя Мухала́тка	0	1
693381	Снежное	1	0
693421	Смоляное	0	0
693435	Смирново	0	0
693468	Славянск	0	0
693469	Славяносербск	1	0
693571	Славянское	1	0
693571	Сады́р	0	1
693588	Славное	1	0
693588	Бака́л Тата́рский	0	1
693596	Slavyans’ke	0	0
693601	Сладководное	0	0
693611	Скворцово	1	0
693611	Ста́рые Ле́зы	0	1
693611	Ста́рый Лез	0	1
693612	Скворцовка	0	0
693641	Скородная	0	0
693698	Скалистое	1	0
693698	Тав-Бодра́к	0	1
693709	Скадовск	0	0
693712	Сизовка	1	0
693712	Сая	0	1
693726	Сивашское	0	0
693727	Сивашовка	0	0
693754	Сиротино	0	0
693755	Сиротино	0	0
693781	Калиновка	1	0
693781	Калинино	0	1
693781	Kalinino	0	1
693781	Sinitsinskiy	0	1
693802	Симоненко	1	0
693802	Ильгери́-Абла́м	0	1
693802	Эльгеры́-Абла́м	0	1
693805	Симферополь	1	0
693809	Симеиз	1	0
693889	Шульгинка	0	0
693901	Шубино	1	0
693901	Бай-Коджа́	0	1
693901	Шу́бино-Байгоджа́	0	1
693903	Штурмовое	1	0
693903	Новые Шули	0	1
693905	Штормово	0	0
693917	Шпотино	0	0
693938	Шотовка	0	0
694007	Шишкино	1	0
694007	Найдорф	0	1
694023	Широке	0	0
694024	Широкое	0	0
694030	Пшеничное	1	0
694030	Каранги́т	0	1
694030	Октябрьдо́рф	0	1
694031	Широкое	1	0
694031	Переселенческий участок № 66	0	1
694033	Широкое	1	0
694033	Бию́к-Муско́мья	0	1
694044	Широкий	0	0
694053	Широкино	0	0
694058	Широкая Балка	0	0
694076	Шипиловка	0	0
694103	Лебединка	1	0
694103	Шейх-Мана́й	0	1
694104	Заливное	1	0
694104	Шейхле́р	0	1
694106	Партизаны	1	0
694106	Шейх-Эли́	0	1
694108	Verkhnyaya Shevyrevka	0	0
694145	Шевченково	0	0
694167	Шевченко	0	0
694168	Шевченко	0	0
694240	Shëlokovyy	0	0
694245	Шелковичное	1	0
694245	Теме́ш	0	1
694250	Шелестівка	0	0
694266	Щурово	0	0
694266	Schurovo	0	0
694266	Shchurovo	0	0
694281	Щетово	0	0
694290	Щербинівка	1	0
694314	Абрикосовка	1	0
694314	Унгу́т	0	1
694320	Щебетовка	1	0
694340	Шаровка	0	0
694363	Шандриголово	0	0
694374	Шалаши	1	0
694374	El’tok	0	1
694377	Шахтне	1	0
694377	Шахтное	0	0
694378	Шахтино	1	0
694378	Ак-Кобе́к	0	1
694381	Shakhtërskiy	0	0
694382	Шахтёрск	1	0
694382	Шахтерск	0	0
694382	Shakhtërsk	0	0
694397	Шабельковка	0	0
694403	Северск	1	0
694406	Северо-Гундоровский	0	0
694409	Северный	0	0
694410	Северное	0	0
694411	Северное	1	0
694411	Джела́л	0	1
694415	Северное	1	0
694415	Чеголта́й Неме́цкий	0	1
694423	Севастополь	0	0
694447	Сергеевка	0	0
694449	Сергеевка	0	0
694463	Сергеевка	0	0
694466	Сергеевка	0	0
694494	Серебрянка	0	0
694495	Серебрянка	1	0
694495	Октябрьдо́рф	0	1
694504	Сердитое	0	0
694526	Сентяновка	0	0
694533	Сенное	1	0
694533	Танагельды́	0	1
694554	Семисотка	1	0
694563	Семикозовка	0	0
694574	Семидворье	1	0
694579	Сімейкине	1	0
694579	Семейкино	0	0
694620	Семеновка	0	0
694622	Semënovka	0	0
694624	Семёновка	0	0
694627	Семёновка	1	0
694627	Китень Русский	0	1
694677	Селидово	0	0
694680	Seleznëvka	0	0
694712	Сэдове	1	0
694712	Седово	0	0
694725	Счастье	1	0
694728	Счастливое	1	0
694728	Бию́к-Озенба́ш	0	1
694763	Savel’yevka	0	0
694790	Алексеевка	1	0
694790	Сартана́	0	1
694791	Тарасовка	1	0
694791	Сарона́	0	1
694803	Лучевое	1	0
694803	Сарги́л	0	1
694841	Самойловка	0	0
694881	Салтычия	0	0
694906	Передовое	1	0
694910	Саки	1	0
694955	Садовое	1	0
694955	Но́во-Цари́цыно	0	1
694956	Sadovo-Khrustal’nenskiy	0	0
694983	Красноярское	1	0
694983	Сачал	0	1		1948
694983	Сычево	0	0
695022	Рылеевка	1	0
695022	Карчига́	0	1
695029	Рыбянцево	0	0
695039	Рыбинское	0	0
695053	Рыбачье	1	0
695053	Туа́к	0	1
695120	Русаковка	1	0
695120	Коке́й Ру́сский	0	1
695137	Рудовка	0	0
695265	Ручьи	1	0
695265	Копкары́ Неме́цкие	0	1
695266	Рубцы	0	0
695274	Рубежное	1	0
695285	Рубанівка	1	0
695302	Александрополь	1	0
695302	Олександрополь	0	0
695302	Rozovka	0	1
695302	Shakhovo	0	1
695303	Розовка	0	0
695304	Розовка	0	0
695307	Розівка	1	0
695331	Риздвянка	0	0
695339	Водяное	0	0
695347	Розы Люксембург	0	0
695349	Маковское	1	0
695349	Асан-Ба́й Гре́ческий	0	1
695353	Роза	0	0
695357	Курахово	0	0
695371	Ровное	1	0
695371	Аджи́-Атма́н	0	1
695379	Ровеньки	1	0
695379	Roven’ki	0	0
695409	Россошанка	1	0
695409	Саватка	0	1
695441	Розкішне	1	0
695441	Роскошное	0	0
695444	Роскошное	1	0
695444	Сеи́т-Була́т Но́вый	0	1
695469	Ромашкино	1	0
695469	Ико́р	0	1
695469	Соку́р-Кой	0	1
695477	Романово	1	0
695477	Арги́н-Табечи́к	0	1
695571	Родное	1	0
695571	Уппа́	0	1
695572	Родниковое	1	0
695572	Скеля	0	1
695574	Родниково	1	0
695574	Старый Кулчу́к	0	1
695581	Родинское	1	0
695581	Khutor Liman	0	1
695581	Krasnyy Liman	0	1
695581	Liman	0	1
695585	Родаково	0	0
695634	Першотравневое	0	0
695646	Резервное	1	0
695646	Кучук-Мускомья	0	0
695646	Kuchuk-Muskom’ya	0	1
695661	Репино	1	0
695661	Бию́к-Яшла́в	0	1
695669	Речное	1	0
695669	Караба́й-Вальц	0	1
695669	Караба́й-Ива́новка	0	1
695716	Разумовка	0	0
695732	Razdol’ye	0	0
695733	Раздолье	1	0
695733	Дортку́ль	0	1
695736	Razdol’nyy	0	0
695738	Раздольное	0	0
695738	Razdol’noye	0	0
695740	Раздольное	1	0
695740	Razdol’noye	0	0
695762	Райгородок	0	0
695770	Rayëvka	0	0
695771	Rayëvka	0	0
695774	Рай-Александровка	0	0
695778	Равнополье	0	0
695778	Ravnopol’ye	0	0
695780	Ровнополь	0	0
695798	Розсипне	1	0
695801	Рассыпное	0	0
695805	Распасеевка	0	0
695883	Отрадное	0	0
695930	Раденск	1	0
695970	Пятихатка	1	0
695970	Бешу́й-Эли́	0	1
696005	Putnëv	0	0
696010	Путиловка	0	0
696010	Путиловский край	0	0
696040	Пушкино	1	0
696040	Эсен-Эки́	0	1
696077	Птаховка	0	0
696113	Прямое	1	0
696113	Булатчи́	0	1
696128	Пруды	1	0
696128	Абле́ш	0	1
696130	Прозрачное	1	0
696130	Тереклы́-Аба́ш	0	1
696131	Проезжее	0	0
696133	Proval’ye	0	0
696152	Просторное	1	0
696152	Шири́н Но́вый	0	1
696162	Promin’	0	0
696164	Пролом	1	0
696169	Пятиполье / Пролетарское	1	0
696169	Proletariy	0	1
696169	Proletarskoye	0	1
696169	Pyatipol’ye	0	0
696172	Пролетарское	0	0
696205	Приютное	0	0
696216	Приволье	0	0
696218	Привілля	1	0
696218	Приволье	0	0
696219	Приволье	0	0
696221	Privol’ye	0	0
696222	Privol’noye	0	0
696222	Privol’ye	0	0
696226	Privol’noye	0	0
696232	Привольное	0	0
696233	Приветное	1	0
696233	Боле́к-Аджи́	0	1
696233	Привольное	0	1
696234	Привольное	1	0
696234	Тауша́н-База́р	0	1
696239	Приветное	1	0
696240	Приветное	1	0
696240	Уску́т	0	1
696262	Пришиб	0	0
696275	Приозерное	1	0
696275	Чуруба́ш	0	1
696279	Приморское	0	0
696280	Сартана	1	0
696280	Приморское	0	0
696291	Приморский	1	0
696291	Дальние Камыши	0	1
696292	Приморск	0	0
696306	Пригорье	0	0
696306	Prigor’ye	0	0
696313	Придорожное	1	0
696313	Дюрме́нь	0	1
696332	Покровка Вторая	0	1
696332	Приазовское	0	0
696339	Преслав	0	0
696342	Преображенное	0	0
696355	Прелестное	0	0
696358	Предмостное	1	0
696358	Тюп-Джанко́й	0	1
696362	Пречистовка	0	0
696366	Правдовка	0	1
696366	Старая Николаевка	0	0
696366	Pravdovka	0	1
696366	Prawdowka	0	1
696366	Staraya Nikolayevka	0	0
696371	Правда	1	0
696371	Дер-Э́мес	0	1
696464	Посад-Покровское	0	0
696471	Портовое	1	0
696471	Сары́-Була́т	0	1
696484	Порфирьевка	1	0
696536	Поповка	0	0
696539	Поповка	1	0
696566	Попасная	0	0
696575	Понизовка	1	0
696575	Ни́жний Кикинеи́з	0	1
696600	Поляновка	0	0
696614	Поляна	1	0
696633	Полтавское	1	0
696633	Манги́т № 2	0	1
696633	Чегердикчи́-Мангы́т	0	1
696638	Полтавка	0	0
696653	Половинкино	0	0
696677	Пологи	0	0
696717	Покровское	0	0
696718	Покровское	0	0
696728	Kumachëvo	0	0
696733	Покровка	0	0
696835	Подстепное	0	0
696851	Подовое	0	0
696855	Подовка	0	0
696879	Подо-Калиновка	0	0
696940	Подгоровка	0	0
696954	Подгорное	0	0
696960	Подгорное	1	0
696960	Джанкой	0	1
696961	Подгорное	1	0
696961	Календо	0	1
696999	Почтовое	1	0
697024	Победное	1	0
697024	Тарханла́р	0	1
697025	Победное	1	0
697025	Шиба́нь	0	1
697031	Побэда	1	0
697032	Победа	0	0
697077	Плодовое	1	0
697077	Азе́к	0	1
697079	Плодородное	1	0
697079	Кок-Теи́н	0	1
697079	Коктеи́н-Берли́н	0	1
697120	Платоновка	0	0
697124	Коктебель	1	0
697124	Planers’ke	0	0
697203	Пионерское	1	0
697203	Джолма́н	0	1
697255	Пивневка	0	0
697274	Пазено	1	0
697274	Петровское	0	1
697276	Петровское	0	0
697278	Петровское	0	0
697280	Петровское	0	0
697356	Петровка	0	0
697363	Новоспасское	1	0
697363	Петровка	0	1		2024
697387	Петровка	0	0
697391	Петровка	0	0
697393	Петровка	0	0
697396	Петровка	1	0
697398	Петровка	1	0
697398	Ве́рхний Джаба́ч	0	1
697401	Petroven’ki	0	0
697415	Петропавловка	0	0
697437	Петропавловка	0	0
697441	Петро-Михайловка	0	0
697484	Песочное	1	0
697484	Мескечи́	0	1
697502	Пески	0	0
697529	Песчаное	0	0
697530	Песчаное	1	0
697530	Алма́-Тама́к	0	1
697531	Песчановка	0	0
697546	Первозвановка	0	0
697565	Першотравневое	1	0
697568	Первомайское	1	0
697568	Джурчи́	0	1
697579	Первомайское	0	0
697588	Первомайское	1	0
697588	Бейтаны́ш	0	1
697590	Первомайск	0	0
697592	Первомайск	0	0
697601	Першоконстантиновка	0	0
697601	Pervokonstantinovka	0	0
697613	Мангуш	1	0
697613	Першотравневе	0	0
697613	Першотравневое	0	0
697624	Перово	1	0
697624	Бадана́	0	1
697650	Перевальск	0	0
697652	Переваловка	1	0
697652	Эльбузлы́	0	1
697653	Перевальное	1	0
697653	Ангара́	0	1
697687	Перепёлкино	1	0
697687	Камба́р-Ваку́ф	0	1
697700	Переможное	0	0
697729	Перекоп	1	0
697742	Передовое	1	0
697742	Уркуста́	0	1
697771	Пелагеевка	0	0
697809	Пчельники	1	0
697809	Аранд	0	1
697811	Пчелиное	1	0
697811	Куртлу́к	0	1
697839	Павловка	0	0
697874	Павловка	0	0
697876	Павловка	0	0
697878	Павловка	1	0
697878	Керлеу́т	0	1
697886	Павлополь	0	0
697918	Pas’kovo	0	0
697956	Новопавловка	0	0
697956	Партизаны	0	1
697956	Novaya Pavlovka	0	0
697956	Novo-Pavlovka	0	0
697956	Partizany	0	1
697957	Партизаны	0	1
697957	Рыково	0	0
697958	Аджимушкай	1	0
697959	Партизанское	1	0
697959	Сабла́	0	1
697959	Саблы́	0	1
697960	Прохладное	1	0
697960	Ма́нгуш	0	1
697960	Партиза́нское	0	1
697969	Парковое	1	0
697974	Макаров Яр	1	0
697974	Пархоменко	0	1
697974	Makarov Yar	0	0
698006	Пантелеймоновка	0	0
698019	Pan’kovka	0	0
698020	Pan’kovka	0	0
698034	Памятник	0	0
698106	Мельники	1	0
698106	Шавха́л	0	1
698134	Овощное	1	0
698134	Так-Бузар	0	1
698140	Овчарово	0	0
698157	Отрадное	1	0
698157	Ханышко́й	0	1
698158	Плотинное	1	0
698158	Га́вро	0	1
698159	Отрадное	1	0
698159	Магара́ч	0	1
698164	Отрадовка	0	0
698165	Открытое	1	0
698165	Найн-Бронт	0	1
698200	Островское	1	0
698200	Кия́т	0	1
698202	Островское	1	0
698265	Осовины	1	0
698282	Осокоровка	0	0
698294	Холодовка	1	0
698294	Османчи́к	0	1
698316	Осипенко	0	0
698319	Осиново	0	0
698356	Орлянское	0	0
698356	Orlyanskoye	0	1
698357	Орлянка	1	0
698360	Орловское	1	0
698360	Бай-Болу́ш	0	1
698360	Сырт-Бий-Болу́ш	0	1
698364	Орлово	0	0
698376	Орлівка	1	0
698376	Орловка	0	0
698377	Орловка	1	0
698377	Бий-Орлю́к	0	1
698391	Орлиное	1	0
698391	Байда́ры	0	1
698420	Ореховка	0	0
698428	Орехов	0	0
698430	Ореанда	1	0
698438	Орджоникидзе	1	0
698466	Оползневое	1	0
698466	Кикинеи́з	0	1
698468	Опасное	0	0
698545	Ольховое	0	0
698559	Ol’khovchik	0	0
698572	Ol’govka	0	0
698573	Ольговка	0	0
698578	Ol’ginskoye	0	0
698584	Ольгинка	0	0
698614	Оленовка	0	0
698634	Окунёвка	1	0
698634	Беши́	0	1
698634	Тарпанчи́	0	1
698641	Октя́брьское	0	1
698641	Шахово	0	0
698641	Oktyabr’skoye	0	1
698642	Oktyabr’skoye	0	0
698644	Керменчик	1	0
698644	Oktyab’skiy	0	0
698644	Oktyabr’skiy	0	1
698644	Oktyabr’skoye	0	1
698645	Октябрьское	0	0
698645	Стретенка	0	0
698645	Oktyabr’skoye	0	0
698648	Октябрьское	1	0
698648	Юдендо́рф	0	1
698649	Привольное	1	0
698649	Коджамба́к	0	1
698649	Октя́брьское	0	1
698650	Октябрьское	1	0
698650	Джепа́р-Юрт	0	1
698651	Октябрьское	1	0
698652	Бию́к-Онла́р	0	0
698652	Октябрьское	0	0
698656	Oktyabr’skiy	0	0
698660	Чирилянское / Октябрьское	1	0
698660	Oktyabr’skiy	0	1
698660	Oktyabr’skoye	0	1
698661	Александровское / Октябрьское	1	0
698661	Александровское	0	0
698661	Октябрьское	0	1
698661	Oktyabr’skiy	0	1
698661	Oktyabr’skoye	0	1
698661	Oktyabrs’ke	0	1
698663	Октябрь	1	0
698663	Бай-Конче́к Ру́сский	0	1
698663	Байгончи́к Ру́сский	0	1
698664	Oktoberfel’d	0	0
698690	Охотское	1	0
698690	Алике́ч	0	1
698692	Охотниково	1	0
698692	Джага́-Кущу́	0	1
698711	Огородное	1	0
698711	Таш-Кую́	0	1
698711	Таш-Кую́-Кенеге́з	0	1
698712	Огоньки	1	0
698712	Орта́-Эли́	0	1
698713	Огни	1	0
698713	Бай-Оглу́-Кипча́к	0	1
698714	Огневое	1	0
698714	Оте́ш	0	1
698724	Орденоносное	1	0
698724	Аджа́й-Кат	0	1
698759	Очеретино	0	0
698800	Оборонное	1	0
698800	Камара	0	1
698811	Obloi Tret’i	0	0
698818	Обиточное	0	0
698819	Обиточное	0	0
698819	Obitochnoye	0	0
698861	Новий Світ	1	0
698861	Нов.Свет	0	0
698866	Новый Свет	1	0
698897	Rozdol’noye	0	0
698907	Нов.Комар	0	0
698914	Новый Гай	0	0
698922	Novyye Tërny	0	0
698935	Новые Лагери	0	0
698958	Проточное	1	0
698958	Но́вый Баяу́т	0	1
698964	Новое	0	0
698973	Новозлатополь	0	0
698976	Новожиловка	1	0
698976	Бешара́н-Ота́р	0	1
698977	Ново-Зелёная	0	0
698977	Novo-Zelënaya	0	0
699002	Новоелизаветовка	0	0
699016	Дубки	1	0
699016	Но́вое Будке́	0	1
699023	Новоянисоль	0	0
699034	Нововоронцовка	0	0
699038	Нововодяное	0	0
699038	Novovodyanoye	0	0
699039	Нововодяное	0	0
699055	Novovasil’yevka	0	0
699058	Нововасилевка	0	0
699059	Нововасилевка	0	0
699060	Нововасильевка	1	0
699061	Нововасилевка	0	0
699072	Новоульяновка	1	0
699072	Отарчи́к	0	1
699083	Новоукраинка	0	0
699086	Новоукраинка	0	0
699089	Мальвы	0	0
699089	Mal’vy	0	0
699092	Новотроицкое	0	0
699092	Novo-Troitskiy	0	0
699092	Novotroitskoye	0	0
699096	Новотроицкое	0	0
699098	Новотроицкое	0	0
699100	Новотроицкое	0	0
699121	Новосветловка	0	0
699128	Новострельцовка	0	0
699130	Новостепное	1	0
699130	Но́во-Джанко́й	0	1
699175	Новосельцево	1	0
699175	Ак-Шеих	0	1
699179	Новосёловское	1	0
699179	Фрайдорф	0	1
699185	Новоселовка	0	0
699190	Novosëlovka	0	0
699194	Novosëlovka	0	0
699197	Novosëlovka	0	0
699200	Novosëlovka	0	0
699208	Novosëlovka	0	0
699212	Novosëlovka	0	0
699218	Новосёловка	1	0
699218	Ново-Шебетеевка	0	1
699218	Шепетеевка	0	1
699219	Новосёловка	0	0
699301	Новороссошь	0	0
699307	Новореповка	0	0
699311	Новопсков	0	0		2024
699318	Новополье	1	0
699318	Яни́-Сала́	0	1
699321	Новополтавка	0	0
699333	Новопокровка	1	0
699333	Бузавчи́	0	1
699334	Полтавка	1	0
699334	Новопокро́вка	0	1
699343	Петровское	0	0
699351	Садовое / Новопетровское	1	0
699351	Садо́вое	0	0
699351	Novopetrovka	0	1
699351	Novopetrovskoye	0	1
699351	Nowopetrowskoje	0	1
699351	Nowopetrowsskoje	0	1
699361	Новопетровка	0	0
699363	Новопетриковка	0	0
699388	Новопавловка	1	0
699391	Новоотрадное	1	0
699391	Аджи́-Бай	0	1
699398	Новоникольское	0	0
699399	Новоникольское	0	0
699409	Новониколаевка	0	0
699413	Новониколаевка	0	0
699431	Новониколаевка	0	0
699433	Новониколаевка	0	0
699437	Новониколаевка	1	0
699437	Кача́н	0	1
699437	Кача́н-Беш-Кую́	0	1
699439	Новонаталовка	0	0
699448	Новомлыновка	0	0
699458	Новомихайловка	0	0
699467	Новомихайловка	0	0
699470	Новомихайловка	0	0
699475	Novomar’yevka	0	0
699485	Novolimarëvka	0	0
699493	Новокрымское	1	0
699493	Борла́к-Тама́	0	1
699495	Novo-Krisorozh’ye	0	0
699495	Novokrivorozh’ye	0	0
699497	Новокраснянка	0	0
699511	Новоклёново	1	0
699511	Учкоз	0	1
699516	Новокиевка	0	0
699528	Новокаменка	0	0
699532	Новоивановское	0	0
699547	Новоивановка	0	0
699548	Новоивановка	1	0
699549	Новоивановка	1	0
699550	Новоивановка	1	0
699555	Новогупаловка	0	0
699557	Новогродовка	0	0
699572	Novogrigor’yevka	0	0
699582	Новогригорівка	1	0
699582	Новогригоровка	0	0
699583	Новогригорьевка	1	0
699584	Новогригорьевка	0	0
699606	Novofëdorovka	0	0
699607	Новофедоровка	1	0
699608	Новофёдоровка	1	0
699610	Новоэкономическое	0	0
699612	Дудчино	0	0
699615	Новодружеск	0	0
699617	Новодонецкое	0	0
699619	Восход	1	0
699619	Найле́бен	0	1
699629	Новодмитриевка Первая	0	0
699636	Novo-Dar’yevka	0	0
699641	Новоданиловка	0	0
699643	Новочервоное	0	0
699644	Novochernomor’ye	0	0
699646	Коренное	1	0
699646	Но́во-Чемба́й	0	1
699653	Новоборовое	0	0
699654	Новоборовицы	0	0
699657	Новобогданівка	1	0
699659	Новобобровка	0	0
699663	Novo-Berëzovka	0	0
699670	Новобелая	0	0
699673	Novobakhmet’yevo	0	0
699675	Новоазовск	1	0
699677	Новоайдар	0	0
699698	Новоандреевка	1	0
699698	Каши́к-Дегирме́н	0	1
699699	Новоамвросиевское	0	0
699703	Новоалексеевка	0	0
699704	Новоалексеевка	0	0
699706	Новоалексеевка	0	0
699715	Новоалександровка	0	0
699722	Новоалександровка	0	0
699729	Новоолександрівка	1	0
699739	Славное	0	0
699739	Slavnoe	0	0
699739	Slavnoye	0	0
699742	Новоалександровка	1	0
699745	Новоахтырка	0	0
699751	Нью-Йорк	1	0
699751	Новгородское	0	1	1951	2021
699755	Чехоград	1	0
699755	Новгородковка	0	1	1946	2023
699784	Новоукраинка	0	0
699794	Новосемёновка	0	0
699794	Novosemënovka	0	0
699804	Новопокровка	1	0
699815	Новониколаевка	1	0
699823	Новая Маячка	0	0
699836	Kamenka	0	0
699836	Nizhnyaya Kamenka	0	0
699836	Novaya Kamenka	0	0
699839	Новая Каховка	0	0
699844	Ивановка	1	0
699844	Джаната́й	0	1
699844	Новоивано́вка	0	1
699853	Плавское	0	0
699862	Новоэстония	1	0
699862	Но́вая Эсто́ния	0	1
699869	Новая Деревня	1	0
699869	Найндорф	0	1
699870	Демьяновка	1	0
699937	Низовка	1	0
699937	Джама́л	0	1
699940	Низинное	1	0
699941	Низинное	1	0
699941	Ногайлы́-Кирк	0	1
699952	Ниж.Ольховая	0	0
699956	Нижняя Крынка	1	0
699958	Нижняя Хортица	0	0
699963	Нижня Дуванка	1	0
699963	Нижняя Дуванка	0	0
699970	Нижний Токмак	0	0
699970	Nizhniy Tokmak	0	0
699977	Ниж.Нагольчик	0	0
699984	Нижние Торгаи	0	0
699986	Нижние Серогозы	0	0
699996	Солнечноселье	1	0
699996	Аиргу́ль	0	1
700008	Нижнее	0	0
700010	Нижнетеплое	0	0
700019	Нижнегорский	1	0
700019	Сеитле́р	0	1
700045	Аирча́	0	1
700045	Витино	0	0
700058	Никольское	0	0
700060	Nikol’skoye	0	0
700062	Nikol’skoye	0	0
700066	Никольское	0	0
700066	Nikol’skoye	0	0
700068	Никольское	0	0
700068	Nikol’skoye	0	0
700069	Nikol’skoye	0	0
700070	Nikol’skiy	0	0
700071	Nikol’skoye	0	0
700079	Nikolaypol’ye	0	0
700081	Nikolayfel’d	0	0
700119	Николаевка	0	0
700126	Николаевка	0	0
700155	Николаевка	0	0
700161	Николаевка	0	0
700167	Николаевка	0	0
700169	Николаевка	0	0
700176	Николаевка	0	0
700180	Николаевка	1	0
700245	Невское	0	0
700246	Kul’oba	0	0
700285	Нескучное	0	0
700286	Нещеретово	0	0
700343	Нельговка	0	0
700345	Некременное	0	0
700348	Некрасово	1	0
700348	Меле́к	0	1
700349	Некрасовка	1	0
700349	Кулчора́[	0	1
700351	Некрасовка	1	0
700407	Найдёновка	1	0
700407	Табулды́	0	1
700414	Наугольное	0	0
700415	Naugol’naya	0	0
700416	Научный	0	0
700421	Наташино	1	0
700421	Мали́й	0	1
700421	Мере́жино	0	1
700425	Natal’yevka	0	0
700426	Наталовка	0	0
700430	Натальино	0	0
700430	Natal’ino	0	0
700432	Насыпное	1	0
700432	Насыпко́й	0	1
700467	Находка	1	0
700467	Джамбулду́	0	1
700467	Джан-Болды́	0	1
700490	Маловидное	1	0
700490	Иде́ш-Эли́	0	1
700493	Нагольно-Тарасовка	0	0
700529	Надеждовка	0	0
700536	Надднепрянское	0	0
700550	Мысовое	1	0
700550	Казанти́п	0	1
700550	Kazantip	0	1
700551	Щёлкино	1	0
700576	Источное	1	0
700589	Зайцево	1	0
700589	Муссали́	0	1
700590	Мускатное	1	0
700590	Адарги́н Неме́цкий	0	1
700600	Щербаково	1	0
700600	Мурзаллар-Кемельчи	0	1
700602	Дивное	1	0
700602	Мурзако́й	0	1
700611	Murav’yëvka	0	0
700621	Муратово	0	0
700630	Смежное	1	0
700630	Моллала́р	0	1
700632	Пены	1	0
700632	Молла́-Эли́	0	1
700633	Камышинка	1	0
700633	Молла́-Эли́	0	1
700661	Мраморное	1	0
700661	Бию́к-Янко́й	0	1
700666	Можняковка	0	0
700692	Мостки	0	0
700700	Моспине	1	0
700700	Моспино	0	0
700750	Морское	1	0
700750	Капсихо́р	0	1
700756	Морозовка	1	0
700756	Алсу́	0	1
700829	Молодогвардейск	1	0
700829	Молодогвардейское	0	0
700835	Молодёжное	1	0
700842	Молочное	0	0
700844	Молочное	1	0
700844	Тереклы-Конра́т	0	1
700848	Молочанск	0	0
700869	Мокроеланчик	0	0
700977	Миусинск	0	0
700978	Митяево	1	0
700978	Но́вый Карагу́рт	0	1
700984	Митрофановка	1	0
700984	Солла́р	0	1
700986	Mit’kovo-Kachkari	0	0
700997	Мисхор	1	0
701034	Мироновский	0	0
701049	Миролюбовка	1	0
701049	Кендже́	0	1
701057	Мирный	1	0
701062	Мирное	0	0
701062	Mirnyy	0	0
701064	Мирное	0	0
701068	Мирная Долина	0	0
701085	Min’kovka	0	0
701104	Мілове	1	0
701104	Меловое	0	0
701150	Михайловское	1	0
701214	Михайловка	0	0
701233	Михайловка	0	0
701242	Михайловка	1	0
701242	Карами́н	0	1
701243	Михайловка	1	0
701281	Мичуринское	1	0
701281	Кабурча́к	0	1
701286	Межводное	1	0
701286	Ярылга́ч	0	1
701300	Межгорье	1	0
701300	Бакса́н	0	1
701302	Межгорное	1	0
701302	Но́вые Ле́зы	0	1
701302	Но́вый Лез	0	1
701304	Межевое	0	0
701311	Междуречье	1	0
701311	Ай-Сере́з	0	1
701320	Метелкино	0	0
701355	Журавлёвка	1	0
701355	Минлерчи́к	0	1
701358	Лоховка	1	0
701358	Менгерме́н Неме́цкий	0	1
701380	Меловатка	0	0
701404	Мелитополь	0	0
701413	Мелекино	1	0
701450	Медведево	1	0
701450	Табулды́-Асс	0	1
701453	Медведевка	1	0
701453	Ау́з-Кирк	0	1
701487	Мазанка	1	0
701490	Майское	0	0
701490	Mayskoye	0	0
701491	Майское	1	0
701491	Ма́йфельд	0	1
701491	Хакла́й	0	1
701559	Маяки	0	0
701565	Подмаячный	0	0
701588	Матвіївка	1	0
701590	Матвеевка	1	0
701590	Ру́сский Шиги́м	0	1
701619	Массандра	1	0
701626	Масловка	0	0
701651	Mar’yevka	0	0
701653	Mar’yevka	0	0
701656	Mar’yevka	0	0
701663	Марьевка	0	0
701667	Mar’yevka	0	0
701669	Марьевка	1	0
701723	Марьяновка	0	0
701732	Марьяновка	0	0
701754	Мартыновка	1	0
701754	Караджа́	0	1
701754	Караджи́-Багала́к	0	1
701764	Мартовка	0	0
701776	Marksfel’d	0	0
701777	Markov Yar	0	0
701792	Марківка	1	0
701792	Марковка	0	0
701822	Мариуполь	1	0
701822	Жданов	0	0
701841	Марьино	1	0
701842	Марьино	1	0
701842	Джан-Баба́	0	1
701845	Марьинка	0	0
701845	Mar’inka	0	0
701845	Mareyka	0	0
701852	Криничное	1	0
701859	Марфовка	1	0
701859	Дау́т-Эли́	0	1
701862	Марьяновка	1	0
701862	Маре́	0	1
701883	Мануйловка	0	0
701886	Manuil’skiy	0	0
701893	Маньковка	0	0
701920	Фурманово	1	0
701920	Маму́т-Бай	0	1
701926	Софиевка	1	0
701933	Малый Суходол	0	0
701947	Малый Маяк	1	0
701947	Бию́к-Ламба́т	0	1
702011	Муромское	1	0
702011	Ма́лый Бурунду́к	0	1
702061	Малореченское	1	0
702061	Kuchuk-Uzen’	0	1
702066	Малониколаевка	0	0
702071	Константинопольское	0	0
702071	Konstantinopol’ Nomer Pervyy	0	1
702071	Malokonstantinopol’	0	1
702071	Ostrovskogo	0	1
702072	Малокатериновка	0	0
702073	Малокаховка	1	0
702103	Малиновка	0	0
702103	Malinovka	0	0
702103	Novosëlovka	0	1
702103	Turkenovka	0	1
702109	Малиновка	0	0
702110	Малиновка	1	0
702110	Ленька-Кабази	0	1
702153	Малая Токмачка	1	0
702220	Малая Кардашинка	1	0
702246	Мала Білозерка	1	0
702248	Янтарное	1	0
702248	Ташлы́-Даи́р	0	1
702255	Малышевка	0	0
702275	Максимовка	0	0
702285	Maksimil’yanovka	0	0
702297	Нива	1	0
702297	Сталиндо́рф	0	1
702306	Нагорное	1	0
702306	Махульду́р	0	1
702318	Макеевка	0	0
702320	Макеевка	0	0
702358	Магдалиновка	0	0
702360	Магазинка	1	0
702391	Новое Шахово	0	0
702391	Ро́зы Люксембу́рг	0	1
702391	Христиа́новка	0	1
702443	Любицкое	1	0
702459	Любимовка	0	0
702461	Любимовка	1	0
702461	Кара́-Тобе́ль	0	1
702461	Се́верный Джанко́й	0	1
702464	Любимо-Павловка	0	0
702465	Любимо-Марьевка	0	0
702545	Львово	0	0
702546	Львово	1	0
702546	Джантора	0	1
702546	L’vovo	0	0
702547	L’vovka	0	0
702563	Лутугино	1	0
702580	Пушкино	1	0
702580	Кучук-Кой	0	1
702581	Лушино	1	0
702581	Дува́новка	0	1
702589	Азовское	0	0
702589	Луначарское	0	1
702589	Lunacharskoye	0	1
702596	Luk’yanovka	0	0
702596	Luk’yanovskoye	0	0
702598	Лукьяновка	0	0
702628	Лукашёво	0	0
702658	Луганск	1	0
702658	Ворошиловград	0	1
702662	Луговое	1	0
702662	Агибель	0	1
702663	Луговое	1	0
702663	Канги́л	0	1
702668	Луговое	0	0
702671	Луговка	0	0
702677	Lugopol’	0	0
702684	Луганское	0	0
702705	Лучистое	1	0
702705	Демерджи́	0	1
702718	Лубянка	0	0
702738	Лозове	1	0
702759	Лозовое	0	0
702782	Лозно-Олександрівка	1	0
702782	Лозно-Александровка	0	0
702801	Лотиково	0	0		2016
702855	Ломоносово	1	0
702855	Переселенческий участок № 15	0	1
702892	Лобаново	1	0
702892	Боге́мка	0	1
702892	Джадра́	0	1
702896	Lobachëvo	0	0
702903	Лизино	0	0
702907	Ливадия	1	0
702915	Литвиновка	0	0
702939	Листовое	1	0
702939	Во́йо-Но́ва	0	1
702940	Zelënaya	0	0
702970	Лисичье	0	0
702972	Лисичанск	0	0
703054	Лимаревка	0	0
703054	Limarëvka	0	0
703072	Лиман	0	0
703096	Либкнехтовка	1	0
703096	Кита́й	0	1
703155	Лісне	1	0
703169	Лесное	1	0
703169	Суу́к-Су	0	1
703197	Любовка	0	0
703226	Верхнееланчик / Ленинское	1	0
703226	Верхнееланчик	0	0
703226	Ленинское	0	1
703226	Leninskoye	0	1
703228	Карабулат	1	0
703228	Лениндорф	0	1		1946
703228	Ленинское	0	1	1946	2016
703229	Ленинское	1	0
703229	Кир-Байляр	0	1
703229	Лениндо́рф	0	1
703230	Ленинское	1	0
703230	Петро́вское	0	1
703248	Ленина	0	1
703248	Мирное	0	0
703248	Khutor Leninskiy	0	1
703248	Leninskiy	0	1
703253	Ужовка	1	0
703253	Khutor Leninskiy	0	1
703253	Leninskiy	0	1
703253	Leninskoye	0	1
703261	Ленино	0	0
703261	Семь Колодезей	0	1
703261	Lenino	0	0
703270	Леніна	1	0
703300	Лечебное	1	0
703300	Катырша́-Сара́й	0	1
703317	Лазурное	0	0
703363	Ласпи	1	0
703374	Ларино	0	0
703394	Лантратовка	0	0
703450	Володино	1	0
703450	Совхоз Кирк-Ишу́нь	0	1
703465	Кузнецово-Михайловка	0	0
703468	Кузнецкое	1	0
703468	Чегеле́к	0	1
703475	Kuz’minovka	0	0
703476	Kuz’mino	0	0
703484	Куземовка	0	0
703493	Куйбышево	0	0
703494	Каменка	1	0
703494	Бильмак	0	0
703494	Куйбышево	0	1
703497	Куйбышево	0	0
703498	Куйбышево	1	0
703498	Алба́т	0	1
703506	Мельничное	1	0
703506	Кутюке́ Неме́цкое	0	1
703518	Верхняя Кутузовка	1	0
703518	Шу́мы	0	1
703537	Кутейникове	1	0
703555	Кушугум	0	0
703564	Kushchëva	0	0
703570	Kur’yanskiy	0	0
703574	Курячевка	0	0
703574	Kurichëvka	0	0
703574	Kuruchëvka	0	0
703574	Kuryachëvka	0	0
703575	Курячевка	0	0
703575	Kuryachëvka	0	0
703584	Пробуждение	1	0
703584	Курт-Ички́	0	1
703586	Курпати	1	0
703595	Курортное	1	0
703595	Мама́ Ру́сская	0	1
703595	Мысово́е	0	1
703596	Курортное	1	0
703596	Ни́жний Оту́з	0	1
703618	Курганное	1	0
703618	Бию́к-Кишкара́	0	1
703619	Нижнекурганное	1	0
703619	Ни́жняя Асма́	0	1
703620	Курганное	1	0
703620	Улу́-Чокра́к	0	1
703629	Армейское	1	0
703629	Кореме́з	0	1
703633	Курдюмовка	0	0
703689	Кумово	1	0
703689	Ста́рый Кизи́л-Бай	0	1
703695	Кумачово	0	0
703698	Нежинское	1	0
703698	Култама́к	0	1
703771	Кудряшовка	0	0
703776	Кудрино	1	0
703776	Шуры́	0	1
703790	Мелководное	1	0
703790	Кучу́к-Суна́к	0	1
703818	Кубанское	1	0
703818	Таки́л	0	1
703818	Таки́л-Джабана́к	0	1
703827	Ksen’yevka	0	0
703861	Крынки	0	0
703864	Крымское	0	0
703867	Крымское	1	0
703867	Аве́ль	0	1
703880	Крымка	1	0
703880	Султа́н-Бочала́	0	1
703889	Крыловка	1	0
703890	Крыловка	1	0
703898	Кружиловка	0	0
703972	Круча	1	0
704002	Кризское	0	0
704009	Кривой Рог	0	0
704024	Krivorozh’ye	0	0
704106	Крестьяновка	1	0
704106	Лариндо́рф	0	1
704109	Крестовка	0	0
704118	Крепенский	0	0
704125	Кремневка	1	0
704125	Паша́-Чакма́к	0	1
704125	Сары́-Чакма́к	0	1
704138	Кременная	1	0
704138	Кремінна	0	0
704139	Кременевка	0	0
704158	Крайнее	1	0
704158	Теши́й	0	1
704181	Krasnopol’ye	0	0
704190	Krasnyy Pakhar’	0	0
704191	Воздвиженка	0	0
704191	Красный Пахарь	0	1
704191	Krasnyy Pakhar’	0	1
704193	Красний Октябр	0	0
704194	Липское / Красный Октябрь	1	0
704194	Krasnyy Oktyabr’	0	1
704195	Красний Октябр	1	0
704196	Майорово / Красный Октябрь	1	0
704196	Красный Октябрь	0	1
704196	Майорово	0	0
704201	Красный Мак	1	0
704201	Бию́к-Карале́з	0	1
704202	Красный луч	0	1
704204	Красный Лиман	0	1
704204	Лиман	0	0
704204	Krasniy Liman	0	1
704204	Liman	0	0
704207	Красний Кут	1	0
704251	Краснознаменка	1	0
704285	Ивановское	0	0
704285	Красное	0	1
704285	Krasnoe	0	1
704285	Krasnoye	0	1
704290	Красне	0	0
704293	Красноярское	1	0
704293	Донузла́в 1	0	1
704293	Мечи́т-Донузла́в	0	1
704300	Красновка	0	0
704303	Красноторка	0	0
704314	Krasnoshchëkova	0	0
704322	Красносельское	1	0
704322	Куна́н	0	1
704323	Красносельское	1	0
704323	Но́вый Басала́к	0	1
704324	Красносёловка	1	0
704324	Ени́-Сала́	0	1
704337	Кабанье	0	0
704344	Krasnopol’ye	0	0
704351	Червоное поле	0	0
704360	Краснопещерное	1	0
704360	Кызы́л-Коба́	0	1
704362	Бромзавод	0	1	1932	1936
704362	Красно-Перекопск	0	1	1936	1964
704362	Красноперекопск	0	0
704373	Краснолесье	1	0
704373	Таве́ль	0	1
704377	Краснокаменка	1	0
704377	Кизилта́ш	0	1
704381	Красногвардейское	1	0
704381	Курма́н-Кемельчи́	0	1
704382	Красногвардейское	1	0
704382	Но́вый Цюрихта́ль	0	1
704389	Красногорское	1	0
704389	Нейза́ц	0	1
704393	Красногоровка	0	0
704397	Красногорка	1	0
704397	Кенеге́з	0	1
704397	Коп-Кенеге́з	0	1
704398	Краснофлотское	1	0
704398	Кайна́ш	0	1
704402	Краснодон	0	0
704402	Тёплое	0	0
704403	Краснодон	0	0
704403	Сорокино	0	0
704404	Краснодольное	1	0
704404	Борла́к	0	1
704404	Борла́к-Ойра́т	0	1
704409	Новоселовка	1	0
704409	Красноармейское	0	1
704409	Новосёловка	0	0
704409	Krasnoarmeysk	0	1
704409	Krasnoarmeyskoye	0	1
704411	Крещатицкое / Красноармейское	1	0
704411	Красноармейское	0	1
704411	Крещатицкое	0	0
704411	Khreshchatskoye	0	1
704413	Таврийское	1	0
704413	Таврическое	0	0
704413	Участок № 16	0	1
704413	Червоноармейское	0	1
704413	Chervonoarmeyskoye	0	1
704413	Krasnoarmeyskoye	0	1
704413	Posëlok	0	1
704413	Posëlok Nomer Devyatnadsatyy	0	1
704414	Красноармейское	1	0
704414	Ашхада́н	0	1
704414	Мурза́-Коя́ш	0	1
704422	Красноармейск	1	1
704422	Покровск	0	0
704430	Krasnaya Zor’ka	0	0
704431	Карача́-Канги́л	0	1
704431	Красная Зорька	0	0
704431	Krasnaya Zor’ka	0	0
704438	Krasnaya Volontërovka	0	0
704438	Krasno-Volontërovka	0	0
704443	Крымская Роза	1	0
704443	Кра́сная Ро́за	0	1
704452	Червоная Поляна	0	0
704453	Червоная Поляна	0	0
704454	Красная Поляна	1	0
704454	Кизи́л-Чонра́в	0	1
704455	Красная Поляна	1	0
704455	Бруси́лово	0	1
704455	Кара́-Чакма́к	0	1
704461	Дубовка	0	0
704467	Мысовое	1	0
704467	Тюп-Акчора́	0	1
704508	Краматорск	1	0
704508	Краматорска	0	0
704609	Коврово	1	0
704609	Манги́т	0	1
704664	Громовка	1	0
704664	Коту́р	0	1
704675	Котовское	1	0
704675	Бюйте́н	0	1
704675	Бюте́нь	0	1
704706	Котельниково	1	0
704706	Агъя́р-Джире́нь	0	1
704728	Снежное	1	0
704728	Карла́в Ру́сский	0	1
704740	Костогрызово	0	0
704741	Костогризово	0	0
704753	Курганное	1	0
704753	Косте́ль	0	1
704793	Тасуново	1	0
704793	Кош-Кую́	0	1
704804	Koshelëvka	0	0
704806	Koshelëv	0	0
704863	Корсунь	0	0
704932	Korolëvka	0	0
704960	Кормовое	1	0
704960	Тогайлы́	0	1
704972	Кореиз	1	0
705053	Kopan’	1	0
705081	Субботник	1	0
705104	Константиновка	1	0
705106	Константиновка	0	0
705114	Константиновка	0	0
705115	Константиновка	0	0
705120	Гигант	0	0
705120	Gigant	0	0
705120	Konstantinopol’ Nomer Vtoroy	0	0
705121	Konstantinopol’ Nomer Tretiy	0	0
705122	Константинополь	0	0
705125	Конские-Раздоры	0	0
705127	Пасечное	1	0
705127	Конра́т	0	1
705152	Маковка	1	0
705152	Конгра́т	0	1
705161	Гвардейское	0	0
705164	Кондратьево	1	0
705164	Аксюру́-Конра́т	0	1
705168	Kondrat’yevka	0	0
705177	Краснодарка	1	0
705179	Камыш	0	0
705186	Кальмиусское / Комсомольское	1	0
705186	Комсомольское	0	1
705186	Karakubstroy	0	1
705186	Komsomol’skoye	0	1
705190	Комсомольский	0	0
705191	Графское	0	0
705191	Комсомольский	0	1
705191	Grafskoje	0	0
705191	Grafsskoje	0	0
705191	Komsomol'skiy	0	1
705191	Komsomolski	0	1
705205	Сарабаш / Коммунаровка	1	0
705205	Kommunarovka	0	1
705205	Stalinskiy	0	1
705205	Stalinskoye	0	1
705206	Коммунаровка	0	0
705214	Коммерческий	0	1
705214	Обильное	0	0		2024
705220	Комиссаровка	0	0
705258	Комаровка	1	0
705258	Но́вый Ита́к	0	1
705271	Комар	0	0
705281	Колядовка	0	0
705283	Кольцово	1	0
705283	Теге́ш	0	1
705300	Колоски	1	0
705300	Шоло́м-Але́йхем	0	1
705374	Виноградное	1	0
705374	Куре́й-Баши́	0	1
705374	Куру́-Баш́	0	1
705390	Коломыйчиха	0	0
705425	Колодезное	1	0
705425	Чонгра́в	0	1
705440	Колхозное	1	0
705440	Узунджа́	0	1
705461	Кольчугино	1	0
705461	Булгана́к	0	1
705461	Кронента́ль	0	1
705465	Болгарка	1	0
705465	Коларовка	0	1
705465	Романовка	0	1
705465	Тогалы	0	1
705465	Kolarovka	0	1
705468	Синекаменка	1	0
705468	Кокта́ш	0	1
705484	Ильинка	1	0
705484	Коке́й	0	1
705488	Королёво	1	0
705488	Коджала́р	0	1
705505	Кочубеевка	0	0
705510	Kochënovo	0	0
705519	Брянское	1	0
705519	Кочка́р-Эли́	0	1
705635	Клинкино	0	0
705635	Klinki	0	0
705635	Klinkin	0	0
705638	Климово	1	0
705638	Ротендо́рф	0	1
705641	Климовка	0	0
705666	Клещеевка	0	0
705673	Кленовий	1	0
705743	Широкое	1	0
705743	Кита́й	0	1
705779	Kiselëvka	0	0
705781	Kiselëvka	0	0
705791	Кирсановка	1	0
705791	Бийгазы́	0	1
705797	Кировское	0	0
705798	Кировское	1	0
705799	Кировское	1	0
705799	Исла́м-Тере́к	0	0
705806	Кирово	0	0
705808	Заречное	0	0
705808	Кировск	0	1
705808	Kirovo	0	1
705808	Kirovsk	0	1
705808	Kirowo	0	1
705809	Кировск	0	0
705819	Свято-Покровское	1	0
705819	Кирово	0	1
705819	Kirovo	0	1
705821	Кирово	0	1
705821	Пивничное	0	0
705821	Kirowo	0	1
705827	Келлеровка	0	0
705827	Kellerovka	0	0
705827	Kirovo	0	1
705831	Кирово	1	0
705831	Войковшта́дт	0	1
705841	Ровенка	1	0
705870	Кипарисное	1	0
705870	Кучук-Кой	0	1
705952	Весёлое	0	0
705952	Vesëloye	0	0
706182	Khryashchëvka	0	0
706208	Хрестище	0	0
706208	Khristishche	0	0
706263	Новое Запорожье	0	0
706263	Novoye Zaporozh’ye	0	0
706309	Хомутово	0	0
706338	Холмовое	1	0
706338	Джага́-Шейх-Эли́	0	1
706372	Хмельницкое	1	0
706385	Хмелево	1	0
706385	Сады́р-Бога́й	0	1
706410	Хлеборобы	0	0
706411	Хлебодаровка	0	0
706412	Хлебодаровка	0	0
706413	Хлебное	1	0
706413	Сыртки́-Аджи́-Ахма́т	0	1
706414	Хлебное	1	0
706414	Бейс-Лехе́м	0	1
706415	Хлебное	1	0
706415	Колпа́к	0	1
706448	Херсон	1	0
706448	Херсонскую	0	0
706452	Тыловое	1	0
706452	Хайто́	0	1
706466	Харцызск	0	0
706476	Khar’kovskiy	0	0
706476	Khar’kovskoye	0	0
706524	Керчь	0	0
706526	Керамік	1	0
706526	Керамик	0	0
706561	Розовое	1	0
706561	Казби́й-Эли́	0	1
706566	Казацкое	0	0
706576	Приречное	1	0
706576	Казанпи́р	0	1
706576	Садо́вое	0	1
706596	Козачі Лагері	1	0
706596	Казачьи Лагери	0	0
706616	Кацивели	1	0
706648	Kas’yanovka	0	0
706649	Береговое	1	0
706649	Кастро́поль	0	1
706659	Каштановка	1	0
706659	Тотма́н	0	1
706678	Карьерное	0	0
706680	Елизаветово	1	0
706680	Кары́	0	1
706680	Кары́-Комзе́т	0	1
706685	Шафранное	1	0
706685	Картмыши́к Неме́цкий	0	1
706685	Широ́кое	0	1
706696	Карпово-Крепенское	0	0
706699	Карповка	0	0
706705	Карповка	1	0
706708	Карпова Балка	1	0
706756	Карло-Марксово	0	1
706757	Соледар	0	0
706781	Властное	1	0
706781	Когоне́ш	0	1
706811	Арбузовка	1	0
706811	Каранку́т Неме́цкий	0	1
706818	Каштановка	1	0
706818	Кара́-Мерки́т	0	1
706837	Солонцовое	1	0
706837	Кара́ч-Бара́ч	0	1
706843	Трудолюбово	1	0
706843	Кара́ч	0	1
706850	Мироновка	1	0
706850	Караба́й	0	1
706897	Коньково	0	0
706901	Глинка	1	0
706901	Канги́л	0	1
706902	Каневское	0	0
706914	Камыш-Заря	0	0
706917	Камышное	1	0
706917	Капкары́ Ру́сские	0	1
706917	Коп-Кары́ Ру́сские	0	1
706918	Опытное	1	0
706918	Камышлы́к	0	1
706928	Камышеватое	0	0
706937	Камышеваха	0	0
706941	Камышеваха	0	0
706945	Камышаны	0	0
706946	Камышанка	0	0
706968	Каменское	1	0
706968	Ак-Мона́й	0	1
707002	Каменное	0	0
707003	Каменное	0	0
707026	Каменка-Днепровская	0	0
707048	Каменка	0	0
707063	Каменка	0	0
707068	Каменка	0	0
707075	Новониколаевка	0	0
707075	Kamenevo	0	1
707075	Nowonikolaewka	0	0
707075	Nowonikolajewka	0	0
707112	Калмыковка	0	0
707115	Дмитрово	1	0
707115	Калму́-Кара́	0	1
707132	Kalinovoye	0	0
707133	Попасная	0	0
707136	Калиново	0	0
707177	Калиновка	0	0
707180	Калиновка	0	0
707182	Калиновка	1	0
707182	Аблагоджа́	0	1
707182	Абла́к-Аджи́	0	1
707183	Калиновка	1	0
707183	Корпе́	0	1
707187	Калинове	1	0
707190	Калиновское	1	0
707190	Большая Сейдеменуха	0	1	1927	1944
707190	Калининдорф	0	1	1927	1944
707196	Калиновое	1	0
707196	Калинино	0	1
707196	Калиново	0	0
707196	Kalinino	0	1
707197	Калинино	1	0
707197	Калининдо́рф	0	1
707197	Найле́тен	0	1
707197	Орма́н-Аджи́	0	1
707198	Калинино	1	0
707198	Калининдо́рф	0	1
707201	Белокриничное / Калинино	1	0
707201	Kalinin	0	1
707201	Kalinino	0	1
707216	Kal’chinovka	0	0
707219	Кальчик	0	0
707232	Каланчак	0	0
707240	Мирное	1	0
707240	Сарайлы́-Кия́т	0	1
707244	Каховка	0	0
707245	Каїри	1	0
707248	Каирка	0	0
707281	Кача	1	0
707282	Кабычевка	0	0
707282	Kabychëvka	0	0
707291	Изюмовка	1	0
707291	Тамгаджи́	0	1
707297	Известковое	1	0
707297	Сама́в	0	1
707298	Рунное	1	0
707298	Башма́к	0	1
707298	Известко́вое	0	1
707299	Изварино	0	0
707304	Изобильное	1	0
707304	Тама́к	0	1
707305	Изобильное	1	0
707305	Корбе́к	0	1
707326	Иверское	0	0
707405	Ивановка	0	0
707414	Ивановка	0	0
707438	Ивановка	0	0
707439	Ивановка	0	0
707453	Ивановка	0	0
707458	Ивановка	0	0
707459	Ивановка	1	0
707460	Ивановка	1	0
707460	Камышлы́	0	1
707473	Ivanodar’yevka	0	0
707527	Источное	1	0
707527	Чокра́к Пе́рвый	0	1
707536	Искра	0	0
707544	Ишунь	1	0
707593	Ioganensfel’dt	0	0
707594	Инзовка	0	0
707630	Шевченко	0	0
707638	Орехово	0	0
707638	Imeni Petrovskogo	0	1
707638	Petrovskiy	0	1
707638	Petrovskogo	0	1
707651	Мирное	0	0
707651	Markfel’d	0	1
707652	Zaporozh’ye	0	0
707660	Sovkhoz Imeni Artëma	0	0
707667	Ильевка	0	0
707667	Il’yevka	0	0
707679	Иловайск	1	0
707698	Il’inovka	0	0
707699	Il’inka	0	0
707701	Il’inka	0	0
707702	Il’inka	0	0
707709	Ильичёво	1	0
707709	Караку́й	0	1
707710	Ильичовское	0	0
707710	Il’ichovskoye	0	0
707714	Ильичёво	1	0
707714	Киянлы́	0	1
707715	Озерное	1	0
707715	Ильичёвка	0	1
707715	Озёрное	0	0
707715	Il’ichëvka	0	1
707728	Игоревка	1	0
707728	Нас.пункт 5-го отд.с-за «Крымский»	0	1
707730	Ignat’yevka	0	0
707753	Горловка	1	0
707753	Горлівка	0	0
707762	Гюневка	0	0
707776	Акчора́	0	1
707776	Гвардейское	0	0
707776	Gvardeyskoye	0	0
707777	Гвардейское	0	0
707777	Сарабуз	0	1
707777	Спат	0	1
707856	Гусарка	0	0
707860	Гурзуф	1	0
707898	Гуляйполе	0	0
707961	Грузско-Ломовка	0	0
707986	Grushëvyy	0	0
707992	Благодатное	0	0
707992	Октябрь	0	1
707992	Grushevoy	0	1
708036	Громово	1	0
708036	Бель-Аву́з-Кыпча́к	0	1
708036	Кипча́к	0	1
708039	Громовка	0	0
708040	Громовка	1	0
708040	Шеле́н	0	1
708047	Гродовка	0	0
708060	Гришино	0	0
708061	Гришино	1	0
708061	Токулча́к	0	1
708084	Grigor’yevskiy	0	0
708092	Grigor’yevka	0	0
708096	Grigor’yevka	0	0
708109	Григорьевка	1	0
708109	Маме́к	0	1
708121	Григоровка	0	0
708131	Грибоваха	0	0
708159	Гречишкино	0	0
708162	Кринички	1	0
708195	Гранитное	0	0
708273	Горское	0	0
708284	Лесновка	1	0
708284	Горопа́шник	0	1
708284	Новосёловка	0	1
708368	Городище	0	0
708395	Горняк	0	0
708403	Горностаевка	0	0
708404	Горностаевка	0	0
708405	Горностаевка	1	0
708405	Акко́з	0	1
708405	Мариента́ль	0	1
708439	Кирилловка	0	0
708468	Горбачево-Михайлівка	1	0
708468	Горбачево-Михайловка	0	0
708503	Гончаровка	0	0
708509	Гончарное	1	0
708509	Варну́тка	0	1
708524	Голубой Залив	1	0
708524	Лиме́на	0	1
708533	Голубовка	0	0
708546	Голубинка	1	0
708546	Фоти́-Сала́	0	1
708582	Головановка	1	0
708582	Баши́	0	1
708614	Гольмовский	0	0
708632	Голая Пристань	0	0
708727	Глубокий Яр	1	0
708727	Улаклы́	0	1
708733	Chistopol’ye	0	0
708797	Глазовка	1	0
708797	Баксы́	0	1
708805	Гладковка	0	0
708842	Кропоткино	1	0
708842	Ток-Шейх	0	1
708843	Героевское	1	0
708843	Геро́евка	0	0
708843	Эльтиген	0	1
708863	Георгиевка	0	0
708877	Геническая Горка	1	0
708878	Геническ	0	0
708879	Генеральское	1	0
708879	Улу́-Узе́нь	0	1
708910	Калмыковка	0	0
708936	Гавриловка	0	0
708936	Gavrilovka	0	0
708953	Гаспра	1	0
708983	Ганусовка	0	0
709064	Фурмановка	1	0
709074	Штормовое	1	0
709074	Вознесе́новка	0	1
709074	Фру́нзевка	0	1
709075	Партенит	1	0
709082	Фрунзе	1	0
709083	Bel’bek	0	1
709084	Фронтовое	1	0
709084	Кой-Аса́н	0	1
709085	Фронтовое	1	0
709085	Отарко́й	0	1
709093	Курортное	1	0
709093	Фридента́ль	0	1
709112	Форос	1	0
709121	Флотское	1	0
709121	Кара́нь	0	1
709145	Филатовка	1	0
709151	Ферсманово	1	0
709151	Тотайко́й	0	1
709161	Феодосия	1	0
709201	Fëdorovka	0	0
709203	Fëdorovka	0	0
709204	Федоровка	0	0
709206	Fëdorovka	0	0
709213	Fëdorovka	0	0
709217	Fëdorovka	0	0
709220	Fëdorovka	0	0
709224	Федорівка	1	0
709225	Fëdorovka	0	0
709229	Фёдоровка	0	0
709231	Фёдоровка	0	0
709233	Зубакино	1	0
709233	Фёдоровка	0	1
709254	Фащевка	0	0
709255	Фащевка	0	0
709268	Вишнёвое	1	0
709268	Эски́-Эли́	0	1
709273	Горное	1	0
709273	Эриклик	0	1
709275	Engel’sovo	0	0
709276	Энергодар	0	0
709311	Мирновка	1	0
709311	Джургу́н	0	1
709325	Дружное	1	0
709325	Джафе́р-Берды́	0	1
709334	Джанкой	1	0
709337	Видное	1	0
709337	Джангара́	0	1
709337	Джангара́-Кемельчи́	0	1
709341	Стрепетово	1	0
709341	Джалаи́р-Чоты́	0	1
709342	Ястребки	1	0
709343	Лужки	1	0
709343	Шиба́н	0	1
709344	Сухоречье	1	0
709344	Джага́-Мамы́ш	0	1
709354	Торецк	1	0
709354	Дзержинск	0	1
709354	Дзержинськ	0	1
709354	Dzerzhinsk	0	1
709367	Тарасовка	1	0
709387	Дьяково	0	0
709398	Dvurech’ye	0	0
709465	Дудчаны	1	0
709470	Дубровское	1	0
709470	Молла́-Эли́	0	1
709574	Дружне	1	0
709574	Дружное	0	0
709583	Дружбовка	0	0
709614	Дробышево	0	0
709614	Drobyshevo	0	0
709632	Драгоманово	0	0
709645	Дозорное	1	0
709645	Ак-Коджа́	0	1
709671	Дорожнянка	0	0
709672	Дорожное	1	0
709672	Би-Эль	0	1
709703	Донцовка	0	0
709704	Донское	0	0
709713	Донецкий	0	0
709717	Донецк	1	0
709717	Город миллиона роз	0	0
709717	Сталино	0	1
709717	Юзовка	0	1
709775	Kronstal’	0	0
709788	Долинное	1	0
709788	Ак-Чора́	0	1
709789	Долинное	1	0
709789	Топчико́й	0	1
709791	Долинка	1	0
709791	Кучу́к-Мамчи́к	0	1
709795	Долина	0	0
709835	Докучаевск	1	0
709838	Догмаровка	0	0
709862	Добрушино	1	0
709869	Добрoе	1	0
709869	Маму́т-Султа́н	0	1
709872	Доброволье	0	0
709900	Доброполье	1	0
709901	Dobropol’ye	0	0
709903	Добропілля	1	0
709940	Днепряны	0	0
709944	Червоноднепровка	0	0
709954	Дніпровка	1	0
709954	Днепровка	0	0
709959	Днепрельстан	0	0
709959	Dneprel’stan	0	0
709960	Днепрорудное	0	0
709982	Дмитриевка	0	0
709991	Дмитровка	0	0
709995	Дмитровка	1	0
709995	Чёрно-Кош	0	1
710007	Дмитровка	0	0
710011	Дмитровка	0	0
710035	Мирноград	0	1
710035	Dimitrov	0	1
710035	Dimitrovo	0	1
710141	Денисовка	1	0
710141	Суи́н-Аджи́	0	1
710147	Денежниково	0	0
710157	Dem’yanovka	0	0
710160	Dem’yanovka	0	0
710178	Dëmino	0	0
710229	Дебальцево	1	0
710235	Давыдовка	0	0
710239	Давыдо-Никольское	0	0
710267	Dar’yevka	0	0
710268	Dar’yevka	0	0
710269	Dar’yevka	0	0
710270	Бахчёвка	1	0
710270	Ак-Сака́л-Мерки́т	0	1
710291	Данилівка	1	0
710291	Даниловка	0	0
710298	Даниловка	1	0
710298	Ай-Дани́ль	0	1
710311	Дальнее	1	0
710311	Бурчи́	0	1
710314	Dal’niye Makarty	0	0
710316	Dal’niy	0	0
710323	Далёкое	1	0
710323	Чеголта́й Тата́рский	0	1
710334	Дачное	1	0
710334	Малый Таракта́ш	0	1
710334	Таракта́ш	0	1
710368	Чулаківка	1	0
710376	Чугинка	0	0
710389	Межевое	1	0
710389	Чуча́ Неме́цкая	0	1
710396	Новая Праця	0	0
710397	Чубаревка	0	0
710397	Chubarëvka	0	0
710418	Красное	1	0
710418	Чалгары́	0	1
710419	Доходное	1	0
710419	Чолба́ши	0	1
710426	Чмыревка	0	0
710430	Чкалово	1	0
710436	Чкалово	0	0
710449	Чистополье	1	0
710449	Дере́-Салы́н	0	1
710454	Чистенькое	1	0
710454	Аджи́-Кал	0	1
710479	Новоапостоловка	0	0
710479	Чичерино	0	1
710479	Chichërino	0	1
710495	Червоный Жовтень	0	0
710511	Червонное Подолье	0	0
710511	Chervonnoye Podol’ye	0	0
710547	Червонопоповка	0	0
710548	Червонопартизанск	0	0
710577	Червоное	1	0
710577	Ногайлы́-Ахма́т	0	1
710653	Чорнянка	1	0
710653	Чернянка	0	0
710668	Чернухино	0	0
710670	Чернозёмное	1	0
710670	Но́вый Керлеу́т	0	1
710680	Черносливка	1	0
710682	Черноречье	1	0
710682	Чоргу́н	0	1
710682	Чоргу́на	0	1
710684	Чернополье	1	0
710684	Карачё́ль	0	1
710687	Черноморское	0	0
710687	Ak-Mechet’	0	1
710693	Черноморовка	0	0
710715	Чорнобаївка	1	0
710739	Черниговка	0	0
710771	Чёрная Долина	0	0
710793	Черкасское	0	0
710859	Chen’-Tren’	0	0
710869	Челядиново	1	0
710869	Тобечи́к	0	1
710869	Челя́бинцево	0	1
710877	Чехово	1	0
710877	Ага́й	0	1
710904	Чайкино	1	0
710904	Ма́лый Тарха́н	0	1
710905	Чайкино	1	0
710905	Чуйке́	0	1
710915	Часов Яр	0	0
710935	Чаплинка	0	0
710944	Чапаево	1	0
710944	Бота́ш	0	1
710950	Чапаэвка	1	0
710950	Чапаевка	0	0
710951	Чапаевка	1	0
710951	Черке́з-Тоба́й	0	1
711017	Былбасовка	0	0
711023	Чернышево	1	0
711023	Огу́з-Оглу́	0	1
711050	Наумовка	1	0
711050	Боз-Оглу́-Джанко́й	0	1
711118	Bur’yanovka	0	0
711180	Пожарское	1	0
711180	Булгана́к-Бодра́к	0	1
711182	Добролюбовка	1	0
711245	Бугаевка	0	0
711304	Budënnyy	0	0
711315	Луговое	1	0
711315	Будённовка	0	1
711315	Маку́т	0	1
711369	Брянка	1	0
711369	Bryanka	0	0
711372	Брусовка	0	0
711435	Брилёвка	0	0
711455	Бражине	1	0
711455	Бражино	0	0
711527	Никита	1	0
711597	Боровское	0	0
711613	Боровеньки	0	0
711665	Борисовка	0	0
711700	Bondarëvka	0	0
711700	Bondarëvo	0	0
711705	Бондаревка	0	0
711705	Bondarëvka	0	0
711709	Бондаренково	1	0
711709	Булгана́к	0	1
711710	Бондаренково	1	0
711710	Караба́х	0	1
711737	Bol’shoy Klin	0	0
711743	Большое Садовое	1	0
711743	Таш-Басты́	0	1
711769	Новоекатериновка	1	0
711769	нас. пункт совхоза Большевик	0	1
711772	Bol’she-Vasyukovskiy	0	0
711778	Bol’shaya Vergunka	0	0
711782	Великая Терновка	0	0
711803	Bol’shaya Kamenka	0	0
711824	Великая Андроновка	0	0
711942	Богдановка	0	0
711944	Богдановка	0	0
711955	Богатырёвка	0	0
711955	Bogatyrëv	0	0
711955	Bogatyrëvka	0	0
711956	Богатырь	0	0
711958	Богатырь	1	0
711959	Богатое Ущелье	1	0
711959	Коклу́з	0	1
711962	Богатое	1	0
711962	Бахчи́-Эли́	0	1
711964	Богатовка	1	0
711964	Токлу́к	0	1
711968	Богачка	0	0
712012	Бобриково	0	0
712030	Blyumental’ Nomer Devyatnadtsatyy	0	0
712048	Ближние Камыши	0	0
712050	Ближнее	0	0
712050	Бли́жняя Байбуга́	0	1
712050	Прицепка	0	1
712053	Ближнегородское	1	0
712053	Джанко́й Неме́цкий	0	1
712077	Благовещенка	0	0
712079	Благовещенка	0	0
712080	Благовещенка	0	0
712091	Благодатное	0	0
712092	Благодатное	0	0
712106	Братское	1	0
712106	Бию́к-Конра́т	0	1
712112	Пушкино	1	0
712112	Бию́к-Алкалы́	0	1
712131	Бірюкове	1	0
712131	Бирюково	0	0
712181	Безыменное	1	0
712225	Вершинное	1	0
712225	Бешу́й-Эли́	0	1
712228	Донское	1	0
712228	Кернеу́ч	0	1
712231	Тамбовка	1	0
712236	Besharan’	0	0
712260	Берислав	0	0
712269	Berëzovyy	0	0
712295	Berëzovka	0	0
712313	Березовка	1	0
712313	Смидо́вич	0	1
712402	Берестовое	0	0
712427	Береговое	1	0
712427	Korokel’	0	1
712428	Береговое	1	0
712428	Берегово	0	0
712428	Замру́к	0	1
712451	Бердянск	0	0
712501	Белозёрское	1	0
712508	Белозёрка	0	0
712515	Біле	1	0
712515	Белое	0	0
712516	Белояровка	0	0
712521	Беловодск	1	0
712543	Белоцерковка	0	0
712544	Белоцерковка	0	0
712565	Белолуцк	0	0
712569	Белокуракино	1	0
712576	Инкерман	1	0
712576	Белока́менск	0	1
712577	Белокаменное	1	0
712577	Сюю́рташ	0	1
712587	Белогорск	0	0
712588	Белогоровка	0	0
712600	Бельманка	0	0
712613	Белицкое	0	0
712618	Белинское	1	0
712641	Беленькое	0	0
712642	Беленькое	0	0
712654	Белая Скала	1	0
712654	Ак-Кая́	0	1
712659	Белая Криница	0	0
712660	Balaya Krinitsa	0	0
712660	Belaya Krinitsa	0	0
712680	Рубиновка	1	0
712680	Бекказы́	0	1
712682	Бехтери	1	0
712724	Байрачки	0	0
712732	Трудовое	1	0
712732	Байгельды́	0	1
712755	Батальное	1	0
712773	Баштановка	1	0
712773	Пычки́	0	1
712850	Синицыно	1	0
712850	Бара́к	0	1
712858	Барабаново	1	0
712883	Балтазаровка	0	0
712895	Балки	1	0
712896	Балки	1	0
712896	Арги́н	0	1
712910	Балашово	0	0
712913	Рюмшино	1	0
712930	Балаклава	1	0
712934	Балабино	0	0
712956	Бахмутовка	0	0
712969	Бахчисарай	0	0
712992	Багерово	0	0
712995	Bad’ya	0	0
713044	Бабичево	0	0
713048	Бабенково	1	0
713048	Большо́й Эссе́н-Эли́	0	1
713062	Азовское	1	0
713071	Азов	1	0
713073	Малиновка	1	0
713073	Азама́т	0	1
713075	Айвазовское	1	0
713075	Шейх-Мама́й	0	1
713082	Пологи	1	0
713082	Айтуга́н Неме́цкий	0	1
713089	Дмитровка	1	0
713089	Ой-Мамша́к	0	1
713090	Поворотное	1	0
713090	Айлянма́	0	1
713094	Абрикосово	1	0
713094	Айгаше́н	0	1
713094	Орджа́к-Джабу́	0	1
713095	Айдар-Николаевка	0	0
713104	Аврора	1	0
713113	Августиновка	0	0
713117	Avdot’ino	0	0
713122	Авдеевка	1	0
713134	Солёное	0	0
713134	Solënoye	0	0
713136	Казанки	1	0
713136	Атчеу́т	0	1
713146	Останино	1	0
713146	Ойсу́л	0	1
713154	Аскания-Нова	0	0
713174	Бахмут	1	0
713174	Артемовск	0	1
713174	Artëmovsk	0	1
713174	Artemovskiy	0	1
713174	Artemowsk	0	1
713174	Artyomovsk	0	1
713175	Артемовск	0	0		2016
713176	Зализное	1	0
713176	Артемово	0	1
713176	Artëmovo	0	1
713180	Artëmovka	0	0
713181	Софиевка	1	0
713181	Artëmovka	0	1
713182	Артемівка	1	0
713184	Артёмовка	1	0
713184	Тока́	0	1
713187	Артёма	0	1
713187	Долгая Балка	0	0
713187	Artëma	0	1
713195	Аршинцево	0	0
713195	Камыш-Бурун	0	0
713195	Arshintsevo	0	0
713202	Ароматное	1	0
713202	Розента́ль	0	1
713203	Армянск	1	0
713207	Arkhangel’skoye	0	0
713208	Архангельское	0	0
713209	Архангельськая Слобода	0	0
713209	Arkhangel’s’kaya Sloboda	0	0
713212	Миндальное	1	0
713212	Арка́-Дереси́	0	1
713223	Арбузово	1	0
713223	Сталиншта́дт	0	1
713228	Золотая Долина	0	0
713259	Антрацит	0	0
713303	Антоновка	0	0
713304	Антоновка	0	0
713317	Антоновка	1	0
713351	Анновка	0	0
713352	Анновка	0	0
713356	Алевке́	0	1
713368	Annenfel’d	0	0
713391	Андровка	0	0
713404	Новоднепровка	0	0
713440	Андреевка	0	0
713457	Андреевка	0	0
713458	Вольноандреевка	0	0
713458	Vol’noandreyevka	0	0
713459	Андреевка	0	0
713466	Андреевка	0	0
713470	Андреевка	0	0
713474	Андреевка	0	0
713475	Андреевка	0	0
713504	Амвросиевка	1	0
713505	Амурское	1	0
713505	Алаба́ш-Конра́т	0	1
713513	Алушта	1	0
713514	Алупка	1	0
713516	Al’t-Nassau	0	0
713519	Al’tenau	0	0
713522	Алмазная	0	0
713544	Алексеево-Дружковка	0	0
713552	Алексеевка	0	0
713554	Алексеевка	0	0
713562	Алексеевка	0	0
713577	Алексеевка	1	0
713577	Эски́-Алике́ч	0	1
713588	Александровск	0	0
713624	Александровка	0	0
713652	Александровка	0	0
713682	Александровка	0	0
713686	Александровка	1	0
713686	Бий-Ака́й-Кемельчи́	0	1
713688	Александровка	1	0
713690	Aleksandropol’	0	0
713692	Aleksandropol’	0	0
713696	Александро-Калиново	0	0
713698	Макеевка	1	0
713698	Александровка-1	0	1
713716	Алчевск	0	0
713722	Нижние Отрожки	1	0
713722	Ни́жние Остро́жки	0	1
713722	Ни́жний Ала́ч	0	1
713730	Ключевое	1	0
713730	Акмеле́з	0	1
713734	Андреевка	1	0
713734	Аклеи́з	0	1
713743	Якимівка	1	0
713743	Акимовка	0	0
713745	Акимовка	1	0
713757	Агрономічне	1	0
713759	Аграрное	1	0
713766	Лекарственное	1	0
713766	Ага́ч-Эли́	0	1
713772	Аэрофлотский	1	0
713776	Харитоновка	1	0
713776	Аджи́-Кеч	0	1
713785	Adrianopol’	0	0
713814	Водопойное	1	0
713814	Абузлар	0	1
713816	Абрикосовка	1	0
713816	Найма́н	0	1
795249	Мишуково	1	0
796475	Таша	1	0
796644	Демино Александровка	0	0
796844	Верхнезаморское	1	0
796861	Прудниково	1	0
796861	Учевли́-Кенеге́з	0	1
796957	Костырино	1	0
796957	Чонгеле́к Ру́сский	0	1
796986	Пташкино	1	0
796986	Джелькеджи́-Эли́	0	1
797241	Восточный	1	0
797619	Амдук	1	0
797781	Нефтекумск	1	0
798335	Первое Мая	1	0
801848	Александровское / Розы Люксембург	1	0
801848	Александровское	0	0
801848	Розы Люксембург	0	1
801848	Rozy Lyuksemburg	0	1
801902	Набережное	0	0
802037	Чкаловский	1	0
802078	Алагир	1	0
802252	Лавриново	0	0
802252	Sovetskiy	0	1
802285	Blagodat’	0	0
802317	Gor’kiy	0	0
802583	Цада	1	0
802714	Персиановский	1	0
802799	Алхан-Чурт	1	0
803021	Хамби-Ирзе	1	0
803096	Ольховчик / Новопетровское	1	0
803096	Новопетровское	0	1
803096	Ольховчик	0	0
803096	Malopetrovskiy	0	1
803096	Novopetrovskoye	0	1
803244	Верезамское / Кирово	1	0
803244	Верезамское	0	0
803244	Berezovskiy	0	1
803252	Ust’-Ocheretenskiy	0	0
803257	Верхнеосиково	1	0
803257	Верхнеосыково	0	0
803257	Володарского	0	1
803386	Новое Село	1	0
803494	Орёл-Изумруд	1	0
803558	Верхнениколаевка	1	0
804322	Западный	1	0
804498	Георгиевское	1	0
804519	Владимировское	1	0
804875	Заветный	1	0
804899	Радищев	1	0
805636	Глинка	0	0
808057	Степь	1	0
808195	Батрацкая Дача	1	0
808661	Sud’binka	0	0
808725	Kruten’koye	0	0
808986	Солнцево	0	0
809024	Trudroditel’skoye	0	0
809247	Zachat’yevka	0	0
809412	Vasil’yevka	0	0
809414	Les’kino	0	0
809417	Il’inka	0	0
809455	Tevyashëvo	0	0
809461	Imeni Ul’yanova	0	0
809461	Ul’yanovka	0	0
809482	Razdol’noye	0	0
809499	Марковский	1	0
809578	Malaya Medvezh’ya	0	0
809578	Malomedvezh’ye	0	0
809594	Razdol’ye	0	0
809633	Anan’yevskiy	0	0
809781	Novosëlovka	0	0
809786	Stavki	0	0
809789	Мирное	0	0
809789	Dzerzhinskogo	0	1
809798	Bol’shaya Ivanovka	0	0
809807	Городище	0	0
809822	Баранниковка	0	0
809834	Нижнебаранниковка	0	0
809874	Solënoye	0	0
809917	Mel’nikova	0	0
809926	Каменное	1	0
809926	Кр. Пламя	0	1
810074	Ступаково / Красный Пахарь	1	0
810074	Красный Пахарь	0	1
810074	Ступаково	0	0
810074	Krasnyy Pakhar’	0	1
810326	Михайло-Лазаревка	1	0
810398	Mar’yanovka	0	0
810721	Boroven’ka	0	0
810908	Собакино	1	0
811104	Ol’khovaya	0	0
811134	Vol’nyy	0	0
811146	Novo-Grigor’yevka	0	0
811194	Шевнево	1	0
811262	Незамаево	1	0
811276	Aleksandropol’ye	0	0
811279	Zaporozh’ye	0	0
811311	Vol’nyy	0	0
811523	Koz’minka	0	0
811593	Райгородка	0	0
811594	Vol’nyy	0	0
811786	Лобановка	1	0
811858	Рубежное	0	0
813916	Полево	1	0
813917	Лапино	1	0
813980	Вашурино	1	0
814038	Соколово	1	0
814039	Середниково	1	0
814048	Лукино	1	0
814051	Щекотово	1	0
814054	Ивановское	1	0
814082	Стремоухово	1	0
814091	Пагубино	1	0
814300	Амурская область	1	0
814345	Лужецкая	1	0
814501	Мордасово	1	0
815340	Новогорский	1	0
815615	Малое Ивановское	1	0
815709	Елешня-Первая	1	0
815901	Дохновы	1	0
816127	Слобода	1	0
816221	Петрово	1	0
816282	Заболотное	1	0
817004	Огонёк	1	0
817505	Матчино	1	0
817624	Ульянино	1	0
817962	Подчищаловка	1	0
818419	Совхоз имени Ленина	1	0
818658	Радищево	1	0
818729	Юбилейный	1	0
819009	Krasnyy Oktyabr’	0	0
819218	Кутепово	1	0
819291	Марьино	1	0
819296	Соловьиные Зори	1	0
819740	Дрожжино	1	0
819951	Добрунь	1	0
820014	Мелькисарово	1	0
820170	Красный Песелок	1	0
820181	Шелудьково	1	0
820188	Ивойлово	1	0
820254	Себенки	1	0
822987	Вараксино	1	0
823840	Большеорловское	1	0
824192	Ошняк	1	0
824195	Бибаево-Челны	1	0
824207	Крещёный Елтан	1	0
824209	Изгары	1	0
825122	Большое Исаково	1	0
825123	Малое Исаково	1	0
825256	Ижевское	1	0
825358	Орловка	1	0
825785	Краснознаменское	1	0	1946
826042	Егорово	0	0
826042	Yegorovo	0	0
826052	Набережное	1	0
826902	Тува	1	0
828218	Заозерск	1	0
828954	Ново-Окатово	1	0
829063	Кылтово	1	0
829129	Заозёрный	1	0
829136	Трофимовская	1	0
829795	Кирово	0	1
829795	Кірове	0	1
829797	Ясна Поляна	1	0
831130	Знаменск	1	0
831137	Светлый	1	0
831467	Фёдоровка	0	0
832388	Новосельское	1	0
832394	Орехово	1	0
834305	Варзолово	1	0
834313	Хиттолово	1	0
839772	Северный	1	0
841001	Веселый	1	0
841006	Кочубеевское	1	0
841363	Новотерский	1	0
856466	Новая Губаха	1	0
856537	Чёлва	1	0
856688	Дубровка	1	0
856716	Красноборский	1	0
856807	Нетьинка	1	0
856829	Путевка	1	0
856851	Белобережский Санаторий	1	0
856956	Вараксино	1	0
857290	Новый Городок	1	0
857353	Пушкари	1	0
857497	Валя	1	0
857611	Виноградне	1	0
857612	Красава	1	0
857613	Бурково	1	0
857650	Ковалевка	1	0
857690	Московский	1	0
857691	Житнево	1	0
858712	Новый Сулак	1	0
863061	Усинск	1	0
865321	Ханкала	1	0
865723	Дзержинское	1	0
865729	Таврийск	0	0
866062	Искателей	1	0
866210	Цибанобалка	1	0
866221	Горный	1	0
866245	Камчатскя область	1	0
868012	Кумачёво	1	0
869257	Коммунстрой	1	0
869450	Читур	1	0
871204	Подгорный	1	0
871206	Родниковый	1	0
872128	Белозерный	1	0
873798	Иван-Теремец	1	0
874045	Старый Малгобек	1	0
875165	Сокол	1	0
875546	Ждановский	1	0
875594	Берняково	1	0
1484886	Зюзя	1	0
1484943	Звериноголовское	1	0
1484966	Зубари	1	0
1485020	Знаменское	1	0
1485050	Златоруновск	1	0
1485090	Журавлево	1	0
1485439	Заринск	1	0
1485487	Заозёрный	1	0
1486039	Еманжелинск	1	0
1486144	Елецкий	1	0
1486209	Екатеринбург	1	0
1486256	Яйлю	1	0
1486597	Высокогородецк	1	0
1486913	Воргашор	1	0
1487086	Винзили	1	0
1487195	Вершина Тёи	1	0
1487211	Верх-Уймон	1	0
1487260	Верхняя Сысерть	1	0
1487272	Верхняя Синячиха	1	0
1487277	Верхняя Салда	1	0
1487281	Верхняя Пышма	1	0
1487308	Верх-Красноярка	1	0
1487332	Верхняя Инта	1	0
1487334	Верхняя Гутара	1	0
1487394	Верхний Уфалей	1	0
1487496	Верхний Амыл	1	0
1487520	Верхнее Дуброво	1	0
1487922	Уяр	1	0
1488046	Усть-Уса	1	0
1488258	Усть-Багаряк	1	0
1488554	Новоотрубное	1	0
1488625	Угурманский	1	0
1488921	Турнаево	1	0
1489141	Царицыно	1	0
1489271	III Интернационал	1	0
1489382	Тополевка	1	0
1489597	Тимирязевское	1	0
1489688	Тесь	1	1
1489722	Тeренгуль	1	0
1489822	Тегульдет	1	0
1489828	Тээли	1	0
1489966	Таватуй	1	0
1490003	Татарск	1	0
1490026	Таскино	1	0
1490169	Тандов	1	0
1490349	Таган	1	0
1490360	Табулгинский	1	0
1490590	Суг-Аксы	1	0
1490624	Сургут	1	0
1490918	Старый Надым	1	0
1490937	Старая Заимка	1	0
1491706	Славгород	1	0
1492787	Семеновка	1	0
1492827	Новоселезнево	1	0
1492891	Саянский	1	0
1493001	Саргазы	1	0
1493146	Самарово	1	0
1493197	Салехард	1	0
1493378	Рязановский	1	0
1493804	Рассказиха	1	0
1494190	Приисковое	1	0
1494497	Карталы	1	0
1495203	Пешнево	1	0
1495336	Переяславка	1	0
1495626	Пангоды	1	0
1496098	Орджоникидзевское	1	0
1496142	Омутинское	1	0
1496472	Няксимволь	1	0
1496747	Новосибирск	1	0
1496990	Новокузнецк	1	0
1497148	Новоберёзовка	1	0
1497297	Яблоневка	1	0
1497397	Нижняя Пойма	1	0
1497406	Нижняя Омка	1	0
1497497	Нижний Ингаш	1	0
1497899	Гальбштадт	1	0
1498547	Моховая	1	0
1498664	Миролюбовка	1	0
1498995	Мендур-Соккон	1	0
1499007	Мельниково	1	0
1499385	Манзя	1	0
1500530	Ленево	1	0
1500532	Линёво	1	0
1500607	Лесосибирск	1	0
1500665	Ленинск-Кузнецкий	1	0
1500935	Лаборовая	1	0
1500962	Кызыл-Хая	1	0
1501079	Кузнецкий Район	1	0
1501141	Куйбышев	1	0
1502026	Красноярск	1	0
1502060	Красноуральск	1	0
1502066	Краснощёково	1	0
1502589	Копьево	1	0
1502725	Югорск	1	0
1503037	Кодинск	1	0
1503092	Ко	1	0
1503102	Князевский	1	0
1503277	Киселёвск	1	0
1505187	Каа-Хем	1	0
1505228	Ижморский	1	0
1505260	Ивдель	1	0
1506131	Гришковка	1	0
1506271	Горно-Алтайск	1	0
1506588	Гилев-Лог	1	0
1506810	Фирсово	1	0
1507679	Чулым	1	0
1507823	Чири	1	0
1507865	Чикман	1	0
1508060	Черницк	1	0
1508291	Челябинск	1	0
1509008	Бор	1	0
1509902	Богандинский	1	0
1509919	Бочаниха	1	0
1509958	Бобровка	1	0
1510159	Берлин	1	0
1510188	Микрорайон Щ	1	0
1510203	Берёзовский	1	0
1510205	Берёзовский	1	0
1510255	Берёзовка	1	0
1510377	Белый Яр	1	0
1510395	Беляши	1	0
1510469	Белово	1	0
1510853	Барнаул	1	0
1510943	Балыкча	1	0
1511217	Ая	1	0
1511368	Артёмовский	1	0
1511369	Артёмовск	1	0
1511466	Арамиль	1	0
1512086	Академгородок	1	0
1512126	Агачаулово	1	0
1512210	Абатское	1	0
1536289	Снежинск	1	0
1536529	Шувакиш	1	0
1536648	Исток	1	0
1537749	Ильичево	1	0
1538634	Озёрск	1	0
1538636	Новоуральск	1	0
1539209	Губкинский	1	0
1540711	Муравленко	1	0
1541359	Лянтор	1	0
1544583	Уйское	1	0
1545703	Стройпосёлок	1	0
2012379	Звездный	1	0
2012510	Жирекен	1	0
2012544	Жемчуг	1	0
2012780	Забайкальск	1	0
2012886	Ыныкчан	1	0
2013159	Якутск	1	0
2013226	Выдрино	1	0
2013326	Волочаевка-Вторая	1	0
2013460	Верх-Усугли	1	0
2013836	Усть-Заза	1	0
2013970	Усть-Чаркы	1	0
2014071	Урюмкан	1	0
2014232	Верхний Умыкэй	1	0
2014250	Ульзутуево	1	0
2014369	Улёты	1	0
2014393	Ульдурга	1	0
2014407	Улан-Удэ	1	0
2014518	Уктур	1	0
2014543	Угун	1	0
2014611	Удское	1	0
2014669	Тюнгюлю	1	0
2014676	Тюкавкино	1	0
2014718	Тында	1	0
2014750	Тяня	1	0
2014927	Тулун	1	0
2015002	Циммермановка	1	0
2015306	Тикси	1	0
2015686	Талакан	1	0
2015746	Табага	1	0
2015935	Сукпай	1	0
2016169	Средний Калар	1	0
2016170	Среднебелая	1	0
2016187	Спасск-Дальний	1	0
2016277	Соловьевск	1	0
2016278	Соловьевск	1	0
2017734	Посольское	1	0
2018207	Оек	1	0
2018359	Орочен 1	1	0
2018365	Орловский	1	0
2018436	Онохой	1	0
2018571	Олёкминск	1	0
2019179	Нижнее Гирюнино	1	0
2019710	Мухоршибирь	1	0
2020626	Сергиевский	1	0
2020756	Линёво-Озеро	1	0
2020841	Ленинское	1	0
2020954	Кюсюр	1	0
2021066	Кяхта	1	0
2021232	Курбулик	1	0
2022289	Хороль	1	0
2022598	Кентик	1	0
2022698	Харанцы	1	0
2023094	Карымское	1	0
2023782	Гусиноозёрск	1	0
2023810	Гунэй	1	0
2023898	Гоуджекит	1	0
2024310	Эйик	1	0
2024340	Эсэ-Хайя	1	0
2024812	Дульдурга	1	0
2025072	Верхняя Иволга	1	0
2025213	Чюльбе	1	0
2025931	Бурдаковка	1	0
2026030	Бугульдейка	1	0
2026054	Будулан	1	0
2026326	Большое Голоустное	1	0
2026403	Большая Тура	1	0
2026735	Безречная	1	0
2027042	Батагай-Алыта	1	0
2027162	Бальзой	1	0
2027276	Бабушкин	1	0	1941
2027373	Атаманская	1	0
2027456	Артём	1	0
2027667	Ангарск	1	0
2028149	Аблатукан	1	0
2028158	Абагайтуй	1	0
2051471	Дальнегорск	1	0
2055166	Саянск	1	0
2056861	Дзержинск	1	0
2056881	Маркова	1	0
2118647	Вилючинск	1	0
2119322	Жупаново	1	0
2119447	Южно-Курильск	1	0
2119641	Взморье	1	0
2119683	Встречный	1	0
2119859	Верхний Ат-Урях	1	0
2120068	Усть-Анка	1	0
2120530	Томари	1	0
2120770	Талая	1	1
2121197	Синегорье	1	0
2121366	Шахтёрск	1	0
2122104	Петропавловск-Камчатский	1	0
2122229	Паратунка	1	0
2122605	Охотск	1	0
2122843	Никольское	1	0
2122850	Николаевск-на-Амуре	1	0
2123453	Марчекан	1	0
2123836	Лазарев	1	0
2124220	Козыревск	1	0
2125034	Каменское	1	0
2125363	Иганджа	1	1
2125784	Эльген	1	0
2126682	Билибино	1	0
2126838	Бараниха	1	0
2127202	Анадырь	1	0
2127311	Аккани	1	0
2131995	Аннинские Минеральные Воды	1	0
6265786	Бажуково	1	0
6267117	Ельничный	1	0
6267308	Заводчик	1	0
6268206	Виллози	1	0
6268244	Мурилово	1	0
6268323	Имени Тельмана	1	0
6268330	Суоранда	1	0
6268366	Турово	1	0
6268367	Горка	1	0
6268369	Новинка	1	0
6283519	Лесной	1	0
6284176	Восток	1	0
6284178	Заречье	1	0
6284222	Нижнее Синьгово	1	0
6313147	Вараксино	1	0
6315399	Исакогорка	1	0
6316073	Барлакский	1	0
6416039	Марьинское	1	0
6416307	Агрогород Заря Подмосковья	1	0
6417084	Знамя Октября	1	0
6417158	Жуковка	1	0
6417422	Измайлово	1	0
6417432	Совхоз имени Ленина	1	0
6417459	Краснознаменск	1	0
6417598	Егорово	1	0
6417635	Заречье	1	0
6418518	Баранниково	1	0
6418612	Имени М. И. Калинина	1	0
6418836	Алёшкино	1	0
6418889	Боровица	1	0
6418983	Большая Захватиха	1	0
6419990	Дубки	1	0
6420183	Чижково	1	0
6420409	Ханьково	1	0
6421378	Елешня-Вторая	1	0
6422252	Сенинские Дворики	1	0
6422285	Гороженово	1	0
6422711	Дьячево	1	0
6607283	Убежицы	1	0
6607286	Антеньево	1	0
6607318	Колесницы	1	0
6607377	Чёрное	1	0
6607378	Дачный	1	0
6607487	Имени Свердлова	1	0
6607531	Гнилицкие Дворики	1	0
6607551	Берёзовая Пойма	1	0
6608272	Большие Литвинки	1	0
6608329	Борисово	1	0
6608939	Быково	1	0
6609197	Бубново	1	0
6609680	Красные Ударники	1	0
6609682	Гладково	1	0
6640953	Урняк	1	0
6640983	Вожжи	1	0
6641159	Глядково	1	0
6641869	Циолковский	1	0	2015
6643937	Батово	1	0
6644041	Аракюля	1	0
6644043	Горки	1	0
6644052	Везиково	1	0
6644094	Восемьдесят первый километр	1	0
6644109	Ивановское	1	0
6644113	Жилгородок	1	0
6644114	Большое Тешково	1	0
6644130	Гатчинский район	1	0
6646321	Ломаха	1	0
6646371	Извара	1	0
6646402	Широково	1	0
6647615	Сельцо	1	0
6650745	Тимково	1	0
6650746	Хворостинино	1	0
6651733	Масленниково	1	0
6651734	Козлово	1	0
6654193	Старое Четово	1	0
6654215	Новое Четово	1	0
6657212	Ивановка	1	0
6662873	Уразовка	1	0
6663372	Раслово	1	0
6663374	Напрудное	1	0
6666741	Дмитрово-Черкассы	1	0
6667916	Раёк	1	0
6695754	Когалым	1	0
6696767	Лангепас	1	0
6703629	Колосово	1	0
6704561	Шульгино	1	0
6716799	Русятино	1	0
6730152	Мартьяново	1	0
6730265	Оболенск	1	0
6755958	Красное	1	0
6857713	Линьки	1	1
6930743	Взморье	1	0
6957703	Курское	1	0
6957703	Кишла́в	0	1
6957910	Ровное	1	0
6957910	Караса́н	0	1
6974508	Кизиловое	1	0
6974508	Карага́ч	0	1
6974508	Кизи́ловка	0	1
6974509	Каштановое	1	0
6974516	Приятное Свидание	1	0
6974567	Левадки	1	0
6974568	Трёхпрудное	1	0
6974568	Тере́к-Эли́	0	1
6974930	Нижнезаморское	1	0
6974936	Станционное	1	0
6974936	разъезд Ташлыяр	0	1
6974943	Затишное	1	0
6975347	Белоглинка	1	0
6975347	Актачи́-Кия́т	0	1
6976172	Комсомольское	1	0
6980613	Кичкине́	0	1
6980613	Маленькое	0	0
6981116	Куприно	1	0
6981116	Узкасты́	0	1
6981117	Дивное	1	0
6981117	Казанчи́	0	1
6981146	Радужное	1	0
6981146	Ваку́ф-Кир-Байла́р	0	1
6981147	Новоалексеевка	1	0
6981497	Звёздное	1	0
6981497	Очка́-Байла́р	0	1
6981547	Солнечное	1	0
6981863	Новониколаевка	1	0
6982928	Обрыв	1	0
6982928	Чумакары	0	1
6982930	Фонтаны	1	0
6982930	Ягмурча́	0	1
6982932	Залесье	1	0
6982946	Константиновка	1	0
6982950	Топольное	1	0
6983045	Клиновка	1	0
6983045	Джума́-Кесе́к-Арату́к	0	1
6983045	Кисе́к-Арату́к	0	1
6983046	Андрусово	1	0
6983708	Урожайное	1	0
6983708	Бруси́лово	0	1
6983708	Чоюнчи́	0	1
6983708	Чуюнча́	0	1
6983811	Новоивановка	1	0
6983930	Менделеево	1	0
6983972	Искра	1	0
6984505	Давыдово	1	0
6984505	Шейхко́й	0	1
6984521	Беки́-Эли́	0	1
6984521	Живописное	0	0
6984570	Трудовое	1	0
6985381	Тёплое	1	0
6985381	Чешмеджи́	0	1
6985959	Красновка	1	0
6985990	Нижние Орешники	1	0
6985990	Ни́жние Фундуклы́	0	1
6985994	Владимировка	1	0
6985994	Алексе́евка	0	1
6985994	Конечи́	0	1
6986037	Салгирка	1	0
6986046	Заречное	1	0
6986046	Тавмай	0	1
6986072	Тургенево	1	0
6986072	Комзе́т	0	1
6986099	Новоалександровка	1	0
6986159	Верхние Орешники	1	0
6986159	Ве́рхние Фундуклы́	0	1
6986164	Баланово	1	0
6986267	Петрово	1	0
6986268	Лесноселье	1	0
6986268	Тав-Даи́р	0	1
6986274	Лазаревка	1	0
6986274	Бура́	0	1
6987036	Розовый	1	0
6987212	Чайковское	1	0
6987212	Ени́-Сала́	0	1
6988065	Вишнёвое	1	0
6988112	Докучаево	1	0
6988112	Теленчи́	0	1
6988115	Мельничное	1	0
6988115	Терекли́-Шейх-Эли́	0	1
6988189	Нижняя Кутузовка	1	0
6988474	Овражки	1	0
6988474	Кайнау́т	0	1
6988475	Яковлевка	1	0
6988475	Казы́-Эли́	0	1
6989300	Новогригорьевка	1	0
6994814	Орловка	1	0
6994814	Крымча́к	0	1
6997290	Дрофино	1	0
6997290	Большой Матис	0	1
6997290	Малый Матис	0	1
6997316	Яблочное	1	0
6997322	Карасёвка	1	0
6997322	Карасу́-Баши́	0	1
6997393	Кирпичное	1	0
6997393	Бурче́к	0	1
6997414	Косточковка	1	0
6997414	Эшкене́	0	1
6997422	Серово	1	0
6997422	Эшкене́	0	1
6997430	Фрунзе	1	0
6997430	Бюйте́нь	0	1
6997441	Павловка	1	0
6997441	Тога́й	0	1
6998262	Дозорное	1	0
6998263	Черемисовка	1	0
6998263	Копырлико́й	0	1
6998264	Кизиловка	1	0
6998378	Горлинка	1	0
6998378	Бий-Эли́	0	1
6998379	Мелехово	1	0
6998379	Текие́	0	1
6998397	Северное	1	0
6998397	Джепа́р	0	1
6998407	Привольное	1	0
6999248	Родники	1	0
6999248	Чокра́к	0	1
6999249	Радостное	1	0
6999249	Без-Байла́н	0	1
6999453	Еленовка	1	0
6999493	Кривцово	1	0
6999493	Бурунду́к	0	1
6999493	Тобе́н-Сара́й	0	1
6999568	Новый Мир	1	0
6999718	Коломенское	1	0
6999718	Нас. пункт с-за им. 15 лет ВЛКСМ	0	1
6999844	Учебное	1	0
6999844	Ве́рхний Топлу́	0	1
7007541	Новосёловка	1	0
7007541	Анта́й	0	1
7015932	Kazach’ye	0	0
7018273	Машино	1	0
7018273	Юзле́р	0	1
7018274	Красный Партизан	1	0
7018274	Краснопартиза́нская	0	1
7018417	Эгое-Эли	0	1
7018418	Новоникольское	1	0
7018418	нас. пункт 2-го отд. совхоза Большевик	0	1
7018419	Krasnopol’noye	0	0
7018423	Кукурузное	1	0
7018423	Тайма́з	0	1
7018423	Трудолю́бовка	0	1
7018897	Razdol’noye	0	0
7018898	Корнеевка	1	0
7018898	Капчу́к	0	1
7018913	Некрасово	1	0
7018913	Большевик	0	1
7019123	Новосельцы	1	0
7019123	Фрайдорф	0	1
7019124	Владимирово	1	0
7019124	Нейгофнунгста́ль	0	1
7019126	Красная Долина	1	0
7019147	Новодолинка	1	0
7019147	Ней-Либента́ль	0	1
7019166	Буревестник	1	0
7019166	Сетки́н	0	1
7019168	Плодовое	1	0
7019168	Челебиле́р	0	1
7019170	Разливы	1	0
7019170	Сеитле́р-Ваку́ф	0	1
7019171	Линейное	1	0
7019171	Чуча́-Ваку́ф	0	1
7019172	Счастли́вцева	0	1
7019172	Zelënoye	0	0
7019388	Семенное	1	0
7019388	Бешара́н	0	1
7019389	Уваровка	1	0
7019389	Бурна́ш	0	1
7019390	Лиственное	1	0
7019391	Родники	1	0
7019391	Айкаше́н	0	1
7019391	Айки́ш	0	1
7019424	Тимашовка	1	0
7019424	Джан-Кисе́к	0	1
7019424	Джаны́-Кесе́к	0	1
7019513	Ближнее	1	0
7019513	Кия́т	0	1
7019513	Кокчора́-Кыя́т	0	1
7019622	Чапаево	1	0
7019622	Нейшпроцунг	0	1
7019626	Нахимово	1	0
7019626	Меше́нь	0	1
7019628	Ларино	1	0
7019628	6-й переселенческий уч-ок	0	1
7019792	Кунцево	1	0
7019792	Баш-Кыргы́з	0	1
7019792	Переселенческий участок № 106	0	1
7019825	Oktyabr’skiy	0	0
7019857	Двуречье	1	0
7019857	Бий-Газы́ Ру́сские	0	1
7019857	Ка́рповка	0	1
7019859	Цветущее	1	0
7019859	Кра́сный Корпе́	0	1
7019903	Победино	1	0
7019903	Алгазы́-Конра́т	0	1
7019904	Славянка	1	0
7019904	Джамбулду́-Ваку́ф	0	1
7019904	Джан-Болды́-Ваку́ф	0	1
7019905	Вольное	1	0
7019905	Фрайле́бен	0	1
7019906	Дубровка	1	0
7019908	Вене́ра	0	1
7019908	Отрадное	0	0
7020095	Золотая Балка (3-е отд.)	1	0
7020097	Первомайское	1	0
7020107	Рощино	1	0
7020108	Серноводское	1	0
7020110	Ближнее	1	0
7020110	Береке́т	0	1
7020111	Фёдоровка	1	0
7020111	Теге	0	1
7020265	Степановка	1	0
7020265	Фёдоровка	0	1
7020270	Рысаково	1	0
7020270	Асс-Джаракчи́	0	1
7020271	Дмитриевка	1	0
7020272	Мичуриновка	1	0
7020273	Тимофеевка	1	0
7020274	Константиновка	1	0
7020275	Озёрное	1	0
7020275	Но́вый Джанко́й	0	1
7020275	Узу́н-Сака́л Тата́рский	0	1
7020277	Дорожное	1	0
7020283	Новопавловка	1	0
7020284	Новоконстантиновка	1	0
7020285	Новофёдоровка	1	0
7020285	Ау́з-Кенеге́з	0	1
7020287	Бородино	1	0
7020287	Миха́йловка	0	1
7020923	Апрелевка	1	0
7020924	Благодатное	1	0
7020927	Сливянка	1	0
7020927	Бойс-Демех	0	1
7020927	Кыр-Алике́	0	1
7020927	Тарха́н Тихоне́нко	0	1
7020988	Жилино	1	0
7020988	Джадра́-Борла́к	0	1
7020989	Ясное	1	0
7020990	Калиновка	1	0
7020992	Надеждино	1	0
7020992	Тогу́н	0	1
7020993	Комсомольское	1	0
7020996	Болотное	1	0
7020996	Бабота́й	0	1
7021003	Изумрудное	1	0
7021025	Озерки	1	0
7021025	Бары́н Тата́рский	0	1
7021026	Многоводное	1	0
7021026	Артезиа́нское	0	1
7021026	Бары́н Армя́нский	0	1
7021029	Родное	1	0
7021029	Бай-Онла́р	0	1
7021031	Волошино	1	0
7021036	Холмовка	1	0
7021036	Заланко́й	0	1
7021038	Шатры	1	0
7021038	Бозгана́	0	1
7021039	Знаменка	1	0
7021039	Вороши́лово	0	1
7021040	Снегирёвка	1	0
7021040	Ле́ккерт	0	1
7021041	Пахаревка	1	0
7021047	Тутовое	1	0
7021047	Джара́к	0	1
7021048	Луганское	1	0
7021048	28-й участок	0	1
7021049	Ударное	1	0
7021049	Джадра́-Шейх-Эли́	0	1
7021061	Ветвистое	1	0
7021061	Маму́т	0	1
7021062	Митюрино	1	0
7021077	Богачёвка	1	0
7021077	Байсары́	0	1
7021078	Малое Садовое	1	0
7021078	Кучу́к-Сюре́нь	0	1
7021079	Выпасное	1	0
7021079	Совхоз «Ишунь»	0	1
7021083	Радгоспное	0	0
7021087	Вишнёвое	0	0
7021087	Vishnëvoye	0	0
7021088	Зелëное	0	0
7021088	Zelënoye	0	0
7021103	Тургенево	1	0
7021103	Кирк-Бель	0	1
7021108	Полевое	0	0
7021112	Нижняя Голубинка	1	0
7021112	Ни́жнее Заре́чье	0	1
7021112	Ни́жняя Фоти́-Сала́	0	1
7021130	Яснополянское	1	0
7021138	Аромат	1	0
7021138	Витим	0	1
7021655	Комсомольское	0	0
7021657	Новопавловка	0	0
7021673	Светлое	0	0
7021674	Новое	0	0
7021681	Жовтневое	0	0
7021682	Rachëvka	0	0
7021689	Мирное	0	0
7021692	Малоалександровка	0	0
7021695	Приветное	0	0
7022083	Ильинка	0	0
7022086	Долинское	0	0
7022348	Дружное	0	0
7022349	Доброселье	0	0
7022350	Абрикосовка	0	0
7022352	Юбилейное	0	0
7022353	Морозовка	0	0
7022355	Кучерявовладимировка	0	0
7022356	Дружба	0	0
7022357	Шевченко	0	0
7022678	Наталовка	0	0
7022681	Кудрявое	0	0
7022691	Марченко	0	0
7022711	Счастливое	0	0
7022727	Заозёрное	0	0
7022727	Zaozërnoye	0	0
7022744	Слиненко	0	0
7022744	Сокирки	0	0
7025405	Новоозёрное	1	0
7025408	Шаумян	1	0
7025408	Участок № 36б	0	1
7025409	Известковое	1	0
7025409	Населённый пункт подсобного хозяйства Всекоопин страхкассоюза	0	1
7025979	Солдатское	1	0
7025979	Седжеву́т	0	1
7025979	Сеит-Джеу́т	0	1
7025983	Ленское	1	0
7025983	Дорт-Сака́л	0	1
7025985	Тихоновка	1	0
7025985	Боз Тата́рский	0	1
7026739	Черново	1	0
7026739	Фрайдорф	0	1
7026746	Овражное	1	0
7026746	Борага́н	0	1
7026746	Ста́рый Борага́н	0	1
7026751	Красноармейское	1	0
7026751	Коджала́к	0	1
7026752	Ульяновка	1	0
7026758	Зоряное	1	0
7026772	Журавлёвка	1	0
7026784	Фрунзе	1	0
7026792	Пшеничное	1	0
7026792	Учевли́-Орка́	0	1
7026799	Упорное	1	0
7026799	Кия́т-Орка́	0	1
7026819	Кукушкино	1	0
7026819	Караба́-Куку́ш	0	1
7026822	Нас. пункт фермы № 1 совхоза Мона́й	0	1
7026824	Сенокосное	1	0
7026824	Бозу́к-Кую́	0	1
7026824	Бузукко́й	0	1
7026828	Коммунарное	1	0
7026828	Кереи́т	0	1
7026831	Левитановка	1	0
7026831	Участок № 123	0	1
7026832	Макаровка	1	0
7026832	Кире́й	0	1
7026832	Та́бор-Кире́й	0	1
7026835	Фёдоровка	1	0
7026836	Максимовка	1	0
7026836	Ата́й Неме́цкий	0	1
7026838	Червоное	1	0
7026838	Ак-Шейх Тата́рский	0	1
7026850	Трактовое	1	0
7026850	Каланча́к	0	1
7026858	Сватово	1	0
7026858	Султана́ш	0	1
7026865	Привольное	1	0
7026865	Берды́-Була́т	0	1
7026869	Братское	1	0
7026869	Ста́рый Яла́нташ	0	1
7026869	Яланту́ш	0	1
7026895	Новорыбацкое	1	0
7026896	Совхозное	1	0
7026993	Танковое	1	0
7026993	Участок № 9	0	1
7026998	Уткино	1	0
7026998	Кучу́к-Бустерчи́	0	1
7027000	Крепкое	1	0
7027002	Пролетарка	1	0
7027002	Асс	0	1
7027004	Почётное	1	0
7027004	Тузла́	0	1
7027042	Маяк	1	0
7027764	Озёровка	1	0
7027764	Тереклы́-Асс	0	1
7027852	Внуково	1	0
7027852	Яшпе́к	0	1
7028122	Новоульяновка	1	0
7031339	Чонгар	0	0
7032306	Щорсовка	0	0
7033460	Хуторок	1	0
7033460	Аджи́-Байчи́	0	1
7033629	Лиманное	1	0
7033629	Населенный пункт совхоза Тюп-Мама́й	0	1
7033830	Нива	1	0
7033830	Теге́ш № 1	0	1
7033831	Туннельное	1	0
7033831	Орта́-Мама́й № 5	0	1
7034932	Каменоломня	1	0
7034948	Прибрежное	1	0
7034948	Кара́-Тобе́	0	1
7035124	Владимировка	1	0
7036030	Геройское	1	0
7036030	Ашага́-Джами́н	0	1
7036030	Го́рьковское	0	1
7036035	Сторожевое	1	0
7036035	Аза́т	0	1
7036370	Куликовка	1	0
7036370	Кучу́к-Актачи́	0	1
7037622	Карьерное	1	0
7037622	Но́вый Коту́р	0	1
7037690	Зерновое	1	0
7037691	Тимошенко	1	0
7037691	Озенба́ш	0	1
7037692	Рогово	1	0
7037692	Ени́-Сала́	0	1
7037693	Чеботарка	1	0
7037693	Чобата́р	0	1
7037694	Червонное	1	0
7037697	Новый Мир	1	0
7039154	Новофёдоровка	1	0
7039160	Школьное	1	0
7039161	Аркадьевка	1	0
7039161	Таки́л	0	1
7039161	Такы́л	0	1
7039963	Александровка	1	0
7039964	Ключевое	1	0
7039964	Кара́-Чора́	0	1
7039965	Винницкое	0	0
7039969	Равнополье	1	0
7039969	Но́вые Байда́ры	0	1
7039996	Прудовое	1	0
7039997	Дубровка	1	0
7039999	Горка	1	0
7040002	Тополи	1	0
7040005	Растущее	1	0
7040005	Ойсунки́	0	1
7040006	Стальное	1	0
7040008	Каштаны	1	0
7040008	Но́вый Бурлю́к	0	1
7040009	Шевченково	1	0
7040009	Коджу́к-Эли́	0	1
7040014	Кочергино	1	0
7040014	Бакка́л-Су	0	1
7040016	Самохвалово	1	0
7040016	Шаку́л	0	1
7040018	Севастьяновка	1	0
7040019	Новопавловка	1	0
7040021	Ароматное	1	0
7040051	Викторовка	1	0
7040051	Кучу́к-Яшла́в	0	1
7040059	Солнечный	1	0
7040068	Полюшко	1	0
7040084	Айвовое	1	0
7040084	Эфендико́й	0	1
7040122	Красная Заря	1	0
7040122	Акше́их	0	1
7040122	Чоткара́	0	1
7040128	Речное	1	0
7040129	Новенькое	1	0
7040129	Аранко́й	0	1
7040134	Машино	0	0
7040134	Татарко́й	0	1
7040136	Предущельное	1	0
7040136	Кош-Дегерме́н	0	1
7040138	Мостовое	1	0
7040139	Железнодорожное	1	0
7040140	Пироговка	1	0
7040140	Гаджико́й	0	1
7040143	Подгорное	0	1
7040588	Качкаровка	0	0
7040589	Двойное	0	0
7040593	Ковыльное	0	0
7040593	Kovyl’noye	0	0
7040723	Заводское	1	0
7040723	Кра́сный Кут	0	1
7041041	Дмитровка	0	0
7041042	Дудник	0	0
7041909	Over’yanovka	0	0
7042341	Улыбышево	1	0
7042824	Мытищи	1	0
7044287	Старый Алтынжар	1	0
7044299	Алтынжар	1	0
7044511	Лиходедовка	0	0
7044515	Новодмитровка Вторая	0	0
7045045	Садовое	0	0
7045077	Квитковое	0	0
7045083	Дивное	0	0
7046430	Зелёное	0	0
7046430	Zelënoye	0	0
7046676	Любимовка	0	0
7046677	Михайловка	0	0
7046678	Sal’kovo	0	0
7046769	Боевое	0	0
7046770	Велетнёвка	0	0
7046770	Veletnëvka	0	0
7046772	Владимировка	0	0
7046773	Сергеевка	0	0
7046808	Москаленко	0	0
7046809	Ровное	0	0
7046811	Трудовое	0	0
7046812	Зерновое	0	0
7046814	Жовтневое	0	0
7046815	Радянское	0	0
7046896	Привольное	0	0
7046896	Privol’noye	0	0
7046897	Пробуждение	0	0
7046899	Гаевое	0	0
7047164	Новый Мир	0	0
7047166	Запорожье	0	0
7047166	Zaporozh’ye	0	0
7047167	Раздолье	0	0
7047167	Razdol’ye	0	0
7047168	Акимовка	0	0
7047169	Акимовское	0	0
7048357	Макшиевка	0	0
7048358	Новый Свет	0	0
7048359	Зелёный Гай	0	0
7048359	Zelënyy Gay	0	0
7048362	Новоефремовка	0	0
7048364	Червоное	0	0
7077674	Шушково	1	0
7080031	Лазарево	1	0
7080666	Заноги	1	0
7080724	Вараксино	1	0
7094590	Неёлово 1-е	1	0
7094591	Неёлово 2-е	1	0
7115017	Темерник	1	0
7117224	Прибрежный	1	0
7117880	Заря	1	0
7117885	Радужный	1	0
7279491	Дружная	1	0
7287685	Кучино	1	0
7289676	Покачи	1	0
7290697	Излучинск	1	0
7303620	Веськово	1	0
7304205	Новая Шомохта	1	0
7406717	Первомайское	1	0
7406717	Караго́з	0	1
7406931	Отважное	1	0
7406931	Кашка́-Чокра́к	0	1
7406932	Наниково	1	0
7406933	Солнечное	1	0
7406934	Пионерское	1	0
7406943	Матросовка	1	0
7406943	Кру́глик Болга́рский	0	1
7406944	Тутовка	1	0
7406944	Аса́н-Бай Тата́рский	0	1
7406944	Изоби́льное	0	1
7406945	Жемчужина Крыма	1	0
7406947	Садовое	1	0
7406947	Капусталы́к	0	1
7407108	Узловое	1	0
7407109	Степное	1	0
7407109	Новоникола́евка	0	1
7407352	Красновка	1	0
7407352	Ерчи́	0	1
7407352	Кра́сные Ерчи́	0	1
7407362	Георгиевка	1	0
7407362	Новогео́ргиевка	0	1
7407363	Дятловка	1	0
7407363	Караба́й-Килиус	0	1
7407369	Марково	1	0
7407369	Шаку́л	0	1
7407370	Ореховка	1	0
7407370	Ма́лые Келечи́	0	1
7407370	Приве́тное	0	1
7437960	Мурманский	1	0	21.02.1938
7443088	Орлянка	1	0
7450083	Мамай	1	0
7458389	Кусак	1	0
7459038	Староабашёво	1	0
7492986	Ямище	1	0
7494058	Головачово	1	0
7536146	Сяпся	1	0
7536147	Сингапай	1	0
7576199	Герцено	1	0
7597686	Демидова Гора	1	0
7601078	Смолино	1	0
7601170	Шевляково	1	0
7601314	Максимково	1	0
7601315	Ширяево	1	0
7601828	Ногинск-9	1	0
7606562	Грядницы	1	0
7608375	Шижма	1	0
7611436	Извоз	1	0
7647238	Артемовское	0	1
7647238	Хромово	0	0
7647239	Клиновое	0	0
7647240	Попасное	0	0
7664493	Булдынка	1	0
7664964	Грозный	1	0
7665136	Корчи	1	0
7665137	Гатка	1	0
7665138	Ясная Поляна	1	0
7665139	Гривка	1	0
7665140	Победа	1	0
7665193	Рябиновка	1	0
7688215	Старая Рязань	1	0
7690564	Махринские Выселки	1	0
7751986	Нижнецепляевский	1	0
8072696	Старая Мельница	1	0
8125833	Мощное	1	0
8125834	Можжевельниково	1	0
8125843	Манола	1	0
8125845	Балтийское	1	0
8125847	Зеркальный	1	0
8125855	Красная Долина	1	0
8125856	Мамонтовка	1	0
8125857	Мысовое	1	0
8125858	Заречье	1	0
8125997	Лейпясуо	1	0
8126049	Лебедевка	1	0
8128742	Камышовка	1	0
8128745	Бойково	1	0
8128746	Мухино	1	0
8128840	Остров	1	0
8128841	Каменногорск	1	0
8128845	Правдино	1	0
8129110	Новоабзаково	1	0
8247863	Северный	1	0
8249192	Прилук	1	0
8256049	Хутор	1	0
8260661	Емар	1	0
8299506	Новофрязино	1	0
8299507	Ново	1	0
8335370	Михалково	1	0
8410751	Утёс	1	0
8410751	Кучу́к-Ламба́т	0	1
8428962	Зеленая поляна	1	0
8436304	Токкари	1	0
8457840	Многоречье	1	0
8457840	Кучу́к-Озенба́ш	0	1
8504666	Новлянки	1	1
8521440	Дзержинский	1	0
8555881	Горный курорт Роза Хутор. Роза Долина.	1	0
8581618	Октябрьский	1	0
8617173	Таквари	1	0
8629516	Янискоски	1	0
8630146	Молодцово	1	0
8669631	Рыбное	1	0
8675153	Подосинки	1	0
8996464	Охотничье	1	0
8996515	Куйбышево	1	0
8996515	Иса́р	0	1
8996520	Линейное	1	0
8996522	Чайка	1	0
8996523	Виноградное	1	0
8996523	1-е отделение винсовхоза Кастель	0	1
8996524	Лазурное	0	0
8996525	Лавровое	1	0
8996525	Куркуле́т	0	1
8996526	Петропавловка	1	0
8996612	Айкаван	1	0
8997005	Совхозное	1	0
8997005	Теми́р-Ага́	0	1
8997506	Битумное	1	0
8997509	Грушевое	1	0
8997509	Кара́-Кия́т	0	1
8997529	Рассадное	1	0
8997535	Сирень	1	0
8997538	Дальнее	1	0
8997574	Ходжа-Сала	1	0
8997917	Новый Сад	1	0
8997926	Пролётное	1	0
8998635	Демьяновка	1	0
8998635	Азизко́й	0	1
8998638	Ивановка	1	0
8998638	Бешкуртка́	0	1
8999050	Краснокаменка	1	0
8999084	Прибрежное	1	0
8999090	Петрово	1	0
9006283	Партизанское	1	0
9111612	Петровка	0	0
9112048	Krasnopol’ye	0	0
9112086	Фёдоровка	1	0
9112086	Луначарское	0	1
9112086	Lunacharskoye	0	1
9112125	Vol’no	0	0
9112127	Котлино	0	0
9112127	Dimitrovo	0	1
9112444	Novomar’yevka	0	0
9112480	Юрьевка	0	0
9112480	Worowsskoje	0	1
9112493	Григоровка	1	0
9112493	Григорьевка	0	0
9112493	Ленинское	0	1
9112513	Aleksandropol’	0	0
9112865	Зирка	0	0
9112865	Черво́ная Зи́рка	0	1
9112865	Chervonaya Zirka	0	1
9112866	Zaporozh’ye	0	0
9112905	Ленино	0	0
9112905	Молодецкое	0	0
9112905	Lenino	0	1
9113126	Mineral’naya	0	0
9113132	Степовое	0	0
9113199	Бетманово	0	0
9113199	Красный Партизан	0	1
9113489	Oktyabr’skoye	0	0
9113818	Калиновка	0	0
9113920	Novokas’yanovka	0	0
9114121	Шумы	0	0
9116576	Дебальцевское	0	0
9116576	Коммуна	0	1
9116576	Kommuna	0	1
9120302	Zelenodol’skoye	0	0
9120405	Velikomedvezh’ye	0	0
9120414	Малокалиново	0	0
9120414	Malokalinovo	0	0
9120415	Нижняя Шевы́ревка	0	0
9120507	Ореховая Балка	0	0
9120513	Porech’ye	0	0
9123546	Беленькое	0	0
9123546	Belen’koye	0	0
9123588	Благовещенка	0	0
9124669	Металлист	0	0
9124669	Metallist	0	0
9185236	Khar’kovo	0	0
9187912	Богдановка	0	0
9265818	Khmel’nitskiy	0	0
9291470	Oktyabr’skoye	0	0
9291559	Имени Степана Бандеры	0	0
9389143	Будёновец	1	0
9389144	Кикино	1	0
9389389	Новогуслево	1	0
9389390	Поддубки	1	0
9389393	Ерёмино	1	0
9403091	Ахтимнеево	1	0
9408063	Старая Табага	1	0
9529276	Криничное	0	0
9529276	Oktjabrsskoje	0	1
9529276	Oktyabr’skoye	0	1
9529579	Петровка	0	0
9529587	Диановка	0	0
9529587	Кировское	0	1
9529587	Kirovskoe	0	1
9529587	Kirovskoye	0	1
9529606	Azov-Kol’tso	0	0
9530221	Верхнешироковское	0	0
9530221	Октябрь	0	1
9530231	Пикузы / Коминтерново	1	0
9530231	Коминтерново	0	1
9530231	Пикузы	0	0
9642873	Примисское	1	1
9642873	Пригородное	0	0
9642873	Радянская Украина	0	1
9642873	Советская Украина	0	1
9642873	Radyanskaya Ukraina	0	1
9643455	Bogatyr’	0	0
9643489	Zelënoye	0	0
9643512	Новая Оленовка / Петровское	1	0
9643512	Petrovskoye	0	1
9644096	Signal’noye	0	0
9644166	Dal’noye	0	0
9644995	Podspor’ye	0	0
9794312	Кушки	1	0
9794323	Приветино	1	0
9794385	Капустино	1	0
9827992	Горшково	1	0
9827993	Абрамцево	1	0
9855468	Сорокино	1	0
9855469	Бельское	1	0
9855471	Глинки	1	0
9855472	Лучинское	1	0
9869397	Priozërnoye	0	0
9872200	Novosëlka	0	0
9872201	Belen’koye	0	0
9872305	Tel’man	0	0
9916049	Ивановка	0	0
9921405	Плодовoе	0	0
9921488	Райское	0	0
9922361	Тополёвка	0	0
9922361	Topolëvka	0	0
9922471	Кудасово	0	0
9955848	Орево	1	0
9972857	Плетенево	1	0
9993702	Заветная	0	0
9993864	Старолукьяновка	0	0
9993864	Staroluk’yanovka	0	0
9997347	Волынское	0	0
9997522	Просторое	0	0
10029333	Братское	0	0
10029333	Дальнее	0	0
10029333	Dal’neye	0	0
10029334	Братское	0	0
10029334	Заповитное	0	0
10029335	Остапенко	0	0
10029335	Четвёртое Отделение Совхоза	0	0
10029335	Chetvërtoye Otdeleniye Sovkhoza	0	0
10029336	Дальнее	0	0
10029336	Заповитное	0	0
10029336	Dal’neye	0	0
10035822	Сокологорное	0	0
10035824	Гавриловка	0	0
10038395	Кирово	0	0
10038396	Веселовка	0	0
10038397	Квитковое	0	0
10103925	Сущёво	1	0
10104086	Введенский	1	0
10144522	Ul’yanovka	0	0
10172390	Дьяконово	1	0
10179988	Новотроицкое	0	0
10179989	Восьмихатки	0	0
10179989	Vos’mikhatki	0	0
10179990	Украинский Рабочий	0	0
10179990	Украинское	0	0
10182493	Пчёлка	0	0
10182493	Pchëlka	0	0
10182645	Сиваш	0	0
10195187	Черноземное	0	0
10195188	Шевченко	0	0
10195189	Высокое	0	0
10195190	Поляновка	0	0
10195469	Степовое	0	0
10195470	Михайловское	0	0
10197815	Весняное	0	0
10197816	Maksima Gor’kogo	0	0
10201835	Александровка	0	0
10201840	Васильевка	0	0
10201840	Vasil’yevka	0	0
10201841	Андреевка	0	0
10201844	Озёрное	0	0
10201844	Ozërnoye	0	0
10235544	Верхнее Джемете	1	0
10239349	Филипповка	1	0
10290893	Ивановское	1	0
10290898	Мележа	1	0
10303295	Голубино	1	0
10310715	Акрополис	1	0
10310716	Ана-Юрт	1	0
10310716	Белое-6	0	1
10317726	Азов / Дзержинское	1	0
10317726	Дзержинское	0	1
10317726	Dzerzhinskoye	0	1
10347527	Красновка	0	0
10347631	Новобратское	0	0
10347632	Благодатное	0	0
10347639	Марьино	0	0
10347639	Mar’ino	0	0
10347645	Софиевка	0	0
10347646	Светловка	0	0
10347693	Заречное	0	0
10627496	Ванино	1	0
10629072	Дубцы	1	0
10629470	Реммаш	1	0
10629523	Аничково	1	0
10629766	Новошихово	1	0
10630029	Татищево	1	0
10630030	Пересветово	1	0
10793897	Зверково	1	0
10793898	Маньково	1	0
10793901	Посевьево	1	0
10793902	Опарино	1	0
10793903	Благовещенье	1	0
10793904	Дятлино	1	0
10859163	Талицы	1	0
10870927	Vasil’kovskoye	0	0
10870931	Vol’noye	0	0
10870957	Kazach’ye	0	0
10871011	Razdol’ye	0	0
10941930	Корнево	1	0
10951325	Privol’noye	0	0
10951578	Мирное	0	0
10951593	Noviy Melitopol’	0	0
11001100	Марциальные Воды	1	0
11011074	Komsomol’skoye	0	0
11012864	Vol’nogrushevskoye	0	0
11012865	Vol’nyanka	0	0
11048530	Молочково-Дубенец	1	0
11048821	Красная Горка	1	0
11049529	Бурачки	1	0
11057618	Артёма	0	1
11057618	Надия	0	0
11090878	Zelënyy Brod	0	0
11090970	Sof’ino-Lyaman	0	0
11096831	Mar’yevka	0	0
11103205	Пестово	1	0
11103533	Торфоболото	1	0
11103534	Борец	1	0
11103535	Лысково	1	0
11103667	Костринский	1	0
11110974	Мичурина	0	0		2024
11125190	Приветное	0	0
11125197	Андреевка	0	0
11128162	Войково	1	0
11129372	Вязниково	1	0
11129372	Шейх-Аса́н	0	1
11138124	Примерное	0	0
11138125	Новоукраинка	0	0
11138126	Шлях Ильича	0	0
11138126	Shlyakh Il’icha	0	0
11147584	Гарбузовка	0	0
11149430	Высокогорное	0	0
11149443	Ручаевка	0	0
11149636	Урицкое	0	0
11151244	Приднепровское	0	0
11151245	Радянское	0	0
11151337	Владимировское	0	0
11151964	Новослободка	0	0
11152108	Лысогорка	0	0
11152665	ЛМС	1	0
11153143	Нижнее Запрудное	1	0
11153636	Сахарная Головка	1	0
11153639	Золотая Балка (1-е отд.)	1	0
11184865	Аэропорт	1	0
11184866	деревня Геофизиков	1	0
11185941	Верхнекировский	1	0
11185943	Усабаш	1	0
11189102	Посёлок Туристического пансионата «Клязьминское водохранилище»	1	0
11204026	Посёлок Санатория Мцыри	1	0
11204295	Марьина Гора	1	0
11204296	Посёлок Санатория Тишково	1	0
11204629	Изобильное	1	0
11204629	Аса́н-Бай Тата́рский	0	1
11204631	Яркое Поле	1	0
11204631	Кра́сный Терче́к	0	1
11205080	Взгляднево	1	0
11205101	Ляпино	1	0
11205331	Новоорловск	1	0
11218506	Угрюмово	1	0
11237579	Известковая	1	0
11237597	Становое	1	0
11237613	Борисово	1	0
11237891	Николаевка	1	0
11237893	Василево	1	0
11237896	Велье	1	0
11237897	Врачово	1	0
11237898	Глядково	1	0
11237903	Гостихино	1	0
11237904	Григоркино	1	0
11237905	Заполье	1	0
11237988	Зиновья Гора	1	0
11237989	Ленинградский Шлюз	1	0
11237991	Мозолево-2	1	0
11238003	Сельхозтехника	1	0
11238004	Симоново	1	0
11238164	Абрамово	1	0
11238173	Бурмакино	1	0
11238174	Ваньково	1	0
11238175	Вахрушево	1	0
11238177	Владычно	1	0
11258225	Приполярный	1	0
11280178	Иннополис	1	0
11281382	Данилково	1	0
11281383	Высоково	1	0
11281385	Копытцево	1	0
11281947	Глазачево	1	0
11287476	Бражниково	1	0
11287477	Дерменцево	1	0
11287478	Жуковка	1	0
11287479	Жулино	1	0
11287480	Ильино	1	0
11287481	Комарово	1	0
11287482	Новоболычево	1	0
11287483	Новоботово	1	0
11287484	Руза	1	0
11287485	Таршино	1	0
11287486	Рысиха	1	0
11287487	Сергово	1	0
11287488	Становище	1	0
11287489	Титово	1	0
11288413	СНТ Безвиль	1	0
11351197	Токарево	1	0
11351199	Тяжинка	1	0
11351200	Шахолово	1	0
11395879	Горлица	1	0
11467860	Кошеванка	1	0
11496730	Маяк	1	0
11496841	Лискинское	1	0
11548902	Танаис	1	0
11557908	Большевик	1	0
11592128	Воскресенье	1	0
11612512	Мирный	1	0
11612514	Полынный	1	0
11669421	Гидроузел	1	0
11669673	Подрезово	1	0
11669704	Ангасольская	1	0
11862944	посёлок Станция Бештау	1	0
11874722	Новые Олешки	0	0
11875622	Садовый	1	0
11875623	Табулгинский	1	0
11875625	Тебисское	1	0
11875632	Яча	1	0
11875765	Алексеевка	1	0
11875773	Вишняки	1	0
11875801	Горка	1	0
11875824	Дунаевка	1	0
11875993	Калиново / Котовского	1	0
11875993	Калиново	0	0
11875993	Котовского	0	1
11875993	Kotovskogo	0	1
11876375	Ильиновка	0	0
11876375	Ильича	0	1
11876375	Il'icha	0	1
11876381	Брод	1	0
11876382	Конечки	1	0
11886886	Семиозёрье	1	0
11886890	Чехов-7	1	0
11886891	Федоровский	1	0
11888164	Новосветловский	1	0
11888165	Кончинино	1	0
11888166	Ближнево	1	0
11888167	Кунисниково	1	0
11888168	Высокий	1	0
11888169	Семёнково-1	1	0
11888181	Кутарбитка	1	0
11888184	Солнечный	1	0
11888185	Каргополь-2	1	0
11888186	Рощинский	1	0
11888187	Коротчаево	1	0
11888188	Славный	1	0
11888189	Пучково	1	0
11888190	Коашва	1	0
11888191	Малые Дубровки	1	0
11888192	Верхнетемерницкий	1	0
11919953	СНТ «Криница»	1	0
11919954	СНТ «Биолог»	1	0
11919956	Рыбхоз	1	0
11994409	Малая Пица	1	0
12041450	Беркуты	1	0
12041451	Звёздный	1	0
12041452	Межгорье	1	0
12041453	Мельчёвка	1	0
12041486	Посёлок учхоза «Пригородный»	1	0
12047213	Ивановка	1	0
12047305	Борок	1	0
12060356	Никольское	1	0
12069836	Посёлок дома отдыха «Авангард»	1	0
12076754	Станция Старица	1	0
12096986	Медянки-Русские	1	0
12096987	Медянки-Татарские	1	0
12096988	Ветцы	1	0
12096989	Кузнечики	1	0
12096990	Старая Слобода	1	0
12096991	Лебедево-Лайф	1	0
12129530	Загорские дали	1	0
12129531	Посёлок имени Тельмана	1	0
12166139	Величково	1	0
12166736	Снопок Новый	1	0
12166737	СНТ Хуторок	1	0
12166738	Ульт-Угун	1	0
12166739	СНТ Северный	1	0
12166740	Берёзовый Рай	1	0
12166741	Курлан	1	0
12173073	Мурманово	1	0
12173076	Владимирский	1	0	28.07.1997
12173098	Ураково	1	0
12173135	Студёные Ключи	1	0
12173170	Междуречье	1	0
12175875	Новое Левино	1	0
12175877	Бабичево	1	0
12175962	Ивановка	1	0
12188498	Правохеттинский	1	0
12188499	Лоза	1	0
12188500	Толчея	1	0
12196214	Юганская Обь	1	0
12213013	Кресты	1	0
12213014	Новый Бомбей	1	0
12213999	Лазаревская	1	0
12214079	Кукушка	1	0
12216703	Лазаревский	1	0
12216704	Рузаны	1	0
12216721	Княжье Озеро	1	0
12216722	Ласковский	1	0
12216723	Десятова	1	0
12216881	Лазарево	1	0
12216882	Лазарево	1	0
12216888	Лазарево	1	0
12216975	Согласие	1	0
12216976	Хвощи	1	0
12216979	Лазарево	1	0
12216980	Лазарево	1	0
12217100	Лазаревка	1	0
12217101	Лазаревка	1	0
12217101	Менгермен	0	1
12217101	Менгермен Русский	0	1
12217102	Лазаревка	1	0
12217103	Лазаревка	1	0
12217455	Новая	1	0
12217458	Лазарево	1	0
12217959	заимка Лазарева	1	0
12218089	Красный Яр	1	0
12218225	Болото	1	0
12218226	Погост	1	0
12218229	Усолье	1	0
12225023	Антониево-Сийский Монастырь	1	0
12225024	Новая	1	0
12225163	Русский Биюк	0	0
12225346	Пукшеньга	1	0
12225422	Красный Вал	1	0	1920
12225454	Хлебодаровка	0	0
12225479	Шаршаны	1	1
12225481	Демьяновка	0	0
12225481	Совхоз им. Дзержинского	0	1
12225643	Семеновский Кут	0	0
12226436	Ново-Карантинная Слободка	0	0
12232535	Масловка	1	0
12232591	Ак-Чокрак	0	0
12233342	Бутеневка	1	0
12233349	Никифоровка	0	1
12233374	Барсуковский	1	0
12238176	Подбелевец	1	0
12238228	Ковыльное	1	0
12238228	Биюк-Асс	0	1		1948
12238228	Ласточкино	0	0
12253646	Паперецкое	1	0
12253652	Брод	1	0
12266952	Бунгино	1	1
12276864	Сахзаводской	1	0
12276965	Дорожный	1	0
12277193	Пустынки	1	0
12307494	Красноярское	1	0
12307494	Дениз-Байчи	0	1		1948
12307494	Денисовка	0	0
12324224	Викторовка	1	0
12324493	Вилкова	1	0
12324602	Бахмут	1	0
12324602	Большая Ильиновка	0	1
12358528	Крайненское	1	0
12358528	Кадыр-Балы	0	1		1948
12358528	Киевка	0	0
12358700	Марьевка	0	0
12359296	Дубровское	1	0
12382006	Мангит	0	0
12382006	Мангут	0	0
12382161	Райское	1	0
12382161	Хутор Уманский	0	1
12486927	Щедрищево	0	0
12489675	Этыркэн	1	0
12489747	Малакановское	1	0
12495287	Большое Страшево	1	0
12495288	Малое Страшево	1	0
12495304	Подгородье	1	0
12519525	Сибирский	1	0
12519735	Лантюг	1	1
12522812	Благодать	1	0
12524886	Акуловка	1	0
12534370	Степное Озеро	1	0
12547072	Доброград	1	0
12557152	Сорум	1	0
12688392	Таежный	1	0
12720011	Северный	1	0
12720018	СХИ	1	0
12749980	Октябрьское	1	0
12750460	Горный	1	0
12902843	Пушкин Завод	1	0
13100224	Анатольевка	1	0
13100239	Берёзки	1	0
13100254	Берендеевка	1	0
13118052	Костыши	1	1	1585
13132854	Озёрный	1	0
13192554	Приузенский	1	0
13308974	Журавлевская	1	0
13426291	Слиненко	0	0
13512497	Карловка	0	0		1945
13512497	Клещеевка	0	0
13535742	Лазурный	0	0
13545886	Дачи	0	0
13562569	Талинка	1	0
13631665	г. Солнечногорск	1	1	1938
