geonameid	name	lat	lon	feature_code	admin1	admin2	population	timezone	modified
452949	Udomlya	57.87597	35.00702	PPLA2	77		32373	Europe/Moscow	2023-05-10
461698	Sosnovka	60.01667	30.35	PPLX	66		66227	Europe/Moscow	2025-02-02
461699	Sasovo	54.35369	41.91986	PPLA2	62		29858	Europe/Moscow	2023-06-14
461740	Zyuzino	55.65608	37.56846	PPLX	48		121000	Europe/Moscow	2013-04-02
461835	Zyablikovo	55.61667	37.76667	PPLX	48	490025	129000	Europe/Moscow	2016-04-01
461863	Zvony	56.62409	28.81604	PPLA3	60		0	Europe/Moscow	2017-05-07
461910	Zverevo	48.02708	40.12305	PPLA2	61		24978	Europe/Moscow	2024-09-12
461916	Zvenigovo	55.97484	48.0178	PPLA2	45		12484	Europe/Moscow	2023-12-11
461964	Zuyevka	58.40244	51.13227	PPLA2	33		11953	Europe/Kirov	2024-01-09
462008	Zubtsov	56.17533	34.58935	PPLA2	77		7397	Europe/Moscow	2023-05-11
462050	Zubova Polyana	54.07813	42.83645	PPLA2	46		10119	Europe/Moscow	2024-05-14
462169	Zolotukhino	52.08706	36.37896	PPLA2	41		4886	Europe/Moscow	2023-10-06
462305	Znamenskoye	53.27644	35.6845	PPLA2	56		1950	Europe/Moscow	2023-05-11
462313	Znamenskoye	43.67669	45.12751	PPLA2	12	523654	9641	Europe/Moscow	2023-12-11
462357	Znamenka	52.41836	41.43166	PPLA2	72		8915	Europe/Moscow	2024-04-20
462377	Zmiyëvka	52.66568	36.37741	PPLA2	56		6288	Europe/Moscow	2023-05-11
462413	Zlynka	52.42679	31.73859	PPLA2	10		5260	Europe/Moscow	2023-04-05
462444	Zlatoust	55.17182	59.65471	PPLA2	13		191366	Asia/Yekaterinburg	2025-02-18
462522	Zimovniki	47.14623	42.47044	PPLA2	61		17678	Europe/Moscow	2024-09-12
462626	Zilair	52.23287	57.44175	PPLA2	08		5872	Asia/Yekaterinburg	2024-12-12
462745	Zhulebino	55.7	37.85	PPLX	48		150000	Europe/Moscow	2014-02-06
462755	Zhukovsky	55.59528	38.12028	PPL	47		97200	Europe/Moscow	2023-05-29
462792	Zhukov	55.02381	36.7422	PPLA2	25		12300	Europe/Moscow	2023-05-11
462822	Zhukovka	53.53381	33.73075	PPLA2	10		19690	Europe/Moscow	2023-04-05
462914	Zhizdra	53.74596	34.73951	PPLA2	25		5737	Europe/Moscow	2023-05-11
462964	Zhiryatino	53.22659	33.72612	PPLA2	10		2324	Europe/Moscow	2023-04-05
462984	Zhirnovsk	50.97879	44.77894	PPLA2	84		17887	Europe/Volgograd	2024-09-12
463082	Zhigulëvsk	53.40332	49.51055	PPLA2	65		57094	Europe/Samara	2025-07-16
463217	Zherdevka	51.85429	41.45488	PPLA2	72		16019	Europe/Moscow	2024-04-20
463340	Zheleznovodsk	44.14318	43.00475	PPLA2	70		24632	Europe/Moscow	2024-01-09
463343	Zheleznogorsk	52.34198	35.35917	PPLA2	41		97900	Europe/Moscow	2023-10-06
463355	Zheleznodorozhnyy	55.744	38.01684	PPL	47	579462	141648	Europe/Moscow	2016-04-11
463516	Zharkovskiy	55.84907	32.267	PPLA2	77		4833	Europe/Moscow	2023-05-11
463637	Zernograd	46.84862	40.31164	PPLA2	61		29268	Europe/Moscow	2024-09-12
463824	Zelenokumsk	44.41044	43.88007	PPLA2	70		41306	Europe/Moscow	2024-01-09
463828	Zelenogradsk	54.95893	20.47668	PPLA2	23	463825	15644	Europe/Kaliningrad	2021-09-07
463829	Zelenograd	55.9825	37.18139	PPL	48		215727	Europe/Moscow	2023-07-08
463835	Zelenodolsk	55.84376	48.51784	PPL	73	Zelenodol'skiy Rayon	99600	Europe/Moscow	2019-09-05
463885	Zelenchukskaya	43.85495	41.59019	PPLA2	27		21117	Europe/Moscow	2024-01-09
464071	Zav’yalovo	56.79196	53.37612	PPLA2	80		0	Europe/Samara	2024-02-08
464112	Zavolzhsk	57.48198	42.13821	PPLA2	21		12847	Europe/Moscow	2023-11-07
464179	Zavetnoye	47.11894	43.88945	PPLA2	61		6711	Europe/Moscow	2024-09-12
464625	Zarechnyy	53.20356	45.19227	PPL	57		63579	Europe/Moscow	2012-01-17
464687	Zaraysk	54.76327	38.88076	PPLA2	47		24637	Europe/Moscow	2023-07-11
464891	Zapadnaya Dvina	56.25901	32.07454	PPLA2	77		9962	Europe/Moscow	2023-05-11
464993	Zaokskiy	54.73028	37.39729	PPLA2	76		6480	Europe/Moscow	2023-05-11
465057	Zamoskvorech’ye	55.73333	37.63333	PPLX	48		55000	Europe/Moscow	2014-02-06
465174	Zalukokoazhe	43.90063	43.2143	PPLA2	22	462156	9997	Europe/Moscow	2024-01-09
465291	Zalegoshch’	52.89907	36.88961	PPLA2	56		5925	Europe/Moscow	2023-05-11
465446	Zakharovo	54.36821	39.27678	PPLA2	62		2882	Europe/Moscow	2023-06-14
465726	Zadonsk	52.3904	38.9261	PPLA2	43		10326	Europe/Moscow	2023-12-11
466060	Yuzhno-Sukhokumsk	44.66033	45.6475	PPLA2	17	830816	10665	Europe/Moscow	2024-02-25
466084	Yuzha	56.58374	42.01177	PPLA2	21		14678	Europe/Moscow	2023-11-07
466119	Yus’va	58.96521	54.96012	PPLA2	90		0	Asia/Yekaterinburg	2024-05-14
466215	Yur’yev-Pol’skiy	56.5046	39.67931	PPLA2	83		19906	Europe/Moscow	2023-09-06
466258	Yur’yevets	57.31213	43.10395	PPLA2	21		11488	Europe/Moscow	2023-11-07
466271	Yur’ya	59.04453	49.27533	PPLA2	33		0	Europe/Kirov	2024-01-09
466349	Yurla	59.32379	54.32209	PPLA2	90		4058	Asia/Yekaterinburg	2024-05-14
466423	Yurino	56.29441	46.30198	PPLA2	45		4199	Europe/Moscow	2023-12-11
466658	Yukhnov	54.74403	35.23233	PPLA2	25		7934	Europe/Moscow	2023-05-11
466674	Yukamenskoye	57.8878	52.245	PPLA2	80		4278	Europe/Samara	2024-02-08
466806	Yoshkar-Ola	56.63877	47.89078	PPLA	45		268272	Europe/Moscow	2022-08-18
466885	Yeysk	46.69263	38.27907	PPLA2	38		87814	Europe/Moscow	2024-09-12
466989	Yessentukskaya	44.02583	42.87491	PPLA2	70		19956	Europe/Moscow	2024-01-09
466990	Yessentuki	44.04826	42.85638	PPLA2	70		81015	Europe/Moscow	2024-01-09
467120	Yershov	51.35595	48.27269	PPLA2	67		23681	Europe/Saratov	2025-07-16
467134	Yershichi	53.6727	32.75484	PPLA2	69		3239	Europe/Moscow	2023-02-10
467246	Yermolayevo	52.70438	55.8206	PPLA2	08		6354	Asia/Yekaterinburg	2024-12-12
467252	Yermish’	54.76847	42.26738	PPLA2	62		4598	Europe/Moscow	2023-06-14
467260	Yermekeyevo	54.07262	53.6749	PPLA2	08		4214	Asia/Yekaterinburg	2024-12-12
467479	Yenotayevka	47.24332	47.02898	PPLA2	07		7985	Europe/Astrakhan	2024-01-09
467525	Yemva	62.5879	50.8634	PPLA2	34		16404	Europe/Moscow	2024-05-14
467711	Yelovo	57.05226	54.92049	PPLA2	90		5570	Asia/Yekaterinburg	2024-05-14
467753	Yel’nya	54.57735	33.18474	PPLA2	69		10050	Europe/Moscow	2023-02-10
467761	Yel’niki	54.62069	43.88242	PPLA2	46		0	Europe/Moscow	2024-05-14
467819	Yelkhovka	53.8669	50.28437	PPLA2	65		3142	Europe/Samara	2025-07-16
467978	Yelets	52.61435	38.50935	PPLA2	43		115688	Europe/Moscow	2023-12-11
468063	Yelan’	50.9488	43.73709	PPLA2	84		15181	Europe/Volgograd	2024-09-12
468082	Yelabuga	55.76232	52.04425	PPLA2	73		72643	Europe/Moscow	2025-09-09
468180	Yekaterinovka	52.04915	44.34624	PPLA2	67		6435	Europe/Saratov	2025-07-16
468250	Yegor’yevsk	55.37952	39.04122	PPLA2	47		85200	Europe/Moscow	2023-07-11
468307	Yegorlykskaya	46.56587	40.6571	PPLA2	61		17978	Europe/Moscow	2024-09-12
468390	Yefremov	53.13762	38.11856	PPLA2	76		45497	Europe/Moscow	2023-05-11
468484	Yazykovo	54.69178	55.0099	PPLA2	08		0	Asia/Yekaterinburg	2024-12-12
468657	Yasnyy	51.03534	59.87234	PPLA2	55		17359	Asia/Yekaterinburg	2024-11-12
468671	Yasnogorsk	54.48091	37.6982	PPLA2	76		18022	Europe/Moscow	2023-05-11
468747	Yashkul’	46.1709	45.34213	PPLA2	24		7203	Europe/Moscow	2024-08-11
468776	Yashalta	46.33849	42.27268	PPLA2	24		4723	Europe/Moscow	2024-08-11
468809	Yasenevo	55.60686	37.51991	PPLX	48		180000	Europe/Moscow	2021-01-26
468866	Yartsevo	55.06491	32.69693	PPLA2	69		52706	Europe/Moscow	2023-02-10
468902	Yaroslavl	57.62987	39.87368	PPLA	88		608722	Europe/Moscow	2025-06-21
468921	Yaroslavichi	60.49275	34.50806	PPLA3	42		200	Europe/Moscow	2017-02-19
468983	Yarensk	62.17359	49.0978	PPLA2	06		3929	Europe/Moscow	2024-02-08
469005	Yaransk	57.30496	47.87387	PPLA2	33		19557	Europe/Kirov	2024-01-09
469017	Yar	58.2458	52.1054	PPLA2	80		7122	Europe/Samara	2024-02-08
469178	Yanaul	56.27233	54.92964	PPLA2	08		27963	Asia/Yekaterinburg	2024-12-12
469470	Yakshur-Bod’ya	57.184	53.16117	PPLA2	80		0	Europe/Samara	2024-02-08
470212	Vysokaya Gora	55.90988	49.31343	PPLA2	73		8013	Europe/Moscow	2025-09-09
470252	Vyshniy Volochëk	57.5888	34.56854	PPLA2	77		53800	Europe/Moscow	2023-05-11
470338	Vyselki	45.58058	39.65741	PPLA2	38		18746	Europe/Moscow	2024-09-12
470437	Vyl’gort	61.62423	50.75724	PPLA2	34		0	Europe/Moscow	2024-05-14
470444	Vyksa	55.32058	42.17402	PPLA2	51		61664	Europe/Moscow	2023-12-11
470451	Vykhino-Zhulebino	55.70196	37.81178	PPLX	48		216000	Europe/Moscow	2014-02-06
470473	Vygonichi	53.09978	34.06741	PPLA2	10		5086	Europe/Moscow	2023-04-05
470546	Vyborg	60.70763	28.75283	PPLA2	42		78633	Europe/Moscow	2026-02-26
470666	Vyazniki	56.24227	42.14911	PPLA2	83		39243	Europe/Moscow	2023-09-06
470676	Vyaz’ma	55.20997	34.29695	PPLA2	69		55500	Europe/Moscow	2023-02-10
470734	Vyatskiye Polyany	56.22912	51.06098	PPLA2	33		39534	Europe/Kirov	2024-01-09
470905	Vuktyl	63.8478	57.30987	PPLA2	34		13693	Europe/Moscow	2024-05-14
471172	Voznesenskoye	54.88979	42.75703	PPLA2	51	471173	6252	Europe/Moscow	2023-12-11
471430	Votkinsk	57.04867	53.9872	PPLA2	80		98633	Europe/Samara	2025-02-10
471607	Voskresenskoye	56.83816	45.4322	PPLA2	51	471642	6028	Europe/Moscow	2023-12-11
471639	Voskresenskoye	51.82194	46.93614	PPLA2	67		3211	Europe/Saratov	2025-07-16
471656	Voskresensk	55.313	38.691	PPLA2	47		77086	Europe/Moscow	2025-09-08
471799	Vorotynets	56.061	45.86522	PPLA2	51	471793	6151	Europe/Moscow	2023-12-11
472045	Voronezh	51.66833	39.19204	PPLA	86		1047549	Europe/Moscow	2025-09-09
472072	Altuf’yevskiy	55.88333	37.58333	PPLX	48		54000	Europe/Moscow	2014-02-06
472113	Vorobyovka	50.6481	40.95028	PPLA2	86		0	Europe/Moscow	2022-07-24
472231	Volzhsky	48.78583	44.77973	PPL	84		323293	Europe/Volgograd	2022-10-05
472234	Volzhsk	55.86661	48.35931	PPLA2	45		58000	Europe/Moscow	2023-12-11
472278	Vol’sk	52.04172	47.38267	PPLA2	67		70500	Europe/Saratov	2025-07-16
472306	Volovo	52.02684	37.88204	PPLA2	43		4036	Europe/Moscow	2023-12-11
472328	Volot	57.92778	30.7025	PPLA2	52	472321	2276	Europe/Moscow	2023-09-16
472428	Volokonovka	50.48504	37.86093	PPLA2	09		12413	Europe/Moscow	2024-10-11
472433	Volokolamsk	56.03361	35.96944	PPLA3	47	472430	25000	Europe/Moscow	2019-09-05
472459	Vologda	59.2239	39.88398	PPLA	85		312420	Europe/Moscow	2022-10-16
472490	Volodarskiy	46.40431	48.53899	PPLA2	07		9509	Europe/Astrakhan	2024-01-09
472494	Volodarsk	56.22547	43.17585	PPLA2	51	472482	10862	Europe/Moscow	2023-12-11
472722	Volkhov	59.92335	32.33966	PPLA2	42	472711	45673	Europe/Moscow	2023-10-06
472732	Nagornyy	55.65	37.61667	PPLX	48	490025	76000	Europe/Moscow	2021-11-11
472750	Volgorechensk	57.44441	41.16335	PPLA2	37		17700	Europe/Moscow	2023-12-11
472757	Volgograd	48.71378	44.4976	PPLA	84		1013533	Europe/Volgograd	2025-09-09
472761	Volgodonsk	47.51141	42.15269	PPLA2	61		167731	Europe/Moscow	2024-09-12
472887	Vokhma	58.93091	46.75927	PPLA2	37		4663	Europe/Moscow	2023-12-11
473122	Vlasikha	55.68423	37.19661	PPLA2	47		0	Europe/Moscow	2023-07-11
473127	Novovladykino	55.85	37.58333	PPLX	48		50000	Europe/Moscow	2013-04-02
473247	Vladimir	56.13854	40.39976	PPLA	83		357024	Europe/Moscow	2025-09-09
473249	Vladikavkaz	43.04101	44.66986	PPLA	68		306258	Europe/Moscow	2025-09-09
473263	Vizinga	61.07321	50.07756	PPLA2	34		6788	Europe/Moscow	2024-05-14
473778	Vidnoye	55.5523	37.70885	PPLA2	47	536086	51721	Europe/Moscow	2023-07-11
473788	Vichuga	57.2145	41.92555	PPLA2	21		39071	Europe/Moscow	2023-11-07
473856	Veydelevka	50.15106	38.44898	PPLA2	09		7280	Europe/Moscow	2024-10-11
473910	Vetluga	57.85516	45.77773	PPLA2	51		8455	Europe/Moscow	2023-12-11
473943	Ves’yegonsk	58.66769	37.26365	PPLA2	77		8200	Europe/Moscow	2023-05-11
473972	Veshnyaki	55.72393	37.81952	PPLX	48	8520891	122000	Europe/Moscow	2016-04-03
473994	Veshkayma	54.05021	47.12197	PPLA2	81		7087	Europe/Ulyanovsk	2025-09-09
473998	Vëshenskaya	49.63084	41.72521	PPLA2	61		9303	Europe/Moscow	2024-09-12
474059	Vesëlyy	47.09245	40.74209	PPLA2	61		8820	Europe/Moscow	2024-09-12
474324	Verkhov’ye	52.81025	37.24187	PPLA2	56		8100	Europe/Moscow	2023-05-11
474370	Verkhoshizhem’ye	58.00814	49.1066	PPLA2	33		4800	Europe/Kirov	2024-01-09
474470	Verkhnyaya Toyma	62.23712	45.00404	PPLA2	06		3790	Europe/Moscow	2024-02-08
474669	Verkhnyaya Khava	51.84242	39.93845	PPLA2	86		7870	Europe/Moscow	2025-07-16
474795	Verkhniy Uslon	55.768	48.9776	PPLA2	73		4265	Europe/Moscow	2025-09-09
474916	Verkhniy Mamon	50.16421	40.38936	PPLA2	86		8278	Europe/Moscow	2025-07-16
474931	Verkhniy Landekh	56.83955	42.59731	PPLA2	21		2009	Europe/Moscow	2023-11-07
474982	Tyrnyauz	43.40578	42.92744	PPLA2	22		0	Europe/Moscow	2026-03-18
475030	Verkhniye Tatyshly	56.28879	55.86031	PPLA2	08		6341	Asia/Yekaterinburg	2024-12-12
475100	Verkhniye Kigi	55.40772	58.60131	PPLA2	08		6885	Asia/Yekaterinburg	2024-12-12
475438	Verkhneyarkeyevo	55.45109	54.30638	PPLA2	08		9357	Asia/Yekaterinburg	2024-12-12
475463	Verkhneural’sk	53.87897	59.21651	PPLA2	13		10267	Asia/Yekaterinburg	2025-02-18
475777	Vereshchagino	58.07815	54.65648	PPLA2	90		22451	Asia/Yekaterinburg	2024-05-14
475881	Venëv	54.35074	38.26304	PPLA2	76		15700	Europe/Moscow	2023-05-11
475915	Vel’ye	56.97005	28.57883	PPLA3	60		0	Europe/Moscow	2017-05-07
475938	Vel’sk	61.06919	42.0992	PPLA2	06		23126	Europe/Moscow	2024-02-08
475955	Velizh	55.60448	31.1986	PPLA2	69		8146	Europe/Moscow	2023-02-10
476077	Velikiye Luki	56.34063	30.54377	PPLA2	60		103149	Europe/Moscow	2023-06-14
476252	Vedeno	42.971	46.09719	PPLA2	12		1472	Europe/Moscow	2023-12-11
476343	Vavozh	56.77513	51.93098	PPLA2	80		5569	Europe/Samara	2024-02-08
476368	Vatutino	55.88441	37.69055	PPLH	48		50000	Europe/Moscow	2016-07-07
476890	Varygino	56.76268	28.53495	PPLA3	60		0	Europe/Moscow	2017-08-01
476982	Varnavino	57.40169	45.08937	PPLA2	51	476980	3278	Europe/Moscow	2023-12-11
477192	Valuyki	50.19661	38.11674	PPLA2	09		35887	Europe/Moscow	2024-10-11
477301	Valday	57.97729	33.25153	PPLA2	52		18549	Europe/Moscow	2023-09-06
477377	Vagonoremont	55.9	37.55	PPLX	48		50000	Europe/Moscow	2015-01-07
477424	Vad	55.53022	44.20671	PPLA2	51	477406	6698	Europe/Moscow	2023-12-11
477432	Vachi	42.07381	47.21474	PPLA2	17		714	Europe/Moscow	2023-10-06
477440	Vacha	55.80029	42.77455	PPLA2	51		6618	Europe/Moscow	2023-12-11
477494	Uzlovaya	53.9839	38.15984	PPLA2	76		58458	Europe/Moscow	2023-05-11
477626	Uvarovo	51.982	42.26175	PPLA2	72		28771	Europe/Moscow	2024-04-20
477656	Uva	56.99081	52.18517	PPLA2	80		19143	Europe/Samara	2024-02-08
477774	Usvyaty	55.74283	30.75194	PPLA2	60		3060	Europe/Moscow	2023-06-14
477789	Usukhchay	41.42245	47.91318	PPLA2	17		1966	Europe/Moscow	2023-10-06
478044	Ust’-Labinsk	45.21439	39.6884	PPLA2	38		44088	Europe/Moscow	2024-09-12
478050	Ust’-Kulom	61.68754	53.68938	PPLA2	34		5205	Europe/Moscow	2024-05-14
478064	Ust’-Kishert’	57.36635	57.24837	PPLA2	90		4413	Asia/Yekaterinburg	2025-06-12
478071	Ust’-Katav	54.9366	58.1757	PPLA2	13		25046	Asia/Yekaterinburg	2025-02-18
478130	Ust’-Dzheguta	44.0834	41.9763	PPLA2	27		34001	Europe/Moscow	2024-01-09
478132	Ust’-Donetskiy	47.64377	40.8718	PPLA2	61		11357	Europe/Moscow	2024-09-12
478197	Uspenskoye	44.83182	41.38647	PPLA2	38		11843	Europe/Moscow	2024-09-12
478269	Usol’ye	59.42209	56.68413	PPLA2	90		5400	Asia/Yekaterinburg	2024-05-14
478317	Usman’	52.04479	39.72569	PPLA2	43		19910	Europe/Moscow	2023-12-11
478532	Urzhum	57.11442	49.99925	PPLA2	33		11333	Europe/Kirov	2024-01-09
478544	Uryupinsk	50.806	42.00923	PPLA2	84		41644	Europe/Volgograd	2024-09-12
478565	Urussu	54.59701	53.45625	PPLA2	73		11279	Europe/Moscow	2025-09-09
478581	Urus-Martan	43.13053	45.53791	PPLA2	12		41480	Europe/Moscow	2024-09-08
478711	Urkarakh	42.16292	47.6303	PPLA2	17		5548	Europe/Moscow	2023-10-06
478724	Uritsk	59.83889	30.17528	PPLX	66		55037	Europe/Moscow	2014-02-06
478757	Uren’	57.46125	45.78558	PPLA2	51		12309	Europe/Moscow	2023-12-11
478782	Urazovka	55.40068	45.61552	PPLA2	51		1884	Europe/Moscow	2023-12-11
478996	Uni	57.75545	51.48927	PPLA2	33		4767	Europe/Kirov	2024-01-09
479028	Unecha	52.84294	32.68761	PPLA2	10		29028	Europe/Moscow	2023-04-05
479056	Umët	52.5628	42.97214	PPLA2	72		0	Europe/Moscow	2024-04-20
479123	Ulyanovsk	54.32824	48.38657	PPLA	81	479105	626540	Europe/Ulyanovsk	2022-10-16
479411	Ukhta	63.56904	53.69141	PPLA2	34		102187	Europe/Moscow	2024-05-14
479426	Ukholovo	53.79212	40.48658	PPLA2	62		5558	Europe/Moscow	2023-06-14
479442	Uinskoye	56.88085	56.58056	PPLA2	90		4340	Asia/Yekaterinburg	2024-05-14
479471	Ugra	54.77775	34.32674	PPLA2	69		4721	Europe/Moscow	2023-02-10
479532	Uglich	57.52322	38.32258	PPLA2	88		37732	Europe/Moscow	2023-10-06
479561	Ufa	54.74306	55.96779	PPLA	08		1120547	Asia/Yekaterinburg	2022-09-17
479687	Uchkeken	43.94508	42.51652	PPLA2	27		15118	Europe/Moscow	2024-01-09
479850	Tyulyachi	55.88889	50.23416	PPLA2	73		2949	Europe/Moscow	2025-09-09
479871	Tyul’gan	52.34127	56.16157	PPLA2	55		10200	Asia/Yekaterinburg	2024-11-12
480060	Tver	56.85836	35.90057	PPLA	77		420065	Europe/Moscow	2022-10-02
480085	Tuzha	57.60638	47.93533	PPLA2	33		5002	Europe/Kirov	2024-01-09
480089	Tuymazy	54.60638	53.71179	PPLA2	08		68829	Asia/Yekaterinburg	2024-12-12
480122	Tutayev	57.87292	39.52969	PPLA2	88		43828	Europe/Moscow	2023-10-06
480267	Turki	51.98692	43.27482	PPLA2	67		6821	Europe/Saratov	2025-07-16
480507	Tul’skiy	44.51665	40.17725	PPLA2	01		0	Europe/Moscow	2024-01-09
480562	Tula	54.19609	37.61822	PPLA	76		482873	Europe/Moscow	2026-04-14
480716	Tuapse	44.10083	39.08326	PPLA2	38	480713	64234	Europe/Moscow	2024-09-12
480798	Tsurib	42.23826	46.8343	PPLA2	17		1915	Europe/Moscow	2023-10-06
480876	Tsimlyansk	47.64801	42.09345	PPLA2	61		15341	Europe/Moscow	2024-09-12
481036	Tselina	46.53421	41.03158	PPLA2	61		11075	Europe/Moscow	2024-09-12
481117	Tsagan Aman	47.56276	46.72014	PPLA2	24		5769	Europe/Moscow	2024-08-11
481350	Trubchevsk	52.58031	33.76574	PPLA2	10		16100	Europe/Moscow	2023-04-05
481439	Trosna	52.44482	35.78014	PPLA2	56		2627	Europe/Moscow	2023-05-11
481453	Troparëvo	55.65625	37.48496	PPLH	48		118000	Europe/Moscow	2016-04-06
481542	Troitskoye	46.41303	44.25788	PPLA2	24		10025	Europe/Moscow	2024-08-11
481548	Troitsko-Pechorsk	62.71934	56.17172	PPLA2	34		8414	Europe/Moscow	2024-05-14
481900	Tpig	41.78061	47.58907	PPLA2	17		2823	Europe/Moscow	2023-06-14
481955	Totskoye	52.52784	52.74648	PPLA2	55		7161	Asia/Yekaterinburg	2024-11-12
481964	Tosno	59.54	30.8775	PPLA2	42		40198	Europe/Moscow	2023-10-06
481985	Torzhok	57.0436	34.96221	PPLA2	77		48546	Europe/Moscow	2023-05-11
482042	Toropets	56.49954	31.6392	PPLA2	77		14187	Europe/Moscow	2023-05-11
482123	Torbeyevo	54.07743	43.24993	PPLA2	46		9138	Europe/Moscow	2024-05-14
482219	Tonshayevo	57.73622	47.01226	PPLA2	51		4574	Europe/Moscow	2023-12-11
482230	Tonkino	57.37138	46.45823	PPLA2	51		5406	Europe/Moscow	2023-12-11
482255	Tomsino	56.45202	28.53917	PPLA3	60		0	Europe/Moscow	2017-08-01
482283	Tolyatti	53.5303	49.3461	PPL	65		702879	Europe/Samara	2022-09-17
482309	Tolstoy-Yurt	43.4444	45.7794	PPLA2	12		7772	Europe/Moscow	2023-12-11
482432	Tolbazy	54.01106	55.88688	PPLA2	08		10183	Asia/Yekaterinburg	2024-12-12
482589	Tlyarata	42.10552	46.35416	PPLA2	17		1898	Europe/Moscow	2023-10-06
482965	Timashyovsk	45.61694	38.94528	PPL	38		53940	Europe/Moscow	2022-09-16
482986	Tim	51.62576	37.12733	PPLA2	41		3673	Europe/Moscow	2023-10-06
483019	Tikhvin	59.63924	33.52555	PPLA2	42		62075	Europe/Moscow	2026-04-17
483029	Tikhoretsk	45.85307	40.11874	PPLA2	38		64387	Europe/Moscow	2024-09-12
483137	Teykovo	56.85853	40.54028	PPLA2	21		36015	Europe/Moscow	2023-11-07
483142	Adygeysk	44.88524	39.19059	PPLA2	01	11205695	12208	Europe/Moscow	2024-01-09
483150	Tetyushi	54.93768	48.83267	PPLA2	73		11826	Europe/Moscow	2025-09-09
483341	Ternovka	51.678	41.60047	PPLA2	86		4703	Europe/Moscow	2025-07-16
483430	Teren’ga	53.71614	48.36916	PPLA2	81		5144	Europe/Ulyanovsk	2026-03-19
483439	Terekli-Mekteb	44.16606	45.8719	PPLA2	17		7799	Europe/Moscow	2023-10-06
483495	Terek	43.48329	44.13781	PPLA2	22		21180	Europe/Moscow	2024-01-09
483541	Terbuny	52.14526	38.28114	PPLA2	43		6936	Europe/Moscow	2023-12-11
483551	Tyoply Stan	55.62047	37.49338	PPLX	48	562221	125000	Europe/Moscow	2016-03-31
483575	Tëploye	53.61691	37.5887	PPLA2	76		5149	Europe/Moscow	2023-05-11
483642	Ten’gushevo	54.76878	42.72005	PPLA2	46		4231	Europe/Moscow	2024-05-14
483661	Temryuk	45.26885	37.39752	PPLA2	38		36546	Europe/Moscow	2024-09-12
483684	Temnikov	54.63059	43.21918	PPLA2	46		8252	Europe/Moscow	2024-05-14
483690	Tëmkino	55.08251	35.00877	PPLA2	69		0	Europe/Moscow	2023-02-10
483826	Tekstil’shchiki	55.70033	37.74271	PPLX	48		100000	Europe/Moscow	2020-06-10
483883	Tbilisskaya	45.36452	40.19679	PPLA2	38		24446	Europe/Moscow	2024-09-12
484017	Tatsinskaya	48.19448	41.27972	PPLA2	61		11258	Europe/Moscow	2024-09-12
484034	Tatishchevo	51.67277	45.5924	PPLA2	67		7377	Europe/Saratov	2025-07-16
484232	Tashla	51.77191	52.74104	PPLA2	55		6651	Asia/Yekaterinburg	2024-11-12
484287	Tarusa	54.72467	37.1722	PPLA2	25		10180	Europe/Moscow	2023-05-11
484290	Tarumovka	44.07611	46.53602	PPLA2	17		5245	Europe/Moscow	2023-10-06
484396	Tarasovskiy	48.7296	40.36392	PPLA2	61		8949	Europe/Moscow	2024-09-12
484646	Tambov	52.73632	41.44102	PPLA	72		293661	Europe/Moscow	2026-04-14
484747	Talovaya	51.11962	40.7251	PPLA2	86		13367	Europe/Moscow	2025-07-16
484826	Taldom	56.73097	37.52824	PPLA2	47		13112	Europe/Moscow	2023-07-11
484856	Agidel’	55.90867	53.93437	PPLA2	08		19217	Asia/Yekaterinburg	2024-12-12
484907	Taganrog	47.23627	38.9053	PPL	61		279056	Europe/Moscow	2024-11-12
484912	Taganskiy	55.73333	37.66667	PPLX	48		116000	Europe/Moscow	2014-01-31
484972	Syzran	53.1585	48.4681	PPL	65		189338	Europe/Samara	2023-05-20
485064	Syumsi	57.11108	51.61494	PPLA2	80		5582	Europe/Samara	2024-02-08
485239	Syktyvkar	61.66393	50.8163	PPLA	34	485241	245083	Europe/Moscow	2026-04-14
485280	Sychëvka	55.82956	34.27699	PPLA2	69		8510	Europe/Moscow	2023-02-10
485630	Sviblovo	55.85	37.63333	PPLX	48		60000	Europe/Moscow	2013-04-02
485643	Svetlyy Yar	48.47449	44.78504	PPLA2	84		13131	Europe/Volgograd	2024-09-12
485698	Svetlograd	45.32736	42.8562	PPLA2	70		39727	Europe/Moscow	2024-01-09
485699	Svetlogorsk	54.93987	20.15479	PPLA2	23	825115	11000	Europe/Kaliningrad	2019-09-05
485799	Svecha	58.27795	47.51226	PPLA2	33		4971	Europe/Kirov	2024-01-09
485824	Suzdal’	56.42408	40.44978	PPLA2	83		11183	Europe/Moscow	2023-09-06
485888	Suvorov	54.1223	36.49657	PPLA2	76		21059	Europe/Moscow	2023-05-11
486015	Susanino	58.15017	41.59428	PPLA2	37		3961	Europe/Moscow	2023-12-11
486043	Surskoye	54.48042	46.72114	PPLA2	81		7324	Europe/Ulyanovsk	2025-09-09
486071	Surovikino	48.60974	42.8569	PPLA2	84		20677	Europe/Volgograd	2024-09-12
486186	Suoyarvi	62.08807	32.37327	PPLA2	28		10833	Europe/Moscow	2023-12-11
486236	Suna	57.83233	50.0591	PPLA2	33		2400	Europe/Kirov	2024-01-09
486413	Suksun	57.14508	57.39514	PPLA2	90		8284	Asia/Yekaterinburg	2024-05-14
486665	Sukhinichi	54.09989	35.34254	PPLA2	25		16100	Europe/Moscow	2023-05-11
486816	Sudzha	51.191	35.271	PPLA2	41		6940	Europe/Moscow	2025-09-08
486834	Sudogda	55.95171	40.87354	PPLA2	83		13277	Europe/Moscow	2023-09-06
486848	Sudislavl’	57.88201	41.70745	PPLA2	37		5236	Europe/Moscow	2023-12-11
486968	Stupino	54.89735	38.06796	PPLA2	47		60999	Europe/Moscow	2023-07-11
487110	Strugi-Krasnyye	58.2707	29.11172	PPLA2	60		8518	Europe/Moscow	2023-06-14
487147	Stroitel	50.78816	36.47751	PPLA2	09		18636	Europe/Moscow	2023-06-03
487150	Strogino	55.81838	37.41224	PPLX	48		152000	Europe/Moscow	2013-04-02
487495	Sterlitamak	53.63793	55.9533	PPLA2	08		267231	Asia/Yekaterinburg	2024-12-12
487498	Sterlibashevo	53.43795	55.25726	PPLA2	08		5786	Asia/Yekaterinburg	2024-12-12
487543	Stepnoye	51.37985	46.84885	PPLA2	67		14035	Europe/Saratov	2025-07-16
487551	Stepnoye	44.26982	44.5819	PPLA2	70	487592	5600	Europe/Moscow	2024-01-29
487846	Stavropol	45.03442	41.9642	PPLA	70		433931	Europe/Moscow	2026-04-14
487928	Staryy Oskol	51.3025	37.84613	PPLA2	09		226977	Europe/Moscow	2024-10-11
487944	Anzorey	43.35582	43.94143	PPLA2	22		0	Europe/Moscow	2024-01-09
488081	Maloyaz	55.17772	58.15613	PPLA2	08		0	Asia/Yekaterinburg	2024-12-12
488206	Starozhilovo	54.23296	39.9093	PPLA2	62		5147	Europe/Moscow	2023-06-14
488214	Staroyur’yevo	53.31949	40.70227	PPLA2	72		6900	Europe/Moscow	2024-04-20
488466	Staroye Drozhzhanoye	54.72384	47.55652	PPLA2	73		3338	Europe/Moscow	2025-09-09
488618	Starosubkhangulovo	53.10375	57.42873	PPLA2	08		4351	Asia/Yekaterinburg	2024-12-12
488635	Staroshcherbinovskaya	46.63033	38.66379	PPLA2	38		18785	Europe/Moscow	2024-09-12
488638	Staroye Shaygovo	54.30613	44.47343	PPLA2	46		0	Europe/Moscow	2024-05-14
488742	Starominskaya	46.53094	39.05163	PPLA2	38		30461	Europe/Moscow	2024-09-12
488852	Starodub	52.58501	32.76314	PPLA2	10		18539	Europe/Moscow	2023-04-05
488881	Starobaltachevo	56.0014	55.91644	PPLA2	08		5612	Asia/Yekaterinburg	2024-12-12
488946	Staritsa	56.50542	34.93396	PPLA2	77		9134	Europe/Moscow	2023-05-11
489088	Staraya Russa	57.99618	31.36003	PPLA2	52		34303	Europe/Moscow	2023-09-06
489102	Staraya Poltavka	50.47683	46.48275	PPLA2	84		4068	Europe/Volgograd	2024-09-12
489135	Staraya Mayna	54.60596	48.92487	PPLA2	81		6927	Europe/Ulyanovsk	2025-09-09
489164	Staraya Kulatka	52.72932	47.62145	PPLA2	81		6022	Europe/Ulyanovsk	2025-09-09
489290	Stanovoye	52.76115	38.3439	PPLA2	43		5211	Europe/Moscow	2023-12-11
489446	Srednyaya Akhtuba	48.71004	44.86723	PPLA2	84		13887	Europe/Volgograd	2024-09-12
489686	Spirovo	57.41963	34.98102	PPLA2	77		6640	Europe/Moscow	2023-05-11
489741	Spassk-Ryazanskiy	54.40844	40.37664	PPLA2	62		8655	Europe/Moscow	2023-06-14
489778	Spasskoye	55.85811	45.69608	PPLA2	51		4023	Europe/Moscow	2023-12-11
489862	Spas-Klepiki	55.13758	40.17997	PPLA2	62		5942	Europe/Moscow	2023-06-14
489868	Spas-Demensk	54.41222	34.02257	PPLA2	25		5114	Europe/Moscow	2023-05-11
489994	Ketchenery	47.30818	44.5238	PPLA2	24		3834	Europe/Moscow	2024-08-11
489997	Kashkhatau	43.3169	43.60774	PPLA2	22		5367	Europe/Moscow	2019-11-05
489998	Shatoy	42.87153	45.69092	PPLA2	12		1775	Europe/Moscow	2023-12-11
489999	Khebda	42.44539	46.55161	PPLA2	17		2749	Europe/Moscow	2023-10-06
490040	Sovetskiy	56.76209	48.47568	PPLA2	45		10674	Europe/Moscow	2023-12-11
490064	Sovetskaya	49.0093	42.12152	PPLA2	61		2293	Europe/Moscow	2024-09-12
490067	Sovetsk	57.58937	48.95525	PPLA2	33		17869	Europe/Kirov	2024-01-09
490068	Sovetsk	55.08392	21.87851	PPLA2	23		43309	Europe/Kaliningrad	2025-03-26
490172	Sosnovyy Bor	59.8996	29.08574	PPL	42		68563	Europe/Moscow	2023-06-11
490196	Sosnovskoye	55.80623	43.1719	PPLA2	51	490199	8207	Europe/Moscow	2023-12-11
490323	Sosnovka	53.23088	41.36562	PPLA2	72		10475	Europe/Moscow	2024-04-20
490391	Sosnogorsk	63.59669	53.89178	PPLA2	34		29343	Europe/Moscow	2024-05-14
490425	Soskovo	52.74752	35.38277	PPLA2	56		2094	Europe/Moscow	2023-05-11
490554	Sorochinsk	52.42882	53.15025	PPLA2	55		30731	Asia/Yekaterinburg	2024-11-12
490637	Sonkovo	57.78184	37.16458	PPLA2	77		4431	Europe/Moscow	2023-05-11
490750	Sol’tsy	58.12229	30.31831	PPLA2	52		10625	Europe/Moscow	2023-09-06
490971	Solntsevo	55.63711	37.38115	PPLX	48		120000	Europe/Moscow	2012-09-20
490976	Solntsevo	51.41552	36.75667	PPLA2	41		4374	Europe/Moscow	2025-07-16
490996	Solnechnogorsk	56.17527	36.97082	PPLA2	47		58891	Europe/Moscow	2025-07-16
491019	Sol’-Iletsk	51.16239	54.99157	PPLA2	55		27419	Asia/Yekaterinburg	2024-11-12
491023	Solikamsk	59.66686	56.74267	PPLA2	90		100812	Asia/Yekaterinburg	2026-03-23
491025	Soligalich	59.0784	42.28713	PPLA2	37		6886	Europe/Moscow	2023-12-11
491145	Sokol’skoye	57.13947	43.16263	PPLA2	51		6474	Europe/Moscow	2023-12-11
491250	Sokol’niki	55.80202	37.67159	PPLX	48		57000	Europe/Moscow	2013-04-02
491280	Sokol	55.8	37.51667	PPLX	48		57000	Europe/Moscow	2013-04-02
491422	Sochi	43.59699	39.72477	PPLA2	38	6695246	327608	Europe/Moscow	2024-09-12
491480	Sobinka	55.99003	40.02052	PPLA2	83		20458	Europe/Moscow	2023-09-06
491687	Smolensk	54.77826	32.05088	PPLA	69		330025	Europe/Moscow	2026-04-14
491882	Slobodskoy	58.73133	50.17119	PPLA2	33		32361	Europe/Kirov	2024-01-09
492094	Slavyansk-na-Kubani	45.25145	38.12129	PPLA2	38		65196	Europe/Moscow	2024-09-12
492112	Slavsk	55.0425	21.67704	PPLA2	23		5248	Europe/Kaliningrad	2019-09-05
492162	Slantsy	59.1179	28.08826	PPLA2	42		36209	Europe/Moscow	2023-10-06
492376	Skopin	53.82499	39.5531	PPLA2	62		24357	Europe/Moscow	2023-06-14
492592	Siva	58.38057	54.37377	PPLA2	90		4744	Asia/Yekaterinburg	2024-05-14
493040	Sigayevo	56.42163	53.77566	PPLA2	80		5780	Europe/Samara	2024-02-08
493160	Sibay	52.71793	58.66667	PPLA2	08		61590	Asia/Yekaterinburg	2024-12-12
493231	Shuya	56.84864	41.3869	PPLA2	21		60705	Europe/Moscow	2023-11-07
493405	Shumyachi	53.8578	32.42551	PPLA2	69		4607	Europe/Moscow	2023-02-10
493702	Mikhaylovsk	45.13097	42.02703	PPLA2	70		59198	Europe/Moscow	2024-01-09
493721	Shovgenovskiy	45.01887	40.22585	PPLA2	01		3830	Europe/Moscow	2024-01-09
494366	Shimsk	58.20997	30.7179	PPLA2	52		3755	Europe/Moscow	2023-09-06
494427	Shilovo	54.32005	40.87958	PPLA2	62		16159	Europe/Moscow	2023-06-14
494519	Shikhany	52.11614	47.19898	PPLA2	67		6688	Europe/Saratov	2025-07-16
494531	Shigony	53.38621	48.67405	PPLA2	65		5268	Europe/Samara	2025-07-16
494877	Shentala	54.43354	51.46625	PPLA2	65		6595	Europe/Samara	2025-07-16
494884	Shenkursk	62.10896	42.90065	PPLA2	06		5893	Europe/Moscow	2024-02-08
495000	Shelkovskaya	43.50774	46.33622	PPLA2	12		9602	Europe/Moscow	2023-12-11
495112	Shebekino	50.41342	36.92537	PPLA2	09		45194	Europe/Moscow	2024-10-11
495136	Shchukino	55.8	37.45	PPLX	48		102000	Europe/Moscow	2026-05-02
495206	Shchigry	51.87598	36.90535	PPLA2	41		19198	Europe/Moscow	2023-07-11
495344	Shchyolkovo	55.92497	37.97218	PPL	47		113000	Europe/Moscow	2023-05-28
495394	Shchëkino	54.00734	37.50647	PPLA2	76		60700	Europe/Moscow	2023-05-11
495518	Shatura	55.57259	39.53417	PPLA2	47		30069	Europe/Moscow	2023-07-11
495532	Shatsk	54.02369	41.71699	PPLA2	62		5686	Europe/Moscow	2026-01-09
495562	Shatki	55.18774	44.12071	PPLA2	51		8773	Europe/Moscow	2023-12-11
495619	Shar’ya	58.36848	45.51622	PPLA2	37		29800	Europe/Moscow	2023-12-11
495670	Sharlyk	52.92596	54.74091	PPLA2	55		8072	Asia/Yekaterinburg	2024-11-12
495688	Sharkan	57.29885	53.87122	PPLA2	80		6523	Europe/Samara	2024-02-08
495767	Sharanga	57.17704	46.538	PPLA2	51		6709	Europe/Moscow	2023-12-11
495770	Sharan	54.82106	53.99223	PPLA2	08		5555	Asia/Yekaterinburg	2024-12-12
495915	Shalya	57.2471	58.7298	PPLA2	71		6689	Asia/Yekaterinburg	2024-04-20
495957	Shali	43.14806	45.90194	PPLA2	12		25000	Europe/Moscow	2024-09-08
496012	Shakhun’ya	57.67603	46.61171	PPLA2	51		22400	Europe/Moscow	2023-12-11
496015	Shakhty	47.71916	40.21603	PPLA2	61		221312	Europe/Moscow	2024-09-12
496035	Shakhovskaya	56.03082	35.50638	PPLA2	47		10353	Europe/Moscow	2023-07-11
496159	Shablykino	52.85639	35.19746	PPLA2	56		3848	Europe/Moscow	2023-05-11
496246	Sevsk	52.14904	34.49347	PPLA2	10	496244	7594	Europe/Moscow	2025-12-21
496267	Severskaya	44.85393	38.67924	PPLA2	38		22849	Europe/Moscow	2024-09-12
496275	Severoural’sk	60.15328	59.95205	PPLA2	71		33500	Asia/Yekaterinburg	2024-04-20
496278	Severomorsk	69.06936	33.40807	PPLA2	49		53921	Europe/Moscow	2024-02-08
496285	Severodvinsk	64.55825	39.82971	PPLA2	06		194292	Europe/Moscow	2024-02-08
496348	Severnyy	55.93583	37.54889	PPLX	48		200000	Europe/Moscow	2013-03-31
496361	Severnyy	47.28936	39.71249	PPLA4	61		0	Europe/Moscow	2009-12-16
496381	Severnoye	54.0928	52.54184	PPLA2	55		4695	Asia/Yekaterinburg	2024-11-12
496527	Serpukhov	54.9198	37.41618	PPLA2	47		128158	Europe/Moscow	2023-07-11
496561	Sernur	56.93583	49.14923	PPLA2	45		8921	Europe/Moscow	2023-12-11
496564	Sernovodsk	43.31277	45.15969	PPLA2	12	12624856	9882	Europe/Moscow	2023-12-11
496610	Sergokala	42.45384	47.66017	PPLA2	17		8165	Europe/Moscow	2023-10-06
496637	Sergiyevsk	53.9431	51.16853	PPLA2	65		0	Europe/Samara	2025-07-16
496638	Sergiyev Posad	56.31204	38.13869	PPLA2	47		109252	Europe/Moscow	2023-07-11
496802	Sergach	55.52771	45.45679	PPLA2	51		22361	Europe/Moscow	2023-12-11
496879	Serebryanyye Prudy	54.4748	38.72791	PPLA2	47		8953	Europe/Moscow	2023-07-11
496957	Serafimovich	49.57572	42.73227	PPLA2	84		9847	Europe/Volgograd	2024-09-12
497094	Sengiley	53.95849	48.79503	PPLA2	81		8018	Europe/Ulyanovsk	2025-09-09
497205	Semiluki	51.729	39.048	PPLA2	86		0	Europe/Moscow	2025-07-21
497218	Semikarakorsk	47.51683	40.80831	PPLA2	61		23583	Europe/Moscow	2024-09-12
497271	Semënovskoye	55.68333	37.55	PPLX	47		50000	Europe/Moscow	2013-04-02
497450	Semënov	56.78758	44.49619	PPLA2	51		24300	Europe/Moscow	2023-12-11
497547	Selty	57.3132	52.1345	PPLA2	80		5523	Europe/Samara	2024-02-08
497610	Sel’tso	53.36831	34.10328	PPLA2	10		18167	Europe/Moscow	2023-04-05
497661	Selizharovo	56.85188	33.44869	PPLA2	77		7096	Europe/Moscow	2023-05-11
497927	Segezha	63.74549	34.31614	PPLA2	28		33354	Europe/Moscow	2023-12-11
497984	Sechenovo	55.22448	45.88864	PPLA2	51		5151	Europe/Moscow	2023-12-11
498001	Sebezh	56.28607	28.48327	PPLA2	60		6688	Europe/Moscow	2023-06-14
498264	Savino	56.59298	41.21314	PPLA2	21		6133	Europe/Moscow	2023-11-07
498418	Satka	55.04103	59.04746	PPLA2	13		49384	Asia/Yekaterinburg	2025-02-18
498430	Satinka	52.37532	41.67161	PPLA2	72		3599	Europe/Moscow	2024-04-20
498525	Sarov	54.94802	43.31521	PPLA2	51		88000	Europe/Moscow	2023-12-11
498537	Sarmanovo	55.25439	52.58784	PPLA2	73		6339	Europe/Moscow	2025-09-09
498677	Saratov	51.54048	45.9901	PPLA	67	498661	844858	Europe/Saratov	2026-04-14
498687	Sarapul	56.47633	53.79782	PPL	80		98830	Europe/Samara	2023-06-03
498698	Saransk	54.18485	45.17166	PPLA	46		318841	Europe/Moscow	2026-04-14
498708	Saraktash	51.7874	56.35987	PPLA2	55		17413	Asia/Yekaterinburg	2024-11-12
498711	Sarayi	53.72947	41.00219	PPLA2	62		6439	Europe/Moscow	2023-06-14
498760	Sapozhok	53.94272	40.68286	PPLA2	62		4283	Europe/Moscow	2023-06-14
498817	Saint Petersburg	59.93863	30.31413	PPLA	66		5351935	Europe/Moscow	2026-04-14
498856	Sandovo	58.46418	36.4153	PPLA2	77		3807	Europe/Moscow	2023-05-11
498877	Sanchursk	56.9412	47.24951	PPLA2	33		5544	Europe/Kirov	2024-01-09
498956	Samoylovka	51.1854	43.70883	PPLA2	67		8584	Europe/Saratov	2025-07-16
499099	Samara	53.20767	50.13553	PPLA	65		1163399	Europe/Samara	2026-04-14
499161	Sal’sk	46.47494	41.54159	PPLA2	61		61000	Europe/Moscow	2024-09-12
499292	Salavat	53.3828	55.91094	PPLA2	08		159893	Asia/Yekaterinburg	2024-12-12
499342	Sakmara	51.98438	55.3338	PPLA2	55		4594	Asia/Yekaterinburg	2024-11-12
499453	Safonovo	55.11091	33.23728	PPLA2	69	499436	46000	Europe/Moscow	2023-02-10
499535	Sadovoye	47.77404	44.51082	PPLA2	24		6333	Europe/Moscow	2024-08-11
499717	Rzhev	56.26289	34.3289	PPLA2	77		62246	Europe/Moscow	2023-05-11
499782	Rzhaksa	52.13917	42.02759	PPLA2	72		5692	Europe/Moscow	2024-04-20
499975	Rybnoye	54.72531	39.51305	PPLA2	62		19159	Europe/Moscow	2023-06-14
499987	Rybnaya Sloboda	55.46247	50.14443	PPLA2	73		7190	Europe/Moscow	2025-09-09
500004	Rybinsk	58.04562	38.83811	PPLA2	88		216724	Europe/Moscow	2023-10-06
500019	Rybatskoye	59.8393	30.49873	PPLX	42		55076	Europe/Moscow	2016-08-19
500047	Ryazhsk	53.70588	40.08045	PPLA2	62		22041	Europe/Moscow	2023-06-14
500096	Ryazan’	54.62696	39.70415	PPLA	62		538962	Europe/Moscow	2026-04-14
500299	Ruzayevka	54.06004	44.94899	PPLA2	46		49311	Europe/Moscow	2024-05-14
500303	Ruza	55.70172	36.19321	PPLA2	47		13480	Europe/Moscow	2023-07-11
500316	Rutul	41.53439	47.42399	PPLA2	17		4237	Europe/Moscow	2023-10-06
500667	Rudnya	54.94712	31.09228	PPLA2	69		9615	Europe/Moscow	2023-02-10
500678	Rudnya	50.806	44.55626	PPLA2	84		8062	Europe/Volgograd	2024-09-12
500886	Rtishchevo	52.25973	43.78678	PPLA2	67		44013	Europe/Saratov	2025-07-16
501091	Rovnoye	50.77577	46.04946	PPLA2	67		5228	Europe/Saratov	2025-07-16
501127	Roven’ki	49.91786	38.9074	PPLA2	09		10939	Europe/Moscow	2026-04-04
501175	Rostov-on-Don	47.21997	39.70769	PPLA	61		1130305	Europe/Moscow	2026-04-14
501183	Rostov Veliky	57.19081	39.41307	PPLA2	88	501161	31039	Europe/Moscow	2026-04-06
501215	Rossosh’	51.1209	38.5116	PPL	86		64323	Europe/Moscow	2024-07-02
501231	Rossosh’	50.19645	39.56631	PPLA2	86		62000	Europe/Moscow	2025-07-16
501283	Roslavl’	53.95387	32.86409	PPLA2	69		56971	Europe/Moscow	2023-02-10
501349	Romodanovo	54.42006	45.34037	PPLA2	46		9646	Europe/Moscow	2024-05-14
501405	Romanovskaya	47.54267	42.02216	PPLA2	61		6885	Europe/Moscow	2024-09-12
501468	Romanovka	51.74311	42.75256	PPLA2	67		7746	Europe/Saratov	2025-07-16
501625	Rognedino	53.80238	33.55898	PPLA2	10		3287	Europe/Moscow	2023-04-05
501730	Rodniki	57.10501	41.73565	PPLA2	21		27681	Europe/Moscow	2023-11-07
501774	Rodionovo-Nesvetayskaya	47.60919	39.71237	PPLA2	61		6188	Europe/Moscow	2024-09-12
502011	Revda	56.80239	59.93774	PPLA2	71		61785	Asia/Yekaterinburg	2024-04-20
502018	Reutov	55.76273	37.86303	PPLA2	47		78370	Europe/Moscow	2023-07-11
502103	Rep’yëvka	51.08278	38.64337	PPLA2	86		0	Europe/Moscow	2025-07-16
502185	Remontnoye	46.56081	43.64882	PPLA2	61		7374	Europe/Moscow	2024-09-12
502540	Rayevskiy	54.06398	54.93378	PPLA2	08		20060	Asia/Yekaterinburg	2024-12-12
502793	Rasskazovo	52.66384	41.88915	PPLA2	72		45957	Europe/Moscow	2022-12-20
502895	Ramon’	51.91378	39.33676	PPLA2	86		7928	Europe/Moscow	2025-07-16
502903	Rameshki	57.34378	36.04418	PPLA2	77		4110	Europe/Moscow	2026-01-18
502965	Ramenskoye	55.56341	38.24152	PPLA2	47	502966	96000	Europe/Moscow	2023-07-11
502971	Ramenki	55.7	37.5	PPLX	48		130000	Europe/Moscow	2013-04-02
503067	Rakitnoye	50.84076	35.85212	PPLA2	09		10596	Europe/Moscow	2024-10-11
503254	Radishchevo	52.85176	47.8645	PPLA2	81		4845	Europe/Ulyanovsk	2025-09-09
503374	Pytalovo	57.06925	27.91542	PPLA2	60		6767	Europe/Moscow	2023-06-14
503401	Pyshchug	58.88746	45.71658	PPLA2	37		3226	Europe/Moscow	2023-12-11
503550	Pyatigorsk	44.05	43.05036	PPLA2	70		142865	Europe/Moscow	2024-01-09
503682	Putyatino	54.16009	41.11736	PPLA2	62		3044	Europe/Moscow	2023-06-14
503878	Pustoshka	56.33535	29.36891	PPLA2	60		5253	Europe/Moscow	2023-06-14
503965	Pushkinskiye Gory	57.01712	28.92488	PPLA2	60		5920	Europe/Moscow	2023-06-14
503977	Pushkino	55.99456	37.82897	PPLA2	47		102816	Europe/Moscow	2023-07-11
504003	Pushkin	59.71417	30.39642	PPL	66	8521323	92889	Europe/Moscow	2019-02-26
504250	Pugachëv	52.01664	48.79895	PPLA2	67		41375	Europe/Saratov	2025-08-13
504294	Puchezh	56.9761	43.16656	PPLA2	21		9881	Europe/Moscow	2023-11-07
504341	Pskov	57.81922	28.33181	PPLA	60		210501	Europe/Moscow	2026-04-14
504409	Pryazha	61.69812	33.62948	PPLA2	28		4156	Europe/Moscow	2023-12-11
504416	Pryamitsyno	51.65608	35.9373	PPLA2	41		5120	Europe/Moscow	2024-01-29
504717	Pronsk	54.11361	39.59909	PPLA2	62		4222	Europe/Moscow	2023-06-14
504831	Proletarsk	46.70241	41.72487	PPLA2	61		19493	Europe/Moscow	2024-09-12
504915	Prokhorovka	51.03594	36.73138	PPLA2	09		10136	Europe/Moscow	2024-10-11
504935	Prokhladnyy	43.75741	44.0297	PPLA2	22		60800	Europe/Moscow	2016-12-02
505019	Priyutnoye	46.10104	43.51092	PPLA2	24		5632	Europe/Moscow	2024-08-11
505043	Privolzh’ye	52.85873	48.59827	PPLA2	65		0	Europe/Samara	2025-07-16
505060	Privolzhsk	57.38395	41.29165	PPLA2	21		17864	Europe/Moscow	2023-11-07
505154	Pristen’	51.23738	36.69796	PPLA2	41		5463	Europe/Moscow	2023-10-06
505230	Priozërsk	61.04027	30.13915	PPLA2	42		18300	Europe/Moscow	2026-03-02
505259	Primorsko-Akhtarsk	46.04847	38.17899	PPLA2	38		33102	Europe/Moscow	2024-09-12
505539	Pregradnaya	43.95185	41.19117	PPLA2	27		6595	Europe/Moscow	2024-01-09
505558	Prechistoye	58.42352	40.32839	PPLA2	88		4894	Europe/Moscow	2023-10-06
505599	Pravdinsk	54.44289	21.01785	PPLA2	23		4515	Europe/Kaliningrad	2019-09-05
505806	Povorino	51.19806	42.24605	PPLA2	86		18004	Europe/Moscow	2025-07-16
506029	Poshekhon’ye	58.49928	39.13531	PPLA2	88		6900	Europe/Moscow	2023-10-06
506043	Kotlovka	55.65928	37.60404	PPLX	48		64000	Europe/Moscow	2013-04-02
506278	Porkhov	57.76502	29.55612	PPLA2	60		11886	Europe/Moscow	2023-06-14
506598	Ponyri	52.31839	36.29766	PPLA2	41		0	Europe/Moscow	2026-03-18
506644	Ponomarëvka	53.31505	54.12114	PPLA2	55		0	Asia/Yekaterinburg	2024-11-12
506696	Ponazyrevo	58.35767	46.31585	PPLA2	37		4568	Europe/Moscow	2023-12-11
506763	Polyarnyy	69.20279	33.43697	PPLA2	49		17332	Europe/Moscow	2024-02-08
506777	Polyane	56.88089	28.88485	PPLA3	60		0	Europe/Moscow	2019-10-09
507291	Polessk	54.86205	21.10279	PPLA2	23		7835	Europe/Kaliningrad	2016-03-09
507338	Pokrovskoye-Streshnëvo	55.80797	37.45814	PPLX	48		55000	Europe/Moscow	2020-06-10
507377	Pokrovskoye	56.68972	28.25483	PPLA3	60		0	Europe/Moscow	2017-06-06
507421	Pokrovskoye	52.60669	36.86751	PPLA2	56		4566	Europe/Moscow	2023-05-11
507427	Pokrovskoye	47.41436	38.89883	PPLA2	61		12576	Europe/Moscow	2026-04-17
507875	Pogar	52.55287	33.25961	PPLA2	10		11242	Europe/Moscow	2023-04-05
508034	Podporozh’ye	60.91	34.16188	PPLA2	42		19600	Europe/Moscow	2023-10-06
508068	Podosinovets	60.27593	47.07173	PPLA2	33		4106	Europe/Kirov	2024-01-09
508101	Podolsk	55.42419	37.55472	PPL	47	508091	179400	Europe/Moscow	2022-10-05
508394	Podgorenskiy	50.41023	39.64202	PPLA2	86		6652	Europe/Moscow	2025-07-16
508441	Poddor’ye	57.46887	31.11103	PPLA2	52		1913	Europe/Moscow	2023-09-06
508606	Pochinok	54.40539	32.43909	PPLA2	69		9310	Europe/Moscow	2023-02-10
508635	Pochinki	54.70146	44.85762	PPLA2	51		11724	Europe/Moscow	2023-12-11
508656	Pochep	52.9331	33.44702	PPLA2	10	508648	15100	Europe/Moscow	2023-04-05
508743	Plyussa	58.42583	29.36644	PPLA2	60		3749	Europe/Moscow	2023-06-14
508751	Ryazanskiy	55.73333	37.76667	PPLX	48		101000	Europe/Moscow	2013-04-02
509017	Pleshanovo	52.84671	53.48848	PPLA2	55		3746	Asia/Yekaterinburg	2024-11-12
509026	Plesetsk	62.71165	40.29104	PPLA2	06		10870	Europe/Moscow	2024-02-08
509052	Plavsk	53.7084	37.29457	PPLA2	76		16763	Europe/Moscow	2023-05-11
509184	Pizhanka	57.46051	48.54147	PPLA2	33		3900	Europe/Kirov	2024-01-09
509234	Pitkyaranta	61.57387	31.47889	PPLA2	28		13090	Europe/Moscow	2023-12-11
509269	Piterka	50.67873	47.44357	PPLA2	67		5437	Europe/Saratov	2025-07-16
509273	Pitelino	54.57837	41.8101	PPLA2	62		2355	Europe/Moscow	2023-06-14
509437	Pionerskiy	54.95083	20.22748	PPLA2	23	825118	11856	Europe/Kaliningrad	2016-03-09
509538	Pil’na	55.55399	45.91808	PPLA2	51		6835	Europe/Moscow	2023-12-11
509649	Pichayevo	53.23449	42.20338	PPLA2	72		3463	Europe/Moscow	2024-04-20
509697	Petushki	55.92721	39.46072	PPLA2	83		15866	Europe/Moscow	2023-09-06
509820	Petrozavodsk	61.78491	34.34691	PPLA	28		279190	Europe/Moscow	2026-04-14
509881	Petrovskoye	52.62961	40.2477	PPLA2	72		0	Europe/Moscow	2024-04-20
509987	Petrovsk	52.30881	45.38992	PPLA2	67		33622	Europe/Saratov	2025-07-16
510210	Petropavlovka	50.09985	40.88216	PPLA2	86		0	Europe/Moscow	2025-07-16
510225	Petrodvorets	59.89565	29.80145	PPL	66		61973	Europe/Moscow	2016-10-24
510291	Peterhof	59.88333	29.9	PPL	66		73199	Europe/Moscow	2019-09-05
510323	Pestyaki	56.70914	42.66952	PPLA2	21		4172	Europe/Moscow	2023-11-07
510342	Pestretsy	55.75408	49.6511	PPLA2	73		7311	Europe/Moscow	2025-09-09
510347	Pestravka	52.4033	49.95837	PPLA2	65		6623	Europe/Samara	2025-07-16
510364	Pestovo	58.59382	35.80244	PPLA2	52		15910	Europe/Moscow	2023-09-06
510613	Peschanokopskoye	46.19448	41.08148	PPLA2	61		11340	Europe/Moscow	2024-09-12
510808	Pervouralsk	56.90528	59.94361	PPL	71		133600	Asia/Yekaterinburg	2023-05-29
510911	Pervomayskiy	53.2463	40.28911	PPLA2	72		13196	Europe/Moscow	2024-04-20
510937	Pervomayskiy	51.90481	51.64571	PPLA2	55		0	Asia/Yekaterinburg	2024-11-12
511002	Pervomaysk	54.8686	43.80347	PPLA2	51		14810	Europe/Moscow	2023-12-11
511196	Perm	58.01046	56.25017	PPLA	90		982419	Asia/Yekaterinburg	2026-04-14
511287	Perevoz	55.5957	44.5454	PPLA2	51		9228	Europe/Moscow	2023-12-11
511291	Perevolotskiy	51.87766	54.19007	PPLA2	55		9667	Asia/Yekaterinburg	2024-11-12
511359	Pereslavl’-Zalesskiy	56.73912	38.85966	PPLA2	88		40283	Europe/Moscow	2023-10-06
511400	Peremyshl’	54.2638	36.16029	PPLA2	25		3199	Europe/Moscow	2023-05-11
511510	Novo-Peredelkino	55.64528	37.33583	PPL	48		115536	Europe/Moscow	2014-06-10
511565	Penza	53.19568	45.01075	PPLA	57		523553	Europe/Moscow	2026-04-14
511592	Peno	56.92521	32.74376	PPLA2	77	511588	5187	Europe/Moscow	2023-05-11
511793	Pechora	65.13527	57.19952	PPLA2	34		0	Europe/Moscow	2024-05-14
512023	Pavlovskiy Posad	55.78187	38.65025	PPL	47		60051	Europe/Moscow	2023-06-11
512051	Pavlovskaya	46.13903	39.7862	PPLA2	38		31133	Europe/Moscow	2024-09-12
512053	Pavlovsk	50.45434	40.12371	PPLA2	86		26565	Europe/Moscow	2025-07-16
512152	Pavlovka	52.69009	47.14131	PPLA2	81		5944	Europe/Ulyanovsk	2025-09-09
512247	Pavino	59.11501	46.14398	PPLA2	37		2947	Europe/Moscow	2023-12-11
512570	Parfino	57.97259	31.64782	PPLA2	52		8254	Europe/Moscow	2023-09-06
512576	Parfen’yevo	58.48343	43.40633	PPLA2	37		3200	Europe/Moscow	2023-12-11
512618	Paran’ga	56.7037	49.40373	PPLA2	45		6600	Europe/Moscow	2023-12-11
512861	Panino	51.65425	40.1313	PPLA2	86		7164	Europe/Moscow	2025-07-16
513042	Pallasovka	50.04914	46.8855	PPLA2	84		17139	Europe/Volgograd	2024-09-12
513051	Palkino	57.54089	28.01257	PPLA2	60		3112	Europe/Moscow	2023-06-14
513095	Palekh	56.80096	41.85735	PPLA2	21		5616	Europe/Moscow	2023-11-07
513328	Ozinki	51.1987	49.7263	PPLA2	67		0	Europe/Saratov	2026-03-18
513406	Ozërsk	54.41056	22.01167	PPLA2	23		5705	Europe/Kaliningrad	2020-06-10
513471	Ozerki	60.03947	30.31128	PPLX	66		95000	Europe/Moscow	2013-03-29
513883	Otradnyy	53.37596	51.3452	PPLA2	65		50127	Europe/Samara	2025-07-16
513911	Otradnaya	44.39318	41.51929	PPLA2	38		22985	Europe/Moscow	2024-09-12
513998	Osyno	56.15053	28.6758	PPLA3	60		0	Europe/Moscow	2017-05-07
514052	Ostrovskoye	57.80552	42.24328	PPLA2	37		5138	Europe/Moscow	2023-12-11
514171	Ostrov	57.3438	28.35363	PPLA2	60		24500	Europe/Moscow	2023-06-14
514198	Ostrogozhsk	50.86586	39.07808	PPLA2	86		34403	Europe/Moscow	2025-07-16
514259	Ostashkov	57.14695	33.10659	PPLA2	77		19563	Europe/Moscow	2023-05-11
514284	Ostankinskiy	55.82957	37.61604	PPLX	48		60000	Europe/Moscow	2013-04-02
514706	Osa	57.2836	55.45885	PPLA2	90		23292	Asia/Yekaterinburg	2024-05-14
514734	Orsk	51.23206	58.48802	PPLA2	55		246836	Asia/Yekaterinburg	2024-11-12
514739	Orshanka	56.91729	47.89636	PPLA2	45		6750	Europe/Moscow	2023-12-11
514796	Orlovskiy	46.87441	42.05223	PPLA2	61		19325	Europe/Moscow	2024-09-12
514966	Orichi	58.40138	49.05982	PPLA2	33		7805	Europe/Kirov	2024-01-09
515003	Orenburg	51.76712	55.09883	PPLA	55		564773	Asia/Yekaterinburg	2026-04-14
515012	Orël	52.96879	36.0791	PPLA	56		303696	Europe/Moscow	2026-04-14
515024	Orekhovo-Zuyevo	55.81242	38.99155	PPLA2	47		120000	Europe/Moscow	2023-07-11
515027	Orekhovo-Borisovo Severnoye	55.61667	37.68333	PPLX	48	490025	128000	Europe/Moscow	2016-04-01
515083	Sunzha	43.32059	45.04903	PPLA2	19	486197	71841	Europe/Moscow	2024-09-12
515098	Orda	57.19197	56.90462	PPLA2	90		5270	Asia/Yekaterinburg	2025-06-12
515155	Opochka	56.71448	28.66287	PPLA2	60		13548	Europe/Moscow	2023-06-14
515175	Oparino	59.85098	48.28614	PPLA2	33		4986	Europe/Kirov	2024-01-09
515267	Omutninsk	58.67015	52.19313	PPLA2	33		25364	Europe/Kirov	2024-01-09
515403	Olonets	60.98106	32.97261	PPLA2	28		10005	Europe/Moscow	2023-12-11
515507	Ol’khovka	49.85921	44.56234	PPLA2	84		0	Europe/Volgograd	2024-09-12
515539	Ol’khovatka	50.27927	39.29357	PPLA2	86		4068	Europe/Moscow	2025-07-16
515687	Olenino	56.20917	33.48888	PPLA2	77		5079	Europe/Moscow	2023-05-11
515771	Okulovka	58.40801	33.28852	PPLA2	52		13852	Europe/Moscow	2023-09-06
515792	Oktyabr’skoye	52.34774	55.5022	PPLA2	55		0	Asia/Yekaterinburg	2024-11-12
515854	Oktyabr’skiy	61.08934	43.17177	PPLA2	06		9008	Europe/Moscow	2024-04-15
515867	Oktyabr’skiy	56.51713	57.20489	PPLA2	90		8990	Asia/Yekaterinburg	2024-05-14
515879	Oktyabrsky	54.48147	53.47103	PPL	08		108200	Asia/Yekaterinburg	2023-12-24
515909	Oktyabr’skiy	47.96973	43.64663	PPLA2	84		0	Europe/Volgograd	2024-09-12
515921	Takhtamukay	44.92198	38.99486	PPLA2	01		5120	Europe/Moscow	2024-01-09
515938	Oktyabr’sk	53.16675	48.69723	PPLA2	65		26306	Europe/Samara	2025-07-16
516073	Okhansk	57.71491	55.3906	PPLA2	90		7920	Asia/Yekaterinburg	2026-05-05
516197	Odoyev	53.93567	36.68821	PPLA2	76		6386	Europe/Moscow	2023-05-11
516215	Odintsovo	55.66977	37.27716	PPLA2	47		137041	Europe/Moscow	2023-07-11
516256	Ochër	57.88227	54.71827	PPLA2	90		15395	Asia/Yekaterinburg	2024-05-14
516264	Ochakovo-Matveyevskoye	55.68432	37.44654	PPLX	48		114000	Europe/Moscow	2013-04-02
516400	Oboyan’	51.21224	36.27859	PPLA2	41		14000	Europe/Moscow	2023-10-06
516436	Obninsk	55.10993	36.61238	PPLA2	25		107392	Europe/Moscow	2023-05-11
516454	Oblivskaya	48.53616	42.50143	PPLA2	61		9528	Europe/Moscow	2024-09-12
516576	Nytva	57.93771	55.34136	PPLA2	90		20525	Asia/Yekaterinburg	2024-05-14
516615	Nyazepetrovsk	56.03715	59.59852	PPLA2	13		12717	Asia/Yekaterinburg	2025-02-18
516647	Nyandoma	61.6718	40.21221	PPLA2	06		22179	Europe/Moscow	2024-02-08
516716	Nurlat	54.42903	50.80598	PPLA2	73	515836	34451	Europe/Moscow	2025-09-09
516780	Nozhay-Yurt	43.09437	46.37582	PPLA2	12	516779	5073	Europe/Moscow	2023-12-11
516828	Novyy Toryal	57.00394	48.73419	PPLA2	45		5629	Europe/Moscow	2024-04-15
516935	Novyy Nekouz	57.9043	38.06729	PPLA2	88		3629	Europe/Moscow	2023-10-06
517121	Novyye Kuz’minki	55.7	37.75	PPLX	48		143000	Europe/Moscow	2013-04-02
517161	Novyye Cherëmushki	55.7	37.58333	PPLX	48		101000	Europe/Moscow	2013-04-02
517172	Novyye Burasy	52.12982	46.07632	PPLA2	67		6469	Europe/Saratov	2025-07-16
517269	Novozybkov	52.53711	31.93659	PPLA2	10		42571	Europe/Moscow	2023-04-05
517716	Novovoronezh	51.31528	39.21872	PPLA2	86		37392	Europe/Moscow	2025-07-16
517739	Novouzensk	50.46321	48.14161	PPLA2	67		16932	Europe/Saratov	2025-07-16
517766	Novoul’yanovsk	54.14774	48.38644	PPLA2	81		17139	Europe/Ulyanovsk	2025-09-09
517836	Novotroitsk	51.20099	58.31318	PPLA2	55		106186	Asia/Yekaterinburg	2024-11-12
517897	Novospasskoye	53.15075	47.74766	PPLA2	81		10941	Europe/Ulyanovsk	2025-09-09
517921	Novosokol’niki	56.34775	30.15681	PPLA2	60		9029	Europe/Moscow	2023-06-14
517947	Novosil’	52.97277	37.03958	PPLA2	56		3989	Europe/Moscow	2023-05-11
517958	Novosheshminsk	55.06637	51.24061	PPLA2	73		4585	Europe/Moscow	2025-09-09
517963	Novoshakhtinsk	47.76037	39.93335	PPL	61		99478	Europe/Moscow	2012-01-17
517982	Novosergiyevka	52.087	53.6463	PPLA2	55		13188	Asia/Yekaterinburg	2024-11-12
518209	Novoselitskoye	44.75083	43.43694	PPLA2	70		8723	Europe/Moscow	2024-01-09
518236	Novorzhev	57.0308	29.33257	PPLA2	60		3988	Europe/Moscow	2023-06-14
518255	Novorossiysk	44.73188	37.76176	PPLA2	38		241856	Europe/Moscow	2024-09-12
518325	Novopokrovskaya	45.95761	40.69811	PPLA2	38		19342	Europe/Moscow	2024-09-12
518383	Novopavlovsk	43.95942	43.63156	PPLA2	70		24408	Europe/Moscow	2024-01-09
518418	Novoorsk	51.38122	58.98517	PPLA2	55		11212	Asia/Yekaterinburg	2024-11-12
518488	Novonikolayevskiy	50.97449	42.36004	PPLA2	84		10251	Europe/Volgograd	2024-09-12
518557	Novomoskovsk	54.01098	38.29084	PPLA2	76		130982	Europe/Moscow	2026-03-19
518619	Novaya Malykla	54.2046	49.93151	PPLA2	81		3292	Europe/Ulyanovsk	2025-09-09
518648	Novolakskoye	43.12056	46.48278	PPLA2	17		4463	Europe/Moscow	2023-10-06
518657	Novokuz’minki	55.71667	37.78333	PPLX	48		50000	Europe/Moscow	2013-04-02
518659	Novokuybyshevsk	53.09709	49.94001	PPLA2	65		111800	Europe/Samara	2025-07-16
518682	Novokubansk	45.11326	41.0365	PPLA2	38		36401	Europe/Moscow	2024-09-12
518740	Novokhovrino	55.86667	37.5	PPLH	48		50000	Europe/Moscow	2016-07-13
518745	Novokhopërsk	51.0969	41.6252	PPLA2	86	518742	7000	Europe/Moscow	2025-07-27
518764	Novokayakent	42.38653	47.98823	PPLA2	17		5991	Europe/Moscow	2023-10-06
518845	Novogurovskiy	54.46759	37.33661	PPLA2	76		3702	Europe/Moscow	2023-05-11
518879	Novogireyevo	55.75378	37.81885	PPLX	48	8520891	95000	Europe/Moscow	2016-04-01
518909	Novodvinsk	64.41638	40.81674	PPLA2	06		42900	Europe/Moscow	2024-02-08
518912	Novodugino	55.63275	34.2963	PPLA2	69		3894	Europe/Moscow	2023-02-10
518970	Novocherkassk	47.4222	40.09373	PPLA2	61		166974	Europe/Moscow	2024-09-12
518976	Novocheboksarsk	56.11095	47.47755	PPL	16		128468	Europe/Moscow	2012-01-17
519027	Novobelokatay	55.70691	58.95726	PPLA2	08		5923	Asia/Yekaterinburg	2024-12-12
519062	Novoanninskiy	50.5283	42.6746	PPLA2	84		19231	Europe/Volgograd	2024-09-12
519106	Novoaleksandrovsk	45.49745	41.2253	PPLA2	70		27610	Europe/Moscow	2024-01-09
519336	Velikiy Novgorod	58.52131	31.27104	PPLA	52		222868	Europe/Moscow	2026-04-14
519447	Novaya Usman’	51.64355	39.41138	PPLA2	86		22165	Europe/Moscow	2025-07-16
520041	Nolinsk	57.5593	49.93332	PPLA2	33		10282	Europe/Kirov	2024-01-09
520068	Noginsk	55.86486	38.44853	PPLA2	47		115979	Europe/Moscow	2023-07-11
520204	Nizhnyaya Tura	58.62369	59.8523	PPLA2	71		22600	Asia/Yekaterinburg	2024-04-20
520494	Nizhny Tagil	57.91944	59.965	PPL	71		381116	Asia/Yekaterinburg	2022-10-02
520555	Nizhniy Novgorod	56.32867	44.00205	PPLA	51		1259013	Europe/Moscow	2026-04-14
520667	Nizhniye Sergi	56.66134	59.29979	PPLA2	71		12077	Asia/Yekaterinburg	2024-04-20
521118	Nizhnekamsk	55.63794	51.81502	PPLA2	73		234297	Europe/Moscow	2025-09-09
521148	Nizhnedevitsk	51.54413	38.36436	PPLA2	86		6320	Europe/Moscow	2025-07-16
521500	Nikol’skoye	55.68333	37.48333	PPLX	48		50000	Europe/Moscow	2020-06-10
521874	Nikolayevsk	50.02805	45.46115	PPLA2	84		16044	Europe/Volgograd	2024-09-12
521966	Nikolayevka	53.1309	47.21153	PPLA2	81		6419	Europe/Ulyanovsk	2025-09-09
522353	Neya	58.29708	43.86834	PPLA2	37		11144	Europe/Moscow	2023-12-11
522377	Nevinnomyssk	44.6333	41.9444	PPLA2	70		134345	Europe/Moscow	2024-01-09
522410	Nevel’	56.02	29.92824	PPLA2	60		17832	Europe/Moscow	2023-06-14
522508	Nesterov	54.63056	22.57139	PPLA2	23		5071	Europe/Kaliningrad	2019-09-05
522594	Nerekhta	57.45795	40.57169	PPLA2	37		25352	Europe/Moscow	2023-12-11
522742	Neman	55.03111	22.02639	PPLA2	23		12507	Europe/Kaliningrad	2016-03-09
522745	Nema	57.50687	50.5011	PPLA2	33		3797	Europe/Kirov	2024-01-09
522775	Nelidovo	56.22761	32.77474	PPLA2	77		25349	Europe/Moscow	2023-05-11
522799	Nekrasovskoye	57.67958	40.36504	PPLA2	88		6353	Europe/Moscow	2023-10-06
522902	Nekhayevskaya	50.40841	41.74882	PPLA2	84		4714	Europe/Volgograd	2024-09-12
522942	Neftekamsk	56.08879	54.26383	PPLA2	08		126805	Asia/Yekaterinburg	2024-12-12
522945	Neftegorsk	52.80135	51.16551	PPLA2	65		19542	Europe/Samara	2025-07-16
523064	Nazran	43.22597	44.77323	PPLA2	19		164131	Europe/Moscow	2024-09-11
523186	Navlya	52.82544	34.4996	PPLA2	10		13735	Europe/Moscow	2023-04-05
523198	Navashino	55.54315	42.19307	PPLA2	51		14830	Europe/Moscow	2023-12-11
523206	Naurskaya	43.64999	45.31127	PPLA2	12	523209	8550	Europe/Moscow	2023-12-11
523382	Naryshkino	52.96778	35.72677	PPLA2	56		9600	Europe/Moscow	2023-05-11
523392	Nar'yan-Mar	67.63869	53.00371	PPLA	50		18041	Europe/Moscow	2026-04-14
523405	Nartkala	43.5544	43.85499	PPLA2	22		33390	Europe/Moscow	2024-01-09
523426	Naro-Fominsk	55.38752	36.73307	PPLA2	47	523425	72632	Europe/Moscow	2023-09-16
523443	Narimanov	46.69306	47.85071	PPLA2	07		11905	Europe/Astrakhan	2024-01-09
523523	Nalchik	43.49806	43.61889	PPLA	22	825098	239300	Europe/Moscow	2026-04-14
523583	Nagorsk	59.3193	50.80607	PPLA2	33		4982	Europe/Kirov	2024-01-09
523734	Nachalovo	46.33776	48.19815	PPLA2	07		4808	Europe/Astrakhan	2024-01-09
523750	Naberezhnyye Chelny	55.73718	52.41961	PPLA2	73	480620	509870	Europe/Moscow	2025-09-09
523812	Mytishchi	55.91099	37.72964	PPLA2	47		160542	Europe/Moscow	2023-07-11
523859	Myshkin	57.79027	38.454	PPLA2	88		5932	Europe/Moscow	2023-10-06
524183	Muslyumovo	55.30706	53.18855	PPLA2	73		7406	Europe/Moscow	2025-09-09
524294	Murom	55.56853	42.02388	PPLA2	83		126931	Europe/Moscow	2023-09-06
524305	Murmansk	68.96778	33.09922	PPLA	49		295374	Europe/Moscow	2026-04-14
524414	Murashi	59.3984	48.96374	PPLA2	33		7190	Europe/Kirov	2024-01-09
524627	Muchkapskiy	51.85094	42.47648	PPLA2	72		7814	Europe/Moscow	2024-04-20
524640	Mtsensk	53.2788	36.58047	PPLA2	56		47609	Europe/Moscow	2023-05-11
524681	Mrakovo	52.71568	56.62125	PPLA2	08		8394	Asia/Yekaterinburg	2024-12-12
524699	Mozhga	56.44576	52.2156	PPLA2	80		47270	Europe/Samara	2024-02-08
524712	Mozhaysk	55.50194	36.02722	PPLA2	47		31557	Europe/Moscow	2023-07-11
524736	Mozdok	43.73976	44.65157	PPLA2	68		40823	Europe/Moscow	2024-01-09
524809	Mostovskoy	44.4115	40.79281	PPLA2	38		25188	Europe/Moscow	2024-09-12
524854	Mostishche	56.29123	28.7642	PPLA3	60		0	Europe/Moscow	2017-05-07
524901	Moscow	55.75204	37.61781	PPLC	48		10381222	Europe/Moscow	2025-09-09
525025	Moshenskoye	58.51253	34.58061	PPLA2	52		2697	Europe/Moscow	2023-09-06
525084	Mosal’sk	54.48952	34.98096	PPLA2	25		3972	Europe/Moscow	2023-05-11
525138	Morshansk	53.44325	41.81061	PPLA2	72		43311	Europe/Moscow	2024-04-20
525162	Morozovsk	48.35103	41.829	PPLA2	61		29289	Europe/Moscow	2024-09-12
525262	Morki	56.43244	48.99904	PPLA2	45		9568	Europe/Moscow	2023-12-11
525365	Mordovo	52.08659	40.77259	PPLA2	72		7112	Europe/Moscow	2024-04-20
525426	Monastyrshchina	54.34953	31.84132	PPLA2	69		4501	Europe/Moscow	2023-02-10
525509	Molokovo	58.16867	36.76599	PPLA2	77		2490	Europe/Moscow	2023-05-11
525719	Mokrous	51.23756	47.51395	PPLA2	67		6738	Europe/Saratov	2025-07-16
526246	Mishkino	55.53332	55.96253	PPLA2	08		0	Asia/Yekaterinburg	2024-12-12
526480	Mineralnye Vody	44.21028	43.13528	PPL	70		76280	Europe/Moscow	2023-06-09
526504	Milyutinskaya	48.62823	41.66941	PPLA2	61		2743	Europe/Moscow	2024-09-12
526543	Miloslavskoye	53.58121	39.4476	PPLA2	62		4693	Europe/Moscow	2023-06-14
526558	Millerovo	48.92523	40.39982	PPLA2	61		38527	Europe/Moscow	2024-09-12
526845	Mikhaylovskiy	51.76742	48.58975	PPLA2	67		0	Europe/Saratov	2025-07-16
527012	Mikhaylovka	50.06187	43.23335	PPLA2	84		58898	Europe/Volgograd	2024-09-12
527034	Mikhaylov	54.23227	39.02915	PPLA2	62		12907	Europe/Moscow	2023-06-14
527191	Michurinsk	52.90761	40.4823	PPLA2	72		93499	Europe/Moscow	2024-04-20
527217	Mglin	53.06026	32.84775	PPLA2	10		8368	Europe/Moscow	2023-04-05
527321	Mezen’	65.84364	44.24643	PPLA2	06		3672	Europe/Moscow	2024-02-08
527370	Mesyagutovo	55.53227	58.24616	PPLA2	08		9780	Asia/Yekaterinburg	2024-12-12
527405	Meshchovsk	54.32148	35.28453	PPLA2	25		4386	Europe/Moscow	2023-05-11
527529	Menzelinsk	55.72792	53.1022	PPLA2	73		16858	Europe/Moscow	2025-09-09
527579	Mendeleyevsk	55.89692	52.31119	PPLA2	73		22969	Europe/Moscow	2025-09-09
527717	Meleuz	52.96467	55.93277	PPL	08		65362	Asia/Yekaterinburg	2019-09-05
527740	Melenki	55.33579	41.62747	PPLA2	83		15902	Europe/Moscow	2023-09-06
527821	Mekhel’ta	42.79093	46.49418	PPLA2	17	558024	0	Europe/Moscow	2023-10-06
527888	Medvezh’yegorsk	62.91447	34.45856	PPLA2	28		16551	Europe/Moscow	2023-12-11
527966	Medvënka	51.41698	36.1107	PPLA2	41		0	Europe/Moscow	2025-09-09
528056	Medvedevo	56.63402	47.8035	PPLA2	45		22555	Europe/Moscow	2025-12-03
528109	Mednogorsk	51.40571	57.58751	PPLA2	55		30676	Asia/Yekaterinburg	2024-11-12
528239	Mayskiy	50.52172	36.46661	PPLA2	09		7537	Europe/Moscow	2024-10-11
528248	Mayskiy	43.6414	44.03851	PPLA2	22		0	Europe/Moscow	2012-01-17
528278	Mayna	54.11602	47.62054	PPLA2	81		7904	Europe/Ulyanovsk	2025-09-09
528293	Maykop	44.60789	40.10242	PPLA	01	11205694	141970	Europe/Moscow	2026-04-14
528408	Matyushkino	56.86325	28.62508	PPLA3	60		0	Europe/Moscow	2017-05-07
528495	Matveyev Kurgan	47.56675	38.86891	PPLA2	61		14342	Europe/Moscow	2026-04-17
528513	Matveyevka	53.50752	53.48098	PPLA2	55		0	Asia/Yekaterinburg	2024-11-12
529073	Marks	51.71018	46.74553	PPLA2	67		32929	Europe/Saratov	2025-07-16
529195	Mari-Turek	56.79012	49.62244	PPLA2	45		5900	Europe/Moscow	2023-12-11
529237	Mar’ino	55.65	37.71667	PPLX	48		243000	Europe/Moscow	2013-04-02
529387	Marëvo	57.31072	32.07858	PPLA2	52		2571	Europe/Moscow	2023-10-06
529505	Manturovo	58.32582	44.75881	PPLA2	37		18817	Europe/Moscow	2023-12-11
529507	Manturovo	51.45471	37.12848	PPLA2	41		2755	Europe/Moscow	2023-10-06
529709	Mamadysh	55.70273	51.40439	PPLA2	73	Mamadyshkiy Rayon	14148	Europe/Moscow	2025-09-09
530088	Yaroslavskiy	55.88333	37.71667	PPLX	48		91000	Europe/Moscow	2014-02-06
530196	Malyye Derbety	47.95518	44.68133	PPLA2	24		5822	Europe/Moscow	2024-08-11
530849	Maloyaroslavets	55.01457	36.47185	PPLA2	25		32669	Europe/Moscow	2023-05-11
530966	Maloarkhangel’sk	52.40002	36.50267	PPLA2	56		3962	Europe/Moscow	2023-05-11
530972	Malmyzh	56.52045	50.68103	PPLA2	33		8990	Europe/Kirov	2024-01-09
531129	Malgobek	43.51121	44.59051	PPLA2	19		43400	Europe/Moscow	2023-12-11
531257	Malaya Vishera	58.84506	32.22235	PPLA2	52		13834	Europe/Moscow	2023-09-06
531426	Malaya Purga	56.55666	53.00434	PPLA2	80		6803	Europe/Samara	2024-02-08
531840	Makushino	56.68802	28.47207	PPLA3	60		0	Europe/Moscow	2017-05-07
531979	Maksatikha	57.79695	35.88254	PPLA2	77		9441	Europe/Moscow	2023-05-11
532096	Makhachkala	42.97782	47.50027	PPLA	17		596356	Europe/Moscow	2026-04-14
532138	Makar’yev	57.88502	43.80637	PPLA2	37		7600	Europe/Moscow	2023-12-11
532288	Magnitogorsk	53.39808	59.0066	PPLA2	13	825030	413351	Asia/Yekaterinburg	2025-02-18
532307	Magaramkent	41.61513	48.34609	PPLA2	17		6708	Europe/Moscow	2023-10-06
532314	Madzhalis	42.12167	47.83333	PPLA2	17		6173	Europe/Moscow	2023-10-06
532459	Lyudinovo	53.86639	34.44778	PPLA2	25		41392	Europe/Moscow	2023-05-11
532463	Lyubytino	58.81441	33.39196	PPLA2	52		3225	Europe/Moscow	2024-05-14
532535	Lyublino	55.67738	37.76005	PPLX	48		172000	Europe/Moscow	2024-06-09
532600	Lyubim	58.36183	40.68695	PPLA2	88		6057	Europe/Moscow	2023-10-06
532615	Lyubertsy	55.67719	37.89322	PPLA2	47		154650	Europe/Moscow	2023-07-11
532657	Lytkarino	55.57653	37.91245	PPLA2	47		50619	Europe/Moscow	2023-07-11
532664	Lysyye Gory	51.55083	44.83982	PPLA2	67		7501	Europe/Saratov	2025-07-16
532675	Lys’va	58.10737	57.81063	PPLA2	90		68660	Asia/Yekaterinburg	2024-05-14
532715	Lyskovo	56.02927	45.04233	PPLA2	51		23570	Europe/Moscow	2023-12-11
532895	Lyambir’	54.27988	45.12225	PPLA2	46		8274	Europe/Moscow	2024-05-14
533143	Luza	60.62634	47.2644	PPLA2	33		11935	Europe/Kirov	2024-01-09
533400	Lukoyanov	55.03145	44.48179	PPLA2	51	533397	12913	Europe/Moscow	2023-12-11
533481	Lukino	56.85933	28.46426	PPLA3	60		0	Europe/Moscow	2017-05-07
533542	Lukhovitsy	54.9418	39.02498	PPLA2	47		0	Europe/Moscow	2023-07-11
533555	Lukh	57.01036	42.25861	PPLA2	21		3157	Europe/Moscow	2023-11-07
533690	Luga	58.73876	29.84756	PPLA2	42		40114	Europe/Moscow	2024-02-08
533933	Lovozero	68.00557	35.01872	PPLA2	49		2963	Europe/Moscow	2024-02-08
533964	Loukhi	66.07501	33.0487	PPLA2	28		5764	Europe/Moscow	2025-03-11
533975	Lotoshino	56.23435	35.64406	PPLA2	47		5286	Europe/Moscow	2023-07-11
534015	Losino-Petrovskiy	55.87006	38.19318	PPLA2	47		22116	Europe/Moscow	2023-07-11
534413	Lokot’	52.57472	34.57673	PPLA2	10		11853	Europe/Moscow	2022-03-11
534423	Loknya	56.82621	30.14064	PPLA2	60		4762	Europe/Moscow	2023-06-14
534560	Lodeynoye Pole	60.72564	33.56063	PPLA2	42		22164	Europe/Moscow	2023-10-06
534595	Lobnya	56.02714	37.46793	PPLA2	47		61772	Europe/Moscow	2023-07-11
534701	Livny	52.42431	37.59956	PPLA2	56		46779	Europe/Moscow	2023-05-11
534838	Liski	50.9824	39.50403	PPLA2	86		55939	Europe/Moscow	2026-01-18
535121	Lipetsk	52.5876	39.55151	PPLA	43		509735	Europe/Moscow	2026-04-14
535229	Liman	45.78205	47.22393	PPLA2	07		8858	Europe/Astrakhan	2024-01-09
535261	Likhoslavl’	57.12662	35.46421	PPLA2	77		12290	Europe/Moscow	2023-05-11
535270	Likhobory	55.85	37.56667	PPLX	48		50000	Europe/Moscow	2013-04-02
535330	Lianozovo	55.89783	37.5868	PPLX	48	579866	86000	Europe/Moscow	2018-11-14
535347	L’gov	51.68925	35.28449	PPLA2	41		0	Europe/Moscow	2023-07-11
535366	Lezhnevo	56.77508	40.89174	PPLA2	21		7977	Europe/Moscow	2023-11-07
535417	Lev Tolstoy	53.20993	39.45431	PPLA2	43		8955	Europe/Moscow	2023-12-11
535438	Levokumskoye	44.82194	44.66056	PPLA2	70		11377	Europe/Moscow	2024-01-09
535542	Levashi	42.43224	47.3237	PPLA2	17		7817	Europe/Moscow	2023-10-06
535605	Letnyaya Stavka	45.42819	43.4442	PPLA2	70		4969	Europe/Moscow	2024-01-09
535711	Lesnoye	58.28603	35.52359	PPLA2	77		1887	Europe/Moscow	2023-05-11
535729	Komendantsky aerodrom	60.00448	30.27523	PPLX	66		84052	Europe/Moscow	2013-03-30
535839	Leshukonskoye	64.89985	45.76165	PPLA2	06		4813	Europe/Moscow	2024-02-08
535886	Lermontov	44.1072	42.97798	PPLA2	70		23369	Europe/Moscow	2024-01-09
536035	Leninskoye	58.31552	47.0884	PPLA2	33		5323	Europe/Kirov	2024-01-09
536111	Leninskiy	54.28734	37.4571	PPLA2	76		9834	Europe/Moscow	2023-05-11
536156	Leninsk	48.70311	45.19611	PPLA2	84		15167	Europe/Volgograd	2024-09-12
536162	Leninogorsk	54.5971	52.45124	PPLA2	73		66263	Europe/Moscow	2025-09-09
536164	Tsaritsyno	55.6254	37.65032	PPLX	48		123000	Europe/Moscow	2019-08-13
536200	Leningradskaya	46.32143	39.38551	PPLA2	38		38712	Europe/Moscow	2024-09-12
536398	Lefortovo	55.76667	37.7	PPLX	48		91000	Europe/Moscow	2013-04-02
536467	Lebyazh’ye	57.40968	49.53059	PPLA2	33		0	Europe/Kirov	2024-01-09
536518	Lebedyan’	53.01532	39.14458	PPLA2	43		22970	Europe/Moscow	2023-12-11
536936	Laptëvo	56.7426	28.83444	PPLA3	60		0	Europe/Moscow	2020-06-10
537147	Lakhdenpokh’ya	61.51968	30.19761	PPLA2	28		8448	Europe/Moscow	2023-12-11
537158	Laishevo	55.40559	49.5521	PPLA2	73		7744	Europe/Moscow	2025-09-09
537229	Ladushkin	54.57025	20.17099	PPLA2	23		3928	Europe/Kaliningrad	2023-03-08
537281	Labinsk	44.63604	40.7357	PPLA2	38		61945	Europe/Moscow	2024-09-12
537541	Kvarkeno	52.08312	59.72531	PPLA2	55		4161	Asia/Yekaterinburg	2024-11-12
537598	Kuzovatovo	53.54681	47.68628	PPLA2	81		8607	Europe/Ulyanovsk	2025-09-09
537737	Kuznetsk	53.11675	46.60037	PPL	57	537733	90480	Europe/Moscow	2023-06-06
537832	Kuz’minki	55.7	37.8	PPLX	48		143000	Europe/Moscow	2013-04-02
537939	Kuzhener	56.81124	48.91523	PPLA2	45		5797	Europe/Moscow	2023-12-11
538046	Kuyeda	56.4305	55.59139	PPLA2	90		9565	Asia/Yekaterinburg	2024-05-14
538061	Kuybyshevo	47.81351	38.91153	PPLA2	61		5790	Europe/Moscow	2026-04-17
538104	Kuvshinovo	57.02857	34.17895	PPLA2	77		10960	Europe/Moscow	2023-05-11
538138	Kuvandyk	51.48481	57.35788	PPLA2	55		28706	Asia/Yekaterinburg	2024-11-12
538340	Kushva	58.28731	59.74751	PPLA2	71		34058	Asia/Yekaterinburg	2024-04-20
538416	Kushchyovskaya	46.5599	39.6321	PPLA2	38		29915	Europe/Moscow	2022-09-16
538442	Kusa	55.34503	59.44004	PPLA2	13		19818	Asia/Yekaterinburg	2025-02-18
538558	Kurskaya	44.04315	44.45497	PPLA2	70		12036	Europe/Moscow	2024-01-09
538560	Kursk	51.72689	36.18457	PPLA	41		448733	Europe/Moscow	2026-04-14
538582	Kursavka	44.46151	42.50407	PPLA2	70		11043	Europe/Moscow	2024-01-09
538685	Kurmanayevka	52.50699	52.06633	PPLA2	55		4552	Asia/Yekaterinburg	2024-11-12
538733	Kurkino	53.42595	38.65597	PPLA2	76		5944	Europe/Moscow	2023-05-11
538836	Kurganinsk	44.88448	40.58893	PPLA2	38		47681	Europe/Moscow	2024-09-12
538908	Kurchatov	51.65356	35.68651	PPLA2	41		46600	Europe/Moscow	2023-10-06
538913	Kurchaloy	43.20487	46.08784	PPLA2	12		20903	Europe/Moscow	2023-12-11
538994	Kurakh	41.58488	47.78207	PPLA2	17		3364	Europe/Moscow	2023-10-06
539061	Kupchino	59.859	30.388	PPLX	66	562330	54198	Europe/Moscow	2024-03-04
539104	Kun’ya	56.2931	30.98009	PPLA2	60		0	Europe/Moscow	2023-06-14
539110	Kuntsevo	55.74216	37.40225	PPLX	48		147497	Europe/Moscow	2026-04-16
539147	Kungur	57.41435	56.97157	PPLA2	90		66389	Asia/Yekaterinburg	2024-05-14
539221	Kumylzhenskaya	49.88176	42.58611	PPLA2	84		8061	Europe/Volgograd	2024-09-12
539233	Kumukh	42.17018	47.11597	PPLA2	17		2658	Europe/Moscow	2023-10-06
539283	Kumertau	52.76493	55.78785	PPLA2	08		65321	Asia/Yekaterinburg	2024-12-12
539284	Kumëny	58.10799	49.91326	PPLA2	33		5090	Europe/Kirov	2024-01-09
539555	Kulebaki	55.41333	42.5325	PPLA2	51		37622	Europe/Moscow	2023-12-11
539689	Kukmor	56.18648	50.89404	PPLA2	73		16795	Europe/Moscow	2025-09-09
539817	Kudymkar	59.01516	54.65319	PPLA2	90		31596	Asia/Yekaterinburg	2024-05-14
540103	Kstovo	56.1475	44.19865	PPLA2	51	540102	67242	Europe/Moscow	2023-12-11
540121	Kshenskiy	51.84083	37.71361	PPLA2	41		6504	Europe/Moscow	2023-10-06
540251	Krymsk	44.92625	37.99025	PPLA2	38		57555	Europe/Moscow	2024-09-12
540267	Krylovskaya	46.32109	39.97011	PPLA2	38	540263	14605	Europe/Moscow	2024-09-12
540761	Kropotkin	45.43722	40.5704	PPLA2	38		79599	Europe/Moscow	2024-09-12
540776	Kromy	52.68762	35.76665	PPLA2	56		7098	Europe/Moscow	2023-05-11
541092	Kresty	56.77595	28.09083	PPLA3	60		0	Europe/Moscow	2017-05-07
541116	Kresttsy	58.24782	32.51796	PPLA2	52		9737	Europe/Moscow	2023-09-06
541337	Krasnyy Yar	53.4978	50.39209	PPLA2	65		7664	Europe/Samara	2025-07-16
541349	Krasnyy Yar	46.53241	48.34476	PPLA2	07		10876	Europe/Astrakhan	2024-01-09
541404	Krasnyy Sulin	47.89246	40.07185	PPLA2	61		44133	Europe/Moscow	2024-09-12
541406	Biryulëvo Zapadnoye	55.58766	37.64282	PPLX	47		89000	Europe/Moscow	2013-04-02
541647	Krasnyy Kut	50.95015	46.96851	PPLA2	67		14956	Europe/Saratov	2025-07-16
541704	Krasnyy Kholm	58.06166	37.11975	PPLA2	77		6120	Europe/Moscow	2023-05-11
541867	Krasnyy	54.56632	31.43158	PPLA2	69		0	Europe/Moscow	2023-02-10
541947	Krasnoznamensk	54.94222	22.48972	PPLA2	23		3724	Europe/Kaliningrad	2016-03-09
542109	Krasnoye	52.86331	38.78455	PPLA2	43		4021	Europe/Moscow	2023-12-11
542121	Krasnoye	50.93291	38.68125	PPLA2	09		2352	Europe/Moscow	2024-10-11
542184	Krasnovishersk	60.40728	57.08286	PPLA2	90		18185	Asia/Yekaterinburg	2024-05-14
542194	Krasnousol’skiy	53.88755	56.47205	PPLA2	08		0	Asia/Yekaterinburg	2024-12-12
542199	Krasnoufimsk	56.61399	57.76897	PPLA2	71		43121	Asia/Yekaterinburg	2024-04-20
542212	Krasnoslobodsk	54.42548	43.78561	PPLA2	46		10748	Europe/Moscow	2024-05-14
542327	Krasnokamsk	58.0787	55.75622	PPLA2	90		52689	Asia/Yekaterinburg	2024-05-14
542334	Krasnogvardeyskoye	45.84493	41.51745	PPLA2	70		16169	Europe/Moscow	2024-01-09
542335	Krasnogvardeyskoye	45.13235	39.57438	PPLA2	01		9071	Europe/Moscow	2024-01-09
542356	Krasnogorskoye	57.7047	52.4999	PPLA2	80		4508	Europe/Samara	2024-02-08
542374	Krasnogorsk	55.81904	37.32984	PPLA2	47		92932	Europe/Moscow	2023-07-11
542378	Krasnogorodsk	56.83388	28.29873	PPLA2	60		4563	Europe/Moscow	2023-06-14
542420	Krasnodar	45.04534	38.98178	PPLA	38		899541	Europe/Moscow	2026-04-14
542423	Krasnoborsk	61.55802	45.934	PPLA2	06		4838	Europe/Moscow	2024-02-08
542461	Krasnoarmeyskaya	45.36551	38.21194	PPLA2	38		29009	Europe/Moscow	2024-09-12
542464	Krasnoarmeysk	51.02349	45.69665	PPLA2	67		25841	Europe/Saratov	2025-07-16
542561	Krasnaya Zarya	52.78471	37.68702	PPLA2	56		1802	Europe/Moscow	2023-05-11
542571	Krasnaya Yaruga	50.80198	35.65774	PPLA2	09		7924	Europe/Moscow	2024-10-11
542634	Presnenskiy	55.75	37.55	PPLX	48		122000	Europe/Moscow	2018-11-14
542769	Krasnaya Gorka	55.19348	56.67443	PPLA2	08		4079	Asia/Yekaterinburg	2024-12-12
542776	Krasnaya Gorbatka	55.87701	41.75508	PPLA2	83		9225	Europe/Moscow	2023-09-06
542788	Krasnaya Gora	52.9995	31.6023	PPLA2	10		6468	Europe/Moscow	2023-03-08
543018	Koz’modem’yansk	56.33209	46.5606	PPLA2	45		22700	Europe/Moscow	2023-12-11
543254	Kozhukhovo	55.7	37.66667	PPLX	47		50000	Europe/Moscow	2013-04-02
543344	Kozeyevo	55.86667	37.61667	PPLX	48		50000	Europe/Moscow	2013-04-02
543348	Kozel’sk	54.0366	35.77088	PPLA2	25		19500	Europe/Moscow	2023-05-11
543396	Koygorodok	60.44379	51.00342	PPLA2	34		2924	Europe/Moscow	2024-05-14
543436	Kovylkino	54.0372	43.91871	PPLA2	46		21400	Europe/Moscow	2024-05-14
543460	Kovrov	56.35752	41.31893	PPLA2	83	543454	154224	Europe/Moscow	2023-09-06
543494	Kovernino	57.128	43.81462	PPLA2	51	543493	6988	Europe/Moscow	2023-12-11
543508	Kovdor	67.56627	30.47765	PPLA2	49		19518	Europe/Moscow	2024-02-08
543605	Kotovsk	52.59047	41.50251	PPLA2	72		33077	Europe/Moscow	2024-04-20
543633	Kotovo	50.31567	44.81002	PPLA2	84		26981	Europe/Volgograd	2024-09-12
543704	Kotlas	61.25663	46.6537	PPLA2	06		59180	Europe/Moscow	2024-02-08
543728	Kotel’nikovo	47.63012	43.14158	PPLA2	84		19622	Europe/Volgograd	2024-09-12
543731	Kotel’niki	55.65384	37.86234	PPLA2	47		18300	Europe/Moscow	2023-07-11
543737	Kotel’nich	58.30348	48.33745	PPLA2	33		27600	Europe/Kirov	2024-01-09
543878	Kostroma	57.76638	40.92828	PPLA	37	543869	277280	Europe/Moscow	2026-04-14
544084	Koslan	63.45954	48.89695	PPLA2	34		2547	Europe/Moscow	2024-05-14
544203	Koshki	54.20851	50.46698	PPLA2	65		8086	Europe/Samara	2025-07-16
544263	Koshekhabl’	44.90007	40.50326	PPLA2	01		7313	Europe/Moscow	2024-01-09
544318	Kosa	59.94538	54.99189	PPLA2	90		2199	Asia/Yekaterinburg	2024-05-14
544370	Koryazhma	61.31242	47.14829	PPLA2	06		42627	Europe/Moscow	2024-02-08
544397	Kortkeros	61.81329	51.57714	PPLA2	34		4429	Europe/Moscow	2024-05-14
544440	Korsakovo	53.26764	37.35807	PPLA2	56		1465	Europe/Moscow	2023-05-11
544707	Korocha	50.81087	37.19607	PPLA2	09		5890	Europe/Moscow	2024-10-11
544896	Korenovsk	45.46723	39.44923	PPLA2	38		41665	Europe/Moscow	2024-09-12
544906	Korenevo	51.41065	34.90008	PPLA2	41	544901	6236	Europe/Moscow	2024-08-09
545001	Korablino	53.92666	40.02365	PPLA2	62		14469	Europe/Moscow	2023-06-14
545223	Konyshëvka	51.8418	35.2941	PPLA2	41		4038	Europe/Moscow	2023-11-07
545277	Konstantinovsk	47.58113	41.0934	PPLA2	61		18876	Europe/Moscow	2024-09-12
545353	Konosha	60.97306	40.26322	PPLA2	06		12383	Europe/Moscow	2024-02-08
545575	Kondrovo	54.8059	35.93067	PPLA2	25		14462	Europe/Moscow	2023-05-11
545626	Kondopoga	62.20406	34.26932	PPLA2	28		34360	Europe/Moscow	2023-12-11
545673	Konakovo	56.70153	36.77305	PPLA2	77		42239	Europe/Moscow	2023-05-11
545727	Komsomol’skiy	45.32944	46.04211	PPLA2	24		5099	Europe/Moscow	2024-08-12
545736	Komsomol’sk	57.02944	40.37566	PPLA2	21		8975	Europe/Moscow	2023-11-07
545905	Komarovskiy	51.032	59.866	PPLA2	55		0	Asia/Yekaterinburg	2026-02-22
545946	Komarichi	52.42086	34.79758	PPLA2	10		7090	Europe/Moscow	2023-04-05
546092	Kolpna	52.2226	37.03096	PPLA2	56		7081	Europe/Moscow	2023-05-11
546105	Kolpino	59.75069	30.58856	PPL	66		138979	Europe/Moscow	2019-09-05
546230	Kolomna	55.07108	38.78399	PPLA2	47		147690	Europe/Moscow	2023-07-11
546282	Kologriv	58.82667	44.31831	PPLA2	37		3605	Europe/Moscow	2023-12-11
546521	Kol’chugino	56.3045	39.37656	PPLA2	83		45912	Europe/Moscow	2023-09-06
546554	Kola	68.88138	33.01769	PPLA2	49		10600	Europe/Moscow	2024-02-08
546672	Kokhma	56.9321	41.0947	PPLA2	21		28984	Europe/Moscow	2023-11-07
546798	Kochkurovo	54.03805	45.43502	PPLA2	46		3185	Europe/Moscow	2024-05-14
546845	Kochëvo	59.60035	54.31501	PPLA2	90		3261	Asia/Yekaterinburg	2024-06-09
547162	Knyaginino	55.82213	45.03482	PPLA2	51		6923	Europe/Moscow	2023-12-11
547475	Klintsy	52.76033	32.23905	PPLA2	10		66336	Europe/Moscow	2023-04-05
547523	Klin	56.33169	36.7292	PPLA2	47		80778	Europe/Moscow	2025-07-16
547560	Klimovsk	55.36352	37.52984	PPL	47		55206	Europe/Moscow	2019-09-05
547591	Klimovo	52.37877	32.1963	PPLA2	10		14482	Europe/Moscow	2023-04-05
547677	Kletskaya	49.31361	43.0628	PPLA2	84		5362	Europe/Volgograd	2024-09-12
547681	Kletnya	53.38981	33.21732	PPLA2	10		13658	Europe/Moscow	2023-04-05
547831	Kizner	56.27489	51.508	PPLA2	80		9847	Europe/Samara	2024-02-08
547840	Kizlyar	43.84686	46.70977	PPLA2	17		50564	Europe/Moscow	2023-06-14
547849	Kizilyurt	43.20279	46.86594	PPLA2	17		33411	Europe/Moscow	2023-06-14
547853	Kizil’skoye	52.72098	58.89648	PPLA2	13		0	Asia/Yekaterinburg	2025-02-18
547927	Kiyasovo	56.34907	53.12439	PPLA2	80		3265	Europe/Samara	2024-02-08
548114	Kislovodsk	43.91333	42.72083	PPLA2	70		132771	Europe/Moscow	2024-09-05
548278	Kirzhach	56.15273	38.85509	PPLA2	83		30566	Europe/Moscow	2023-09-06
548330	Kirsanov	52.6509	42.73481	PPLA2	72		17975	Europe/Moscow	2024-04-20
548333	Kirs	59.33829	52.24402	PPLA2	33		11385	Europe/Kirov	2024-01-09
548392	Kirovsk	59.88002	30.99549	PPLA2	42		24678	Europe/Moscow	2023-10-06
548395	Kirovo-Chepetsk	58.55091	50.031	PPLA2	33		90252	Europe/Kirov	2024-01-09
548408	Kirov	58.59809	49.65783	PPLA	33	548394	507155	Europe/Kirov	2026-04-14
548410	Kirov	54.06889	34.29891	PPLA2	25		39319	Europe/Moscow	2023-05-11
548442	Kirishi	59.47417	32.04007	PPLA2	42		56190	Europe/Moscow	2023-10-06
548478	Kirillov	59.86299	38.38128	PPLA2	85	548455	7468	Europe/Moscow	2019-03-30
548493	Kirgiz-Miyaki	53.63123	54.80422	PPLA2	08		7673	Asia/Yekaterinburg	2024-12-12
548506	Kireyevsk	53.9297	37.92148	PPLA2	76		25513	Europe/Moscow	2023-05-11
548602	Kingisepp	59.37627	28.61409	PPLA2	42		50566	Europe/Moscow	2023-10-06
548605	Kineshma	57.43665	42.12766	PPLA2	21		92983	Europe/Moscow	2023-11-07
548622	Kinel’-Cherkassy	53.4669	51.4941	PPLA2	65		18393	Europe/Samara	2025-07-16
548625	Kinel’	53.22658	50.62614	PPLA2	65		34336	Europe/Samara	2025-07-16
548652	Kimry	56.87456	37.35957	PPLA2	77		52070	Europe/Moscow	2023-05-11
548658	Kimovsk	53.97312	38.53502	PPLA2	76		31947	Europe/Moscow	2026-03-19
548695	Kil’mez’	56.94459	51.06363	PPLA2	33		5954	Europe/Kirov	2024-01-09
548715	Kilemary	56.77848	46.86499	PPLA2	45		3903	Europe/Moscow	2023-12-11
548740	Preobrazhenskaya	50.74068	43.0526	PPLA2	84		5475	Europe/Volgograd	2024-09-12
548747	Kiknur	57.30405	47.20037	PPLA2	33		5246	Europe/Kirov	2024-01-09
548890	Khvoynaya	58.89665	34.512	PPLA2	52		6637	Europe/Moscow	2023-09-06
548946	Khvorostyanka	52.61127	48.96008	PPLA2	65		4899	Europe/Samara	2025-07-16
548972	Khvastovichi	53.46814	35.09294	PPLA2	25		4545	Europe/Moscow	2023-05-11
548982	Khvalynsk	52.49114	48.10606	PPLA2	67		13437	Europe/Saratov	2025-07-16
549105	Khunzakh	42.54286	46.70605	PPLA2	17		3955	Europe/Moscow	2023-10-06
549175	Khuchni	41.95137	47.94892	PPLA2	17		3637	Europe/Moscow	2023-10-06
549341	Khotynets	53.1286	35.3966	PPLA2	56		4182	Europe/Moscow	2023-05-11
549479	Khoroshëvo-Mnevniki	55.78363	37.47137	PPLX	47		159000	Europe/Moscow	2013-04-02
549610	Khomutovo	52.85219	37.4408	PPLA2	56		4647	Europe/Moscow	2023-05-11
549617	Khomutovka	51.9207	34.5619	PPLA2	41		4936	Europe/Moscow	2023-10-06
549718	Kholm-Zhirkovskiy	55.511	33.48667	PPLA2	69		3726	Europe/Moscow	2023-02-10
549797	Kholm	57.14893	31.18173	PPLA2	52		4000	Europe/Moscow	2023-09-06
549848	Khokhol’skiy	51.56955	38.77088	PPLA2	86		7963	Europe/Moscow	2025-07-16
550102	Khlevnoye	52.19472	39.08909	PPLA2	43		6150	Europe/Moscow	2023-12-11
550201	Khiv	41.75455	47.93071	PPLA2	17		2401	Europe/Moscow	2023-10-06
550234	Khislavichi	54.18714	32.15817	PPLA2	69		4496	Europe/Moscow	2023-02-10
550277	Khima	42.65484	45.85267	PPLA2	12	Itum-Kalinskiy Rayon	0	Europe/Moscow	2023-12-11
550280	Khimki	55.9001	37.42848	PPLA2	47	550279	239967	Europe/Moscow	2026-04-04
550478	Khasavyurt	43.24872	46.58571	PPLA2	17	Gorod Khasavyurt	126829	Europe/Moscow	2023-06-14
550671	Kharabali	47.40769	47.25391	PPLA2	07		18223	Europe/Astrakhan	2024-01-09
550785	Orlov	58.53917	48.89166	PPLA2	33		8400	Europe/Kirov	2024-01-09
550868	Khabez	44.04422	41.77046	PPLA2	27		5806	Europe/Moscow	2024-01-09
550902	Kez	57.8957	53.7132	PPLA2	80		10792	Europe/Samara	2012-04-05
550949	Kesova Gora	57.58396	37.2962	PPLA2	77		3946	Europe/Moscow	2023-05-11
551124	Kemlya	54.693	45.259	PPLA2	46		4761	Europe/Moscow	2025-08-18
551145	Kem’	64.95695	34.59176	PPLA2	28		13829	Europe/Moscow	2023-12-11
551438	Kazanskaya	49.7906	41.14744	PPLA2	61		4946	Europe/Moscow	2026-05-05
551487	Kazan	55.78874	49.12214	PPLA	73	862913	1243500	Europe/Moscow	2026-04-14
551667	Kavkazskiy	44.26703	42.23219	PPLA2	27		3052	Europe/Moscow	2024-01-09
551669	Kavkazskaya	45.44392	40.66703	PPLA2	38		11680	Europe/Moscow	2024-09-12
551794	Katav-Ivanovsk	54.75263	58.20137	PPLA2	13		19339	Asia/Yekaterinburg	2025-02-18
551816	Kasumkent	41.67746	48.15182	PPLA2	17		12225	Europe/Moscow	2023-10-06
551823	Kastornoye	51.83011	38.13075	PPLA2	41		4390	Europe/Moscow	2023-10-06
551846	Lagan’	45.39177	47.36452	PPLA2	24		14045	Europe/Moscow	2024-08-12
551847	Kaspiysk	42.88165	47.63919	PPL	17	830812	81752	Europe/Moscow	2023-05-28
551891	Kasimov	54.94377	41.40341	PPLA2	62		35355	Europe/Moscow	2023-06-14
551948	Kashirskoye	51.40872	39.58783	PPLA2	86		4564	Europe/Moscow	2025-07-16
551964	Kashira	54.84763	38.18214	PPLA2	47		40084	Europe/Moscow	2023-07-11
551986	Kashin	57.35918	37.60806	PPLA2	77		16598	Europe/Moscow	2023-05-11
552006	Kashary	49.03973	41.00427	PPLA2	61		6292	Europe/Moscow	2024-09-12
552133	Karsun	54.19774	46.97723	PPLA2	81		8128	Europe/Ulyanovsk	2025-09-09
552256	Karpogory	64.00235	44.44585	PPLA2	06		4441	Europe/Moscow	2024-02-08
552312	Karmaskaly	54.36555	56.17133	PPLA2	08		7858	Asia/Yekaterinburg	2024-12-12
552558	Kardymovo	54.89011	32.43184	PPLA2	69		4951	Europe/Moscow	2023-02-10
552692	Karata	42.59453	46.34052	PPLA2	17		4838	Europe/Moscow	2023-06-14
552830	Karakulino	56.012	53.70669	PPLA2	80		5052	Europe/Samara	2024-02-08
552862	Karaidel’	55.84201	56.89774	PPLA2	08		5184	Asia/Yekaterinburg	2024-12-12
552887	Karagay	58.26615	54.9325	PPLA2	90		6586	Asia/Yekaterinburg	2024-05-14
552920	Karachev	53.12255	34.98494	PPLA2	10		19757	Europe/Moscow	2023-04-05
552924	Karachayevsk	43.77233	41.91366	PPLA2	27		20264	Europe/Moscow	2024-01-09
552951	Karabulak	43.30513	44.89949	PPLA2	19		34511	Europe/Moscow	2023-12-11
552953	Karabudakhkent	42.70916	47.56299	PPLA2	17		13207	Europe/Moscow	2023-10-06
553099	Kantemirovka	49.70437	39.85831	PPLA2	86		12770	Europe/Moscow	2025-07-16
553152	Kanevskaya	46.09534	38.97691	PPLA2	38		45334	Europe/Moscow	2024-09-12
553248	Kamyzyak	46.10502	48.07823	PPLA2	07		16191	Europe/Astrakhan	2024-01-09
553271	Kamyshla	54.11733	52.14302	PPLA2	65		4789	Europe/Samara	2025-07-16
553287	Kamyshin	50.0885	45.41277	PPLA2	84		128626	Europe/Volgograd	2024-09-12
553389	Kameshkovo	56.34919	40.99859	PPLA2	83		13935	Europe/Moscow	2023-09-06
553399	Kamensk-Shakhtinsky	48.31779	40.25948	PPLA2	61		75814	Europe/Moscow	2023-06-04
553427	Kamenolomni	47.66783	40.20479	PPLA2	61		12262	Europe/Moscow	2024-09-12
553769	Kamenka	50.71366	39.42451	PPLA2	86	553410	8594	Europe/Moscow	2026-01-18
553835	Kambarka	56.2666	54.2056	PPLA2	80		12464	Europe/Samara	2024-02-08
553884	Kalyazin	57.23975	37.83286	PPLA2	77		14655	Europe/Moscow	2023-05-11
553915	Kaluga	54.53063	36.27	PPLA	25		340851	Europe/Moscow	2026-04-14
553929	Kaltasy	55.96918	54.79966	PPLA2	08		4454	Asia/Yekaterinburg	2024-12-12
554173	Kalininskaya	45.4847	38.66355	PPLA2	38	undefined = Kalininskiy Rayon	13363	Europe/Moscow	2024-09-12
554199	Kalininsk	51.49777	44.47678	PPLA2	67		18685	Europe/Saratov	2025-07-16
554233	Korolev	55.91417	37.82556	PPLA2	47	8521441	139798	Europe/Moscow	2019-01-18
554234	Kaliningrad	54.70639	20.51102	PPLA	23	825118	475056	Europe/Kaliningrad	2026-04-14
554397	Kalach-na-Donu	48.69099	43.52638	PPLA2	84		27522	Europe/Volgograd	2024-09-12
554410	Kalach	50.425	41.01595	PPLA2	86		20449	Europe/Moscow	2025-07-16
554482	Kagal’nitskaya	46.88052	40.14804	PPLA2	61		6848	Europe/Moscow	2024-09-12
554502	Kadyy	57.78624	43.19113	PPLA2	37		3783	Europe/Moscow	2023-12-11
554544	Kadoshkino	54.02671	44.41745	PPLA2	46		4763	Europe/Moscow	2024-05-14
554549	Kadom	54.55912	42.4676	PPLA2	62		6027	Europe/Moscow	2023-06-14
554599	Kachkanar	58.7002	59.4839	PPLA2	71		43983	Asia/Yekaterinburg	2024-04-20
554770	Izobil’nyy	45.36653	41.7091	PPLA2	70		39022	Europe/Moscow	2024-01-09
554776	Iznoski	54.9878	35.30928	PPLA2	25	11205600	1877	Europe/Moscow	2023-05-11
554787	Izmaylovo	55.78677	37.80165	PPLX	47		104000	Europe/Moscow	2013-04-02
554806	Izmalkovo	52.68819	37.96638	PPLA2	43		4072	Europe/Moscow	2023-12-11
554830	Izhma	65.00798	53.91126	PPLA2	34		3599	Europe/Moscow	2024-05-14
554840	Izhevsk	56.85225	53.19862	PPLA	80		648213	Europe/Samara	2026-04-14
554973	Ivnya	51.05758	36.14802	PPLA2	09		7824	Europe/Moscow	2024-10-11
555111	Ivanteyevka	55.97111	37.92083	PPL	47		51085	Europe/Moscow	2023-06-04
555112	Ivanteyevka	52.26764	49.10512	PPLA2	67		6127	Europe/Saratov	2025-07-16
555129	Ivanovskoye	55.76667	37.83333	PPLX	48	8520891	128000	Europe/Moscow	2016-04-01
555312	Ivanovo	56.99988	40.97257	PPLA	21	825094	406113	Europe/Moscow	2026-04-14
555681	Itum-Kali	42.73599	45.57706	PPLA2	12		2922	Europe/Moscow	2023-12-11
555717	Isyangulovo	52.18925	56.58676	PPLA2	08		7455	Asia/Yekaterinburg	2024-12-12
555746	Istra	55.91979	36.86876	PPLA2	47		33390	Europe/Moscow	2023-07-11
555980	Ishimbay	53.44769	56.03873	PPLA2	08		70421	Asia/Yekaterinburg	2024-12-12
555984	Isheyevka	54.42618	48.26983	PPLA2	81		9944	Europe/Ulyanovsk	2025-09-09
556111	Isakly	54.13066	51.53674	PPLA2	65		4417	Europe/Samara	2025-07-16
556230	Ipatovo	45.71801	42.90612	PPLA2	70		29073	Europe/Moscow	2024-01-09
556273	Inzhich-Chukun	44.0616	41.78639	PPLA2	27		0	Europe/Moscow	2024-01-09
556275	Inzhavino	52.31976	42.49154	PPLA2	72		10278	Europe/Moscow	2024-04-20
556283	Inza	53.85342	46.3513	PPLA2	81		19737	Europe/Ulyanovsk	2025-09-09
556318	Insar	53.86722	44.36915	PPLA2	46		8837	Europe/Moscow	2024-05-14
556961	Ilovlya	49.30007	43.98441	PPLA2	84		11930	Europe/Volgograd	2024-09-12
557060	Il’inskoye-Khovanskoye	56.97269	39.76611	PPLA2	21		3562	Europe/Moscow	2023-11-07
557101	Il’inskoye	56.92362	28.52499	PPLA3	60		0	Europe/Moscow	2020-06-10
557127	Il’insko-Podomskoye	61.12022	47.97627	PPLA2	06		2973	Europe/Moscow	2024-02-08
557138	Il’inskiy	58.56993	55.69503	PPLA2	90		0	Asia/Yekaterinburg	2024-05-14
557340	Ilek	51.52696	53.3824	PPLA2	55		9898	Asia/Yekaterinburg	2024-11-12
557390	Ikryanoye	46.09292	47.72965	PPLA2	07		9880	Europe/Astrakhan	2024-01-09
557413	Iki Burul	45.82327	44.6457	PPLA2	24		3709	Europe/Moscow	2024-09-12
557469	Igra	57.5549	53.0544	PPLA2	80		22033	Europe/Samara	2019-09-02
557563	Iglino	54.82689	56.41209	PPLA2	08		13958	Asia/Yekaterinburg	2024-12-12
557588	Idritsa	56.33157	28.89884	PPLA2	60		5623	Europe/Moscow	2017-05-07
557710	Gvardeysk	54.64772	21.06513	PPLA2	23		13088	Europe/Kaliningrad	2016-03-09
557775	Gus’-Khrustal’nyy	55.61171	40.65023	PPLA2	83		62746	Europe/Moscow	2023-09-06
557882	Gusev	54.59222	22.19972	PPLA2	23		28690	Europe/Kaliningrad	2019-09-05
557906	Gur’yevsk	54.77323	20.60521	PPLA2	23		11474	Europe/Kaliningrad	2020-06-10
557979	Gunib	42.38689	46.961	PPLA2	17		2576	Europe/Moscow	2023-10-06
558082	Gukovo	48.06212	39.9355	PPLA2	61		66079	Europe/Moscow	2024-09-12
558118	Gudermes	43.35082	46.10095	PPLA2	12		32769	Europe/Moscow	2024-09-08
558146	Gubkin	51.28375	37.5351	PPLA2	09		87000	Europe/Moscow	2024-10-11
558312	Gryazi	52.49535	39.94031	PPLA2	43		47413	Europe/Moscow	2023-12-11
558418	Grozny	43.31195	45.68895	PPLA	12	11497700	297137	Europe/Moscow	2026-05-03
558799	Gribanovskiy	51.45015	41.96206	PPLA2	86		17220	Europe/Moscow	2025-07-16
559029	Grazhdanka	60.017	30.417	PPLX	66	554181	71128	Europe/Moscow	2024-03-04
559034	Grayvoron	50.47893	35.68087	PPLA2	09		6212	Europe/Moscow	2024-10-11
559073	Grakhovo	56.05017	51.96758	PPLA2	80		3400	Europe/Samara	2024-02-08
559138	Grachëvka	52.91996	52.87026	PPLA2	55		0	Asia/Yekaterinburg	2024-11-12
559317	Goryachiy Klyuch	44.63394	39.13582	PPLA2	38		28078	Europe/Moscow	2024-09-12
559400	Gorshechnoye	51.52356	38.03799	PPLA2	41		6758	Europe/Moscow	2023-10-06
559459	Gorokhovets	56.19958	42.68866	PPLA2	83		14247	Europe/Moscow	2023-09-06
559475	Gorodovikovsk	46.08776	41.93344	PPLA2	24		9809	Europe/Moscow	2024-08-12
559654	Gorodishche	48.80263	44.47491	PPLA2	84		19509	Europe/Volgograd	2024-09-12
559678	Gorodets	56.65497	43.47269	PPLA2	51		31788	Europe/Moscow	2023-12-11
559731	Gornyy	51.75748	48.53688	PPLA2	67		7045	Europe/Saratov	2025-07-16
559752	Gornozavodsk	58.37314	58.32607	PPLA2	90		12796	Asia/Yekaterinburg	2024-05-14
560191	Gordeyevka	52.9569	31.9703	PPLA2	10		3005	Europe/Moscow	2023-04-05
560465	Gol’yanovo	55.82299	37.81306	PPLX	48		158000	Europe/Moscow	2013-04-02
560995	Glushkovo	51.34066	34.63915	PPLA2	41		5618	Europe/Moscow	2023-10-06
561131	Glubokoye	56.6089	29.02066	PPLA3	60		0	Europe/Moscow	2017-05-07
561234	Glinka	54.6435	32.87299	PPLA2	69		1964	Europe/Moscow	2023-02-10
561240	Glinishchevo	53.30332	34.07158	PPLA2	10	571467	4156	Europe/Moscow	2023-10-21
561250	Glembochino	56.18758	28.3785	PPLA3	60		0	Europe/Moscow	2017-05-07
561313	Glazunovka	52.50057	36.31997	PPLA2	56		6666	Europe/Moscow	2023-05-11
561347	Glazov	58.14	52.65619	PPLA2	80		100676	Europe/Samara	2024-02-08
561560	Gergebil’	42.50472	47.06611	PPLA2	17		5107	Europe/Moscow	2023-10-06
561593	Georgiyevskoye	58.73187	45.02554	PPLA2	37		2800	Europe/Moscow	2023-12-11
561627	Georgiyevsk	44.1494	43.47019	PPLA2	70		72649	Europe/Moscow	2024-01-09
561667	Gelendzhik	44.58014	38.06646	PPLA2	38		50715	Europe/Moscow	2024-09-12
561679	Gdov	58.74439	27.81959	PPLA2	60		5521	Europe/Moscow	2023-06-14
561698	Gayny	60.30443	54.32413	PPLA2	90		4331	Asia/Yekaterinburg	2024-05-14
561731	Gay	51.47274	58.45155	PPLA2	55		41619	Asia/Yekaterinburg	2024-11-12
561762	Gavrilov-Yam	57.30259	39.85263	PPLA2	88	561761	17351	Europe/Moscow	2023-10-06
561783	Gavrilov Posad	56.55894	40.12039	PPLA2	21		6948	Europe/Moscow	2023-11-07
561804	Gavrilovka Vtoraya	52.8766	42.77127	PPLA2	72		2699	Europe/Moscow	2024-04-20
561887	Gatchina	59.57639	30.12833	PPLA2	42	561883	89761	Europe/Moscow	2023-06-03
562209	Gagino	55.23103	45.02448	PPLA2	51	562208	3933	Europe/Moscow	2023-12-11
562237	Gagarin	55.55329	34.99684	PPLA2	69		28879	Europe/Moscow	2023-02-10
562309	Furmanov	57.25417	41.11122	PPLA2	21		38380	Europe/Moscow	2023-11-07
562319	Fryazino	55.96131	38.04643	PPLA2	47		52255	Europe/Moscow	2023-07-11
562321	Fryazevo	55.73321	38.46458	PPL	47		53212	Europe/Moscow	2012-01-17
562389	Frolovo	49.7688	43.65417	PPLA2	84		40882	Europe/Volgograd	2024-09-12
562573	Fokino	53.45472	34.41345	PPLA2	10		0	Europe/Moscow	2023-04-05
562627	Firovo	57.48135	33.70211	PPLA2	77		2746	Europe/Moscow	2023-05-11
562820	Fili	55.74819	37.47969	PPLX	47		80000	Europe/Moscow	2013-04-02
562873	Ferzikovo	54.51913	36.75671	PPLA2	25		4344	Europe/Moscow	2023-05-11
562878	Fershampenuaz	53.52356	59.81844	PPLA2	13	523633	4403	Asia/Yekaterinburg	2025-02-18
563171	Fëdorovka	53.17896	55.18559	PPLA2	08		0	Asia/Yekaterinburg	2024-12-12
563300	Fatezh	52.08972	35.85906	PPLA2	41		5722	Europe/Moscow	2023-10-06
563379	Ezhva	61.81281	50.72834	PPL	34		56000	Europe/Moscow	2012-01-17
563420	Ertil’	51.83818	40.80169	PPLA2	86		12622	Europe/Moscow	2025-07-16
563435	Erken-Shakhar	44.3778	41.9584	PPLA2	27		0	Europe/Moscow	2024-01-09
563464	Engels	51.48389	46.10528	PPL	67		196011	Europe/Saratov	2026-05-08
563511	Elkhotovo	43.3395	44.20486	PPLA2	68		0	Europe/Moscow	2025-08-06
563514	Elista	46.30794	44.25537	PPLA	24		106971	Europe/Moscow	2026-04-14
563523	Elektrostal’	55.78647	38.45713	PPLA2	47		144387	Europe/Moscow	2023-07-11
563623	Dzhayrakh	42.82362	44.67654	PPLA2	19		1174	Europe/Moscow	2023-12-11
563705	Dzerzhinskiy	55.62868	37.8443	PPLA2	47		41146	Europe/Moscow	2023-07-11
563708	Dzerzhinsk	56.24422	43.45543	PPLA2	51		233126	Europe/Moscow	2023-12-11
563719	Dyurtyuli	55.4873	54.86176	PPLA2	08		31087	Asia/Yekaterinburg	2024-12-12
563792	Dylym	43.07099	46.63454	PPLA2	17		8069	Europe/Moscow	2023-10-06
563822	Dyat’kovo	53.59782	34.33825	PPLA2	10	563821	25000	Europe/Moscow	2023-04-11
564191	Duminichi	53.93375	35.11042	PPLA2	25		7779	Europe/Moscow	2023-05-11
564234	Dukhovshchina	55.19168	32.41073	PPLA2	69		4494	Europe/Moscow	2023-02-10
564241	Dukhovnitskoye	52.47929	48.20891	PPLA2	67		5943	Europe/Saratov	2025-07-16
564449	Dubrovka	56.39101	28.6385	PPLA3	60		0	Europe/Moscow	2017-05-07
564487	Dubrovka	53.69245	33.50532	PPLA2	10		8427	Europe/Moscow	2023-04-05
564593	Dubovskoye	47.41042	42.7655	PPLA2	61		8019	Europe/Moscow	2024-09-12
564654	Dubovka	49.05616	44.82913	PPLA2	84		15217	Europe/Volgograd	2024-09-12
564719	Dubna	56.74049	37.18648	PPLA2	47		60604	Europe/Moscow	2023-07-11
564723	Dubna	54.15446	36.96138	PPLA2	76		6019	Europe/Moscow	2023-05-11
564813	Dubënki	54.44717	46.30561	PPLA2	46		0	Europe/Moscow	2024-06-09
565197	Dorogomilovo	55.75	37.56667	PPLX	47		68000	Europe/Moscow	2013-04-02
565202	Dorogobuzh	54.91511	33.29877	PPLA2	69		12293	Europe/Moscow	2023-02-10
565289	Donskoye	45.45346	41.97244	PPLA2	70		15469	Europe/Moscow	2024-01-09
565290	Donskoy	53.96796	38.33151	PPLA2	76		31968	Europe/Moscow	2023-05-11
565348	Donetsk	48.33751	39.95416	PPLA2	61		50850	Europe/Moscow	2024-09-12
565381	Domodedovo	55.44223	37.75372	PPLA2	47	565379	53887	Europe/Moscow	2026-04-04
565407	Dombarovskiy	50.75779	59.53864	PPLA2	55		9556	Asia/Yekaterinburg	2024-11-12
565576	Dolgoye	52.05814	37.52491	PPLA2	56		0	Europe/Moscow	2023-05-11
565611	Dolgorukovo	52.32319	38.35412	PPLA2	43		5599	Europe/Moscow	2023-12-11
565614	Dolgoprudnyy	55.94958	37.50183	PPL	47		68259	Europe/Moscow	2023-05-28
565778	Dobryanka	58.46484	56.41299	PPLA2	90	565775	33291	Asia/Yekaterinburg	2024-05-14
565803	Dobroye	52.8626	39.80506	PPLA2	43		5550	Europe/Moscow	2023-12-11
565857	Dobrinka	52.16528	40.47306	PPLA2	43		10063	Europe/Moscow	2023-12-11
565885	Dno	57.82882	29.96917	PPLA2	60		9607	Europe/Moscow	2023-06-14
565908	Dmitrovsk	52.505	35.1464	PPLA2	56		5177	Europe/Moscow	2024-04-15
565955	Dmitrov	56.34485	37.52041	PPL	47		61607	Europe/Moscow	2023-06-11
566068	Dmitriyevka	52.88117	40.79009	PPLA2	72		6695	Europe/Moscow	2024-04-20
566155	Divnoye	45.90973	43.34943	PPLA2	70		15700	Europe/Moscow	2024-01-09
566165	Diveyevo	55.04071	43.24759	PPLA2	51		6390	Europe/Moscow	2023-12-11
566181	Dinskaya	45.21672	39.2259	PPLA2	38		34573	Europe/Moscow	2024-09-12
566199	Dimitrovgrad	54.21386	49.61838	PPL	81		132226	Europe/Ulyanovsk	2023-05-29
566243	Digora	43.15666	44.15629	PPLA2	68		11999	Europe/Moscow	2024-01-09
566456	Dergachi	51.23497	48.76598	PPLA2	67		9570	Europe/Saratov	2025-07-16
566532	Derbent	42.06622	48.28759	PPLA2	17		105965	Europe/Moscow	2023-06-14
566629	Demyansk	57.64456	32.46568	PPLA2	52		5693	Europe/Moscow	2023-09-06
566751	Demidov	55.27022	31.51632	PPLA2	69		8516	Europe/Moscow	2026-04-17
566868	Dedovichi	57.5516	29.94684	PPLA2	60		9606	Europe/Moscow	2023-06-14
566885	Dedino	56.24461	28.25059	PPLA3	60		0	Europe/Moscow	2017-05-07
566908	Debësy	57.6515	53.8089	PPLA2	80		5800	Europe/Samara	2024-03-09
567006	Davlekanovo	54.21761	55.03064	PPLA2	08		23952	Asia/Yekaterinburg	2024-12-12
567047	Darovskoy	58.76993	47.95787	PPLA2	33		7261	Europe/Kirov	2024-01-09
567109	Dankov	53.24976	39.14409	PPLA2	43		22913	Europe/Moscow	2023-12-11
567177	Danilovka	50.35786	44.11489	PPLA2	84		5956	Europe/Volgograd	2024-09-12
567183	Danilov	58.19077	40.17081	PPLA2	88		16808	Europe/Moscow	2023-10-06
567257	Dal’neye Konstantinovo	55.80844	44.0889	PPLA2	51		4484	Europe/Moscow	2023-12-11
567311	Dachnoye	59.84167	30.25583	PPLX	66	548375	72822	Europe/Moscow	2015-08-17
567434	Chusovoy	58.28915	57.81261	PPLA2	90		50205	Asia/Yekaterinburg	2024-05-14
567695	Chukhloma	58.75304	42.68633	PPLA2	37		5430	Europe/Moscow	2023-12-11
567774	Chudovo	59.12225	31.68125	PPLA2	52		17377	Europe/Moscow	2023-09-06
567806	Chuchkovo	54.27021	41.44746	PPLA2	62		4404	Europe/Moscow	2023-06-14
567902	Chkalovsk	56.76492	43.2469	PPLA2	51		13577	Europe/Moscow	2023-12-11
567990	Chistopol’	55.36612	50.64399	PPLA2	73	Chistopol'skiy Rayon	62200	Europe/Moscow	2025-09-09
568012	Chishmy	54.59015	55.38201	PPLA2	08		22000	Asia/Yekaterinburg	2024-12-12
568184	Chikola	43.19536	43.92043	PPLA2	68		7142	Europe/Moscow	2024-01-09
568429	Chertkovo	49.38364	40.15231	PPLA2	61		11000	Europe/Moscow	2024-09-12
568527	Chernyshkovskiy	48.42435	42.22914	PPLA2	84		5458	Europe/Volgograd	2024-09-12
568587	Chernyanka	50.93816	37.81509	PPLA2	09		15261	Europe/Moscow	2024-10-11
568595	Chernyakhovsk	54.63345	21.81557	PPLA2	23		45187	Europe/Kaliningrad	2023-03-23
568608	Chernushka	56.50718	56.07707	PPLA2	90		35942	Asia/Yekaterinburg	2024-05-14
568808	Chernogolovka	56.00121	38.36492	PPLA2	47		20483	Europe/Moscow	2023-07-11
568874	Cherneya	56.24975	28.54256	PPLA3	60		0	Europe/Moscow	2017-05-07
569116	Chern’	53.45209	36.91184	PPLA2	76		6689	Europe/Moscow	2023-05-11
569154	Cherkessk	44.22375	42.04624	PPLA	27		122395	Europe/Moscow	2026-04-14
569223	Cherepovets	59.13333	37.9	PPL	85		315738	Europe/Moscow	2019-09-05
569273	Cherëmushki	55.66473	37.56135	PPLA3	48	562221	106587	Europe/Moscow	2016-04-03
569318	Cheremshan	54.66128	51.51143	PPLA2	73		5646	Europe/Moscow	2025-09-09
569339	Cheremisinovo	51.88553	37.2646	PPLA2	41		3983	Europe/Moscow	2023-10-06
569359	Cherdyn’	60.40104	56.47962	PPLA2	90		5585	Asia/Yekaterinburg	2024-05-14
569360	Cherdakly	54.35495	48.84538	PPLA2	81		11939	Europe/Ulyanovsk	2025-09-09
569579	Chekmagush	55.14182	54.64305	PPLA2	08		11225	Asia/Yekaterinburg	2024-12-12
569591	Chekhov	55.14552	37.46193	PPLA2	47	569587	75643	Europe/Moscow	2023-07-11
569636	Chegem	43.56722	43.58528	PPLA2	22	569634	18000	Europe/Moscow	2024-01-29
569696	Cheboksary	56.13218	47.246	PPLA	16	569698	492331	Europe/Moscow	2026-04-14
569742	Chaykovskiy	56.76323	54.11256	PPLA2	90		86712	Asia/Yekaterinburg	2024-05-14
569794	Chastyye	57.2919	54.97201	PPLA2	90		4907	Asia/Yekaterinburg	2024-05-14
569934	Chaplygin	53.2342	39.96135	PPLA2	43		13488	Europe/Moscow	2023-12-11
569955	Chapayevsk	52.9771	49.7086	PPL	65		70147	Europe/Samara	2023-06-09
570003	Chamzinka	54.405	45.78779	PPLA2	46		9500	Europe/Moscow	2024-05-14
570021	Chaltyr	47.28477	39.48232	PPLA2	61		14689	Europe/Moscow	2014-03-13
570315	Bykovo	49.76544	45.38742	PPLA2	84		8268	Europe/Volgograd	2024-09-12
570427	Buzuluk	52.77825	52.25854	PPLA2	55		87714	Asia/Yekaterinburg	2024-11-12
570455	Buzdyak	54.56924	54.53083	PPLA2	08		9752	Asia/Yekaterinburg	2024-12-12
570479	Buynaksk	42.81802	47.12684	PPLA2	17		62689	Europe/Moscow	2023-06-14
570508	Buy	58.47959	41.53587	PPLA2	37		26486	Europe/Moscow	2023-12-11
570563	Buturlinovka	50.82618	40.598	PPLA2	86		28581	Europe/Moscow	2025-07-16
570564	Buturlino	55.56694	44.895	PPLA2	51	570560	6388	Europe/Moscow	2023-12-11
570868	Burayevo	55.84088	55.40831	PPLA2	08		8963	Asia/Yekaterinburg	2024-12-12
571155	Buinsk	54.97422	48.29088	PPLA2	73		20266	Europe/Moscow	2025-09-09
571159	Buguruslan	53.6554	52.442	PPLA2	55		53511	Asia/Yekaterinburg	2024-11-12
571170	Bugulma	54.5378	52.7985	PPL	73	Bugul'minskiy Rayon	91900	Europe/Moscow	2023-06-04
571306	Budyonnovsk	44.78389	44.16583	PPL	70		67962	Europe/Moscow	2022-09-16
571420	Bryukhovetskaya	45.79962	38.9967	PPLA2	38		22309	Europe/Moscow	2024-09-12
571476	Bryansk	53.27096	34.32143	PPLA	10	571467	427236	Europe/Moscow	2026-04-14
571557	Bronnitsy	55.42112	38.26188	PPLA2	47		18645	Europe/Moscow	2023-07-11
571634	Breytovo	58.29925	37.86172	PPLA2	88		3632	Europe/Moscow	2023-10-06
571741	Brateyevo	55.63755	37.76438	PPLX	48	490025	102000	Europe/Moscow	2016-04-01
571888	Botlikh	42.66531	46.2203	PPLA2	17	571887	0	Europe/Moscow	2023-10-06
571987	Borskoye	53.02549	51.69909	PPLA2	65		9119	Europe/Samara	2025-07-16
572070	Borovsk	55.20343	36.49088	PPLA2	25		11578	Europe/Moscow	2023-05-11
572154	Borovichi	58.39418	33.91864	PPLA2	52		56571	Europe/Moscow	2023-09-06
572449	Orekhovo-Borisovo Yuzhnoye	55.63333	37.73333	PPLA3	48	490025	0	Europe/Moscow	2016-04-03
572500	Borisovka	50.59942	36.01716	PPLA2	09		14148	Europe/Moscow	2026-05-11
572520	Borisoglebskiy	57.26204	39.15404	PPLA2	88		5832	Europe/Moscow	2023-10-06
572525	Borisoglebsk	51.36892	42.09804	PPLA2	86		68597	Europe/Moscow	2025-07-16
572665	Bor	56.35944	44.07304	PPLA2	51	12041480	60647	Europe/Moscow	2023-12-11
572686	Bondari	52.94972	42.06011	PPLA2	72		0	Europe/Moscow	2024-04-20
572810	Bol’shoy Tsaryn	47.84982	45.42722	PPLA2	24		0	Europe/Moscow	2024-08-12
573295	Bol’shoye Soldatskoye	51.33614	35.51002	PPLA2	41		2681	Europe/Moscow	2025-12-15
573338	Bol’shoye Selo	57.71774	38.93341	PPLA2	88		3885	Europe/Moscow	2023-10-06
573465	Bol’shoye Nagatkino	54.51888	47.97123	PPLA2	81		0	Europe/Ulyanovsk	2025-09-09
573471	Bol’shoye Murashkino	55.78261	44.77541	PPLA2	51		7000	Europe/Moscow	2023-12-11
573631	Bol’shoye Ignatovo	55.01727	45.57503	PPLA2	46		0	Europe/Moscow	2024-05-14
573709	Bol’shoye Boldino	55.00562	45.31292	PPLA2	51		5100	Europe/Moscow	2023-12-11
574183	Bol’shiye Kaybitsy	55.40331	48.18552	PPLA2	73	862915	0	Europe/Moscow	2025-09-09
574258	Bol’shiye Berezniki	54.17478	45.96703	PPLA2	46		0	Europe/Moscow	2024-05-14
574350	Bol’sheust’ikinskoye	55.94491	58.26304	PPLA2	08		6397	Asia/Yekaterinburg	2024-12-12
574620	Bol’shaya Sosnova	57.6698	54.59998	PPLA2	90		0	Asia/Yekaterinburg	2024-05-14
574877	Bol’shaya Martynovka	47.27366	41.66721	PPLA2	61		0	Europe/Moscow	2024-09-12
575120	Bol’shaya Glushitsa	52.39286	50.47131	PPLA2	65		0	Europe/Samara	2025-07-16
575169	Bol’shaya Chernigovka	52.09287	50.86829	PPLA2	65		0	Europe/Samara	2025-07-16
575221	Bol’shaya Atnya	56.25059	49.45161	PPLA2	73	862914	0	Europe/Moscow	2025-09-09
575349	Bologoye	57.88587	34.05324	PPLA2	77		25142	Europe/Moscow	2023-05-11
575369	Bolgatovo	56.80306	28.94876	PPLA3	60		0	Europe/Moscow	2019-10-09
575410	Boksitogorsk	59.4778	33.85008	PPLA2	42	575409	17366	Europe/Moscow	2026-03-10
575413	Bokovskaya	49.22733	41.83035	PPLA2	61		5032	Europe/Moscow	2024-09-12
575457	Boguchar	49.9346	40.55447	PPLA2	86		15048	Europe/Moscow	2025-07-16
575480	Bogovarovo	58.97578	47.02087	PPLA2	37		2327	Europe/Moscow	2023-12-11
575505	Bogorodskoye	55.81353	37.71617	PPLX	48	8520891	103000	Europe/Moscow	2017-11-17
575514	Bogorodskoye	57.82922	50.75157	PPLA2	33		3123	Europe/Kirov	2024-01-09
575560	Bogorodsk	56.10149	43.5101	PPLA2	51	575549	36652	Europe/Moscow	2023-12-11
575591	Bogoroditsk	53.77174	38.12305	PPLA2	76		30216	Europe/Moscow	2023-05-11
575728	Bogatyye Saby	56.00942	50.44714	PPLA2	73		7209	Europe/Moscow	2025-09-09
575756	Bogatoye	53.06111	51.32898	PPLA2	65		6391	Europe/Samara	2025-07-16
575948	Bobrov	51.09843	40.03008	PPLA2	86	575878	20587	Europe/Moscow	2025-07-16
576116	Blagoveshchensk	55.0352	55.97703	PPLA2	08		34238	Asia/Yekaterinburg	2024-12-12
576172	Blagodarnyy	45.09778	43.43639	PPLA2	70		35995	Europe/Moscow	2024-01-09
576195	Bizhbulyak	53.69534	54.26427	PPLA2	08		6385	Asia/Yekaterinburg	2024-12-12
576279	Biryulëvo	55.58635	37.67781	PPLX	48		144000	Europe/Moscow	2013-04-02
576317	Birsk	55.42018	55.54212	PPLA2	08		41014	Asia/Yekaterinburg	2024-12-12
576432	Bibirevo	55.88333	37.6	PPLX	48		159000	Europe/Moscow	2018-11-14
576558	Bezhta	42.1338	46.12828	PPLA2	17	830805	3994	Europe/Moscow	2023-10-06
576566	Bezhetsk	57.78422	36.70082	PPLA2	77		28114	Europe/Moscow	2023-05-11
576572	Bezhanitsy	56.97534	29.88492	PPLA2	60		4711	Europe/Moscow	2023-06-14
576590	Bezenchuk	52.98058	49.43196	PPLA2	65		23736	Europe/Samara	2025-07-16
576626	Betlitsa	54.01322	33.94763	PPLA2	25		3825	Europe/Moscow	2023-05-11
576697	Beslan	43.19277	44.53274	PPLA2	68		35604	Europe/Moscow	2024-09-12
576980	Berëzovka	57.60364	57.31641	PPLA2	90		0	Asia/Yekaterinburg	2024-05-14
577206	Berezniki	59.4091	56.8204	PPLA2	90		167748	Asia/Yekaterinburg	2024-05-14
577240	Berëznik	62.85809	42.7019	PPLA2	06		6218	Europe/Moscow	2024-02-08
577576	Belyy	55.84082	32.94072	PPLA2	77		4189	Europe/Moscow	2023-05-11
577630	Belyayevka	51.39672	56.40698	PPLA2	55		5110	Asia/Yekaterinburg	2024-11-12
577673	Belush’ya Guba	71.54048	52.33338	PPLA2	06		1972	Europe/Moscow	2024-04-02
577881	Beloretsk	53.96206	58.39996	PPLA2	08		70468	Asia/Yekaterinburg	2024-12-12
577893	Belorechensk	44.77002	39.87246	PPLA2	38		54526	Europe/Moscow	2024-09-12
577922	Belomorsk	64.53	34.76292	PPLA2	28		12165	Europe/Moscow	2023-12-11
578072	Belgorod	50.60343	36.58091	PPLA	09	578070	345289	Europe/Moscow	2026-04-14
578091	Belëv	53.81217	36.13339	PPLA2	76		15300	Europe/Moscow	2023-05-11
578120	Belebey	54.10774	54.11741	PPLA2	08		62582	Asia/Yekaterinburg	2024-12-12
578152	Belaya Kholunitsa	58.84031	50.83887	PPLA2	33		11658	Europe/Kirov	2024-01-09
578155	Belaya Kalitva	48.17927	40.7792	PPLA2	61		47521	Europe/Moscow	2024-09-12
578169	Belaya Glina	46.08115	40.87351	PPLA2	38		17997	Europe/Moscow	2024-09-12
578172	Belaya Berëzka	52.38481	33.4823	PPLA3	10		5716	Europe/Moscow	2024-04-15
578230	Belaya	51.05878	35.71088	PPLA2	41		2810	Europe/Moscow	2023-10-06
578465	Bazarnyy Syzgan	53.7497	46.75863	PPLA2	81		6039	Europe/Ulyanovsk	2025-09-09
578466	Bazarnyy Karabulak	52.27235	46.41711	PPLA2	67		10389	Europe/Saratov	2025-07-16
578467	Bazarnyye Mataki	54.90693	49.9342	PPLA2	73	Al’keyevskiy Rayon	5339	Europe/Moscow	2025-09-09
578534	Baymak	52.59172	58.31132	PPLA2	08		17493	Asia/Yekaterinburg	2024-12-12
578638	Bavly	54.39759	53.25116	PPLA2	73	578639	22982	Europe/Moscow	2025-09-09
578732	Batetskiy	58.6462	30.30292	PPLA2	52		2223	Europe/Moscow	2023-09-06
578740	Bataysk	47.13746	39.75713	PPL	61		109962	Europe/Moscow	2024-09-12
578931	Barysh	53.64976	47.12715	PPLA2	81		18547	Europe/Ulyanovsk	2025-09-09
578947	Baryatino	54.31106	34.52131	PPLA2	25		2645	Europe/Moscow	2023-05-11
579132	Barda	56.92724	55.59163	PPLA2	90		8279	Asia/Yekaterinburg	2024-05-14
579381	Baltay	52.46577	46.62998	PPLA2	67		3959	Europe/Saratov	2025-07-16
579384	Baltasi	56.34646	50.20749	PPLA2	73	579382	7009	Europe/Moscow	2025-09-09
579432	Balezino	57.9787	53.0138	PPLA2	80		16618	Europe/Samara	2012-04-05
579460	Balashov	51.55103	43.17069	PPLA2	67		98107	Europe/Saratov	2025-07-16
579464	Balashikha	55.79479	37.94794	PPLA2	47		150103	Europe/Moscow	2023-07-11
579492	Balakovo	52.02639	47.79671	PPLA2	67		199572	Europe/Saratov	2025-07-16
579514	Novaya Balakhna	56.48989	43.60114	PPL	51	579510	63083	Europe/Moscow	2019-05-08
579574	Baksan	43.68374	43.53507	PPLA2	22		37519	Europe/Moscow	2024-01-09
579728	Bakaly	55.17884	53.79617	PPLA2	08		9532	Asia/Yekaterinburg	2024-12-12
579760	Bagrationovsk	54.38714	20.64372	PPLA2	23		7306	Europe/Kaliningrad	2019-09-05
579771	Bagayevskaya	47.32049	40.3847	PPLA2	61		15300	Europe/Moscow	2024-09-12
579838	Babynino	54.38898	35.74037	PPLA2	25		4009	Europe/Moscow	2023-05-11
579870	Babushkin	55.86931	37.72966	PPLX	48		86000	Europe/Moscow	2013-04-02
579999	Babayurt	43.59976	46.77805	PPLA2	17		13857	Europe/Moscow	2023-10-06
580054	Azov	47.1069	39.41486	PPLA2	61		82133	Europe/Moscow	2024-09-05
580062	Aznakayevo	54.85821	53.08006	PPLA2	73	580061	34750	Europe/Moscow	2025-09-09
580182	Aykino	62.22457	49.99392	PPLA2	34		3358	Europe/Moscow	2024-05-14
580368	Atyur’yevo	54.32056	43.33688	PPLA2	46		0	Europe/Moscow	2024-05-14
580374	Atyashevo	54.59	46.125	PPLA2	46		0	Europe/Moscow	2025-08-18
580420	Atkarsk	51.88056	45.00609	PPLA2	67		27554	Europe/Saratov	2025-07-16
580497	Astrakhan	46.34968	48.04076	PPLA	07	824964	533925	Europe/Astrakhan	2026-05-30
580577	Askino	56.08781	56.57818	PPLA2	08		6866	Asia/Yekaterinburg	2024-12-12
580584	Askarovo	53.33332	58.51708	PPLA2	08		9208	Asia/Yekaterinburg	2024-12-12
580660	Asha	54.99982	57.25491	PPLA2	13		33006	Asia/Yekaterinburg	2025-02-18
580676	Asekeyevo	53.57806	52.82172	PPLA2	55		5267	Asia/Yekaterinburg	2024-11-12
580716	Arzgir	45.37411	44.2198	PPLA2	70		15838	Europe/Moscow	2024-01-09
580724	Arzamas	55.39563	43.8381	PPLA2	51		109479	Europe/Moscow	2023-12-11
580783	Arti	56.41962	58.53911	PPLA2	71		13564	Asia/Yekaterinburg	2024-04-20
580850	Arsk	56.09254	49.87819	PPLA2	73	580846	17243	Europe/Moscow	2025-09-09
580872	Arsen’yevo	53.73794	36.66749	PPLA2	76		4915	Europe/Moscow	2023-05-11
580922	Armavir	44.99849	41.11472	PPLA2	38		199548	Europe/Moscow	2026-05-30
581002	Arkhangel’skoye	54.40575	56.78064	PPLA2	08		0	Asia/Yekaterinburg	2024-12-12
581011	Arkhangel’skoye	53.25977	37.6963	PPLA2	76		0	Europe/Moscow	2023-05-11
581049	Arkhangel’sk	64.5461	40.55183	PPLA	06	505262	349742	Europe/Moscow	2026-04-14
581080	Arkadak	51.93752	43.50404	PPLA2	67		14392	Europe/Saratov	2025-07-16
581126	Argun	43.29289	45.86691	PPLA2	12		28100	Europe/Moscow	2024-09-08
581179	Ardon	43.17888	44.29464	PPLA2	68		18313	Europe/Moscow	2024-01-09
581186	Ardatov	55.23923	43.09557	PPLA2	51	581181	8710	Europe/Moscow	2023-12-11
581187	Ardatov	54.84474	46.24399	PPLA2	46	581182	8584	Europe/Moscow	2024-05-14
581228	Arbazh	57.67949	48.3061	PPLA2	33		3943	Europe/Kirov	2024-01-09
581313	Apsheronsk	44.4599	39.73005	PPLA2	38		40451	Europe/Moscow	2024-09-12
581357	Apatity	67.58267	33.41339	PPLA2	49		61186	Europe/Moscow	2024-02-08
581359	Apastovo	55.20123	48.51127	PPLA2	73	581358	4575	Europe/Moscow	2025-09-09
581456	Antropovo	58.40016	43.00833	PPLA2	37		3736	Europe/Moscow	2023-12-11
581671	Anna	51.49007	40.42236	PPLA2	86		19148	Europe/Moscow	2025-07-16
582105	Andreapol’	56.65087	32.264	PPLA2	77		9209	Europe/Moscow	2023-05-11
582182	Anapa	44.89497	37.31623	PPLA2	38		53600	Europe/Moscow	2019-10-28
582423	Alnashi	56.18738	52.47919	PPLA2	80		6205	Europe/Samara	2024-02-08
582432	Al’met’yevsk	54.90395	52.31793	PPLA2	73	Al’met’yevskiy Rayon	140437	Europe/Moscow	2025-09-09
582750	Aleksin	54.50484	37.06697	PPLA2	76		66885	Europe/Moscow	2023-05-11
582775	Alekseyevskoye	55.30708	50.11888	PPLA2	73	582785	9738	Europe/Moscow	2025-09-09
582816	Alekseyevskaya	50.2907	42.1846	PPLA2	84		4205	Europe/Volgograd	2024-09-12
582846	Alekseyevka	55.63	37.8	PPLX	47		78000	Europe/Moscow	2013-04-02
582918	Alekseyevka	52.58296	51.27365	PPLA2	65		0	Europe/Samara	2025-07-16
582993	Aleksandrovskoye	44.71417	43.00083	PPLA2	70		28006	Europe/Moscow	2024-01-09
583041	Aleksandrovsk	59.15838	57.5705	PPLA2	90		15486	Asia/Yekaterinburg	2024-05-14
583243	Aleksandrovka	52.68291	54.41339	PPLA2	55		0	Asia/Yekaterinburg	2024-11-12
583345	Aleksandrov Gay	50.14197	48.56904	PPLA2	67		9919	Europe/Saratov	2025-07-16
583350	Aleksandrov	56.39733	38.71404	PPLA2	83		64088	Europe/Moscow	2025-03-11
583358	Aleksandro-Nevskiy	53.47548	40.2099	PPLA2	62		4030	Europe/Moscow	2023-06-14
583512	Akusha	42.27505	47.34496	PPLA2	17		4810	Europe/Moscow	2026-05-11
583578	Aktanysh	55.71714	54.07116	PPLA2	73	583576	8163	Europe/Moscow	2025-09-09
583583	Aksubayevo	54.84716	50.79631	PPLA2	73	583581	9078	Europe/Moscow	2025-09-09
583589	Levoberezhnyy	55.85	37.48333	PPLX	47		52000	Europe/Moscow	2013-04-02
583673	Aksay	47.26331	39.869	PPLA2	61		38871	Europe/Moscow	2024-09-12
583794	Akhty	41.45949	47.73247	PPLA2	17		14080	Europe/Moscow	2023-06-14
583798	Akhtubinsk	48.28339	46.16519	PPLA2	07	583796	44551	Europe/Astrakhan	2024-01-09
583905	Akbulak	51.00132	55.61967	PPLA2	55		0	Asia/Yekaterinburg	2024-11-12
583973	Agvali	42.53798	46.12519	PPLA2	17	480804	2158	Europe/Moscow	2023-10-06
583983	Agryz	56.5234	52.99431	PPLA2	73		18601	Europe/Moscow	2025-09-09
584051	Agapovka	53.29712	59.13401	PPLA2	13		6362	Asia/Yekaterinburg	2025-02-18
584153	Afanas’yevo	58.86548	53.25804	PPLA2	33		0	Europe/Kirov	2024-01-09
584243	Adler	43.42896	39.92391	PPL	38		70200	Europe/Moscow	2020-11-01
584279	Adamovka	51.51992	59.93738	PPLA2	55		7994	Asia/Yekaterinburg	2024-11-12
584298	Achkhoy-Martan	43.19219	45.28345	PPLA2	12		16779	Europe/Moscow	2024-09-08
584308	Achit	56.80049	57.90152	PPLA2	71		5036	Asia/Yekaterinburg	2024-04-20
584441	Abinsk	44.87058	38.15759	PPLA2	38		34668	Europe/Moscow	2024-09-12
584471	Abdulino	53.68581	53.65547	PPLA2	55		21195	Asia/Yekaterinburg	2024-11-12
695019	Ryl’sk	51.57141	34.68324	PPLA2	41		17007	Europe/Moscow	2023-10-06
795235	Vidyayevo	69.31914	32.80488	PPLA2	49	12625468	7062	Europe/Moscow	2024-02-25
802037	Imeni Chkalova	47.28139	39.74889	PPLA4	61		0	Europe/Moscow	2009-12-16
802078	Alagir	43.04252	44.2202	PPLA2	68		19665	Europe/Moscow	2024-01-09
824988	Gorod Shebekino	50.41667	36.91667	PPLA2	09		39680	Europe/Moscow	2025-08-20
825035	Korkmaskala	43.02469	47.29044	PPLA2	17		6402	Europe/Moscow	2023-10-06
827329	Pavlovo	55.9686	43.0912	PPLA2	51	512018	63338	Europe/Moscow	2023-12-19
828218	Zaozërsk	69.40135	32.44837	PPLA2	49		13429	Europe/Moscow	2024-02-08
829005	Lesnoy	58.63944	59.7896	PPLA2	71		23834	Asia/Yekaterinburg	2024-04-20
830844	Trëkhgornyy	54.81716	58.44753	PPLA2	13		34500	Asia/Yekaterinburg	2025-03-27
831129	Mirnyy	62.76437	40.33855	PPLA2	06		28000	Europe/Moscow	2024-02-08
831165	Zarechnyy	53.13333	46.58333	PPL	57	537733	62139	Europe/Moscow	2022-06-03
858701	Shamil’kala	42.6871	46.86845	PPLA2	17		7163	Europe/Moscow	2023-10-06
863061	Usinsk	66.00866	57.53054	PPLA2	34		44078	Europe/Moscow	2024-05-15
864116	Volovo	53.55818	38.0041	PPLA2	76		4089	Europe/Moscow	2023-05-11
865517	Mezhgor’ye	54.23968	57.96403	PPLA2	08		0	Asia/Yekaterinburg	2025-06-12
1484892	Zyryanskoye	56.83216	86.62926	PPLA2	75		6285	Asia/Tomsk	2024-09-12
1484982	Zonal’noye	52.6658	84.93863	PPLA2	04	1484980	3300	Asia/Barnaul	2025-05-15
1485020	Znamenskoye	57.12735	73.82614	PPLA2	54		13300	Asia/Omsk	2025-03-11
1485042	Zmeinogorsk	51.15814	82.1941	PPLA2	04		11514	Asia/Barnaul	2025-05-15
1485312	Zdvinsk	54.70473	78.67026	PPLA2	53		5539	Asia/Novosibirsk	2025-04-15
1485339	Zav’yalovo	52.83817	80.91921	PPLA2	04		9500	Asia/Barnaul	2025-05-15
1485357	Zavodoukovsk	56.50328	66.54672	PPLA2	78		25682	Asia/Yekaterinburg	2024-08-11
1485439	Zarinsk	53.70821	84.94307	PPLA2	04		52209	Asia/Barnaul	2025-05-15
1485445	Zarechnyy	56.811	61.3254	PPLA2	71		27758	Asia/Yekaterinburg	2024-04-20
1485528	Zalesovo	53.99295	84.74432	PPLA2	04		7936	Asia/Barnaul	2025-05-15
1485634	Yuzhnoural’sk	54.44845	61.26434	PPLA2	13		39200	Asia/Yekaterinburg	2025-02-18
1485712	Yurginskoye	56.81911	67.39294	PPLA2	78		4606	Asia/Yekaterinburg	2024-08-11
1485721	Yurgamysh	55.3749	64.46043	PPLA2	40		7888	Asia/Yekaterinburg	2025-02-18
1485724	Yurga	55.72306	84.88611	PPLH	29		84220	Asia/Novokuznetsk	2023-06-06
1485849	Yetkul’	54.8231	61.5838	PPLA2	13		6163	Asia/Yekaterinburg	2025-02-18
1485904	Yermakovskoye	53.27533	92.40035	PPLA2	91		8910	Asia/Krasnoyarsk	2024-09-12
1485997	Yeniseysk	58.45073	92.17243	PPLA2	91		19920	Asia/Krasnoyarsk	2024-09-12
1486031	Yemel’yanovo	56.1703	92.67208	PPLA2	91		10800	Asia/Krasnoyarsk	2024-09-12
1486062	Yel’tsovka	53.25473	86.26395	PPLA2	04		0	Asia/Barnaul	2025-05-15
1486209	Yekaterinburg	56.85733	60.61529	PPLA	71		1495066	Asia/Yekaterinburg	2026-04-14
1486261	Yaya	56.19905	86.43421	PPLA2	29		13238	Asia/Novokuznetsk	2025-04-15
1486298	Yashkino	55.87377	85.4338	PPLA2	29		15197	Asia/Novokuznetsk	2025-04-15
1486340	Yarovoye	52.92656	78.57508	PPLA2	04		21195	Asia/Barnaul	2025-05-15
1486369	Yarkovo	57.40332	67.06787	PPLA2	78		6925	Asia/Yekaterinburg	2024-08-11
1486468	Yalutorovsk	56.65317	66.30048	PPLA2	78		35892	Asia/Yekaterinburg	2024-08-11
1486910	Vorkuta	67.50867	64.0667	PPLA2	34		80039	Europe/Moscow	2024-05-14
1486983	Volchikha	52.02023	80.36124	PPLA2	04		11212	Asia/Barnaul	2025-05-15
1487112	Vikulovo	56.81718	70.60569	PPLA2	78		6952	Asia/Yekaterinburg	2024-08-11
1487214	Verkh-Suyetka	53.30448	80.04794	PPLA2	04		2580	Asia/Barnaul	2025-05-15
1487219	Verkhotur’ye	58.86332	60.80564	PPLA2	71		8500	Asia/Yekaterinburg	2024-04-20
1487277	Verkhnyaya Salda	58.045	60.551	PPLA2	71		48992	Asia/Yekaterinburg	2025-09-08
1487281	Verkhnyaya Pyshma	56.97047	60.58219	PPLA2	71		59061	Asia/Yekaterinburg	2024-04-20
1487394	Verkhniy Ufaley	56.0549	60.22566	PPLA2	13		33245	Asia/Yekaterinburg	2025-02-18
1487599	Verkh-Chebula	56.03065	87.62022	PPLA2	29		5224	Asia/Novokuznetsk	2025-04-15
1487615	Vengerovo	55.68278	76.74531	PPLA2	53		7073	Asia/Novosibirsk	2025-04-15
1487764	Varna	53.37976	60.97306	PPLA2	13		9906	Asia/Yekaterinburg	2025-02-18
1487783	Vargashi	55.37564	65.81072	PPLA2	40		0	Asia/Yekaterinburg	2025-02-18
1487860	Vagay	57.93407	69.01373	PPLA2	78		4951	Asia/Yekaterinburg	2024-08-11
1487882	Uzhur	55.3175	89.83129	PPLA2	91		15637	Asia/Krasnoyarsk	2024-09-12
1487922	Uyar	55.81473	94.32718	PPLA2	91		13167	Asia/Krasnoyarsk	2024-09-12
1487933	Uvel’skiy	54.44321	61.35548	PPLA2	13		11293	Asia/Yekaterinburg	2025-02-18
1487939	Uvat	59.14227	68.88881	PPLA2	78		4581	Asia/Yekaterinburg	2024-08-11
1488048	Ulagan	50.6314	87.95897	PPLA2	03		2623	Asia/Barnaul	2025-04-15
1488074	Ust’-Tarka	55.56704	75.70557	PPLA2	53		4325	Asia/Novosibirsk	2025-04-15
1488167	Ust’-Koksa	50.27246	85.62613	PPLA2	03	1488166	4008	Asia/Barnaul	2025-04-15
1488190	Ust’-Kan	50.93254	84.76608	PPLA2	03		3547	Asia/Barnaul	2025-04-15
1488200	Ust’-Kalmanka	52.12283	83.30798	PPLA2	04		6659	Asia/Barnaul	2025-05-15
1488206	Ust’-Ishim	57.69335	71.16648	PPLA2	54		4999	Asia/Omsk	2025-03-11
1488235	Ust’-Charyshskaya Pristan’	52.39466	83.66346	PPLA2	04		5647	Asia/Barnaul	2025-05-15
1488253	Zelenogorsk	56.10921	94.58698	PPLA2	91		71354	Asia/Krasnoyarsk	2024-09-12
1488272	Ust’-Abakan	53.83573	91.39047	PPLA2	31		14696	Asia/Krasnoyarsk	2025-06-12
1488429	Uray	60.13044	64.78896	PPLA2	32		39878	Asia/Yekaterinburg	2024-08-11
1488465	Uporovo	56.31173	66.26974	PPLA2	78		5299	Asia/Yekaterinburg	2024-08-11
1488632	Uglovskoye	51.36068	80.18993	PPLA2	04		4744	Asia/Barnaul	2025-05-15
1488708	Ubinskoye	55.30713	79.68169	PPLA2	53		5882	Asia/Novosibirsk	2025-04-15
1488741	Tyumentsevo	53.3243	81.50196	PPLA2	04		5759	Asia/Barnaul	2025-05-15
1488754	Tyumen	57.15222	65.52722	PPLA	78		768358	Asia/Yekaterinburg	2026-04-14
1488774	Tyukhtet	56.54164	89.31573	PPLA2	91		5138	Asia/Krasnoyarsk	2024-09-12
1488780	Tyukalinsk	55.87245	72.19796	PPLA2	54		11935	Asia/Omsk	2025-03-11
1488838	Tyazhinskiy	56.11028	88.51904	PPLA2	29		13716	Asia/Novokuznetsk	2025-04-15
1488903	Turukhansk	65.7968	87.96766	PPLA2	91		4774	Asia/Krasnoyarsk	2024-09-12
1488920	Turochak	52.25968	87.12306	PPLA2	03		5514	Asia/Barnaul	2025-04-15
1488931	Turinskaya Sloboda	57.62125	64.38252	PPLA2	71		6023	Asia/Yekaterinburg	2024-04-20
1488933	Turinsk	58.04575	63.69605	PPLA2	71		18555	Asia/Yekaterinburg	2024-04-20
1488950	Turan	52.14551	93.91728	PPLA2	79		5528	Asia/Krasnoyarsk	2025-06-12
1489057	Tugulym	57.05863	64.64702	PPLA2	71		6139	Asia/Yekaterinburg	2024-04-20
1489137	Tselinnoye	54.5039	63.67647	PPLA2	40		5711	Asia/Yekaterinburg	2025-02-18
1489138	Tselinnoye	53.07588	85.65897	PPLA2	04		5836	Asia/Barnaul	2025-05-15
1489209	Troitskoye	52.9826	84.68031	PPLA2	04		10887	Asia/Barnaul	2025-05-15
1489246	Troitsk	54.09224	61.56756	PPLA2	13		82338	Asia/Yekaterinburg	2025-02-18
1489394	Topki	55.27705	85.6135	PPLA2	29		30572	Asia/Novokuznetsk	2025-04-15
1489398	Topchikha	52.82207	83.12082	PPLA2	04		9301	Asia/Barnaul	2025-05-15
1489401	Toora-Khem	52.46863	96.12031	PPLA2	79		2214	Asia/Krasnoyarsk	2025-06-12
1489425	Tomsk	56.50049	84.98216	PPLA	75	1489419	574002	Asia/Tomsk	2026-04-14
1489508	Toguchin	55.238	84.40282	PPLA2	53		21886	Asia/Novosibirsk	2025-04-15
1489530	Tobolsk	58.19807	68.25457	PPL	78		113800	Asia/Yekaterinburg	2023-06-02
1489554	Tisul’	55.75739	88.31053	PPLA2	29		9249	Asia/Novokuznetsk	2025-04-15
1489661	Tevriz	57.51162	72.39793	PPLA2	54		7270	Asia/Omsk	2025-03-11
1489822	Tegul’det	57.30584	88.164	PPLA2	75		4800	Asia/Tomsk	2024-09-12
1489828	Teeli	51.01395	90.20092	PPLA2	79		3732	Asia/Krasnoyarsk	2025-06-12
1489837	Ozërsk	55.76008	60.71426	PPLA2	13		0	Asia/Yekaterinburg	2025-02-18
1489870	Tayshet	55.93276	97.98964	PPLA2	20		37766	Asia/Irkutsk	2025-02-18
1489907	Tayga	56.06541	85.62179	PPLA2	29		24328	Asia/Novokuznetsk	2025-04-15
1489938	Tavricheskoye	54.58744	73.63733	PPLA2	54		13063	Asia/Omsk	2025-03-11
1489962	Tavda	58.04203	65.27165	PPLA2	71		39480	Asia/Yekaterinburg	2024-04-20
1490003	Tatarsk	55.2213	75.98154	PPLA2	53		25150	Asia/Novosibirsk	2025-04-15
1490036	Tashtyp	52.79936	89.89352	PPLA2	31		6379	Asia/Krasnoyarsk	2025-06-12
1490042	Tashtagol	52.76797	87.88803	PPLA2	29		22779	Asia/Novokuznetsk	2025-04-15
1490058	Taseyevo	57.21695	94.89407	PPLA2	91		8479	Asia/Krasnoyarsk	2024-09-12
1490140	Tara	56.89603	74.36938	PPLA2	54		26986	Asia/Omsk	2025-03-11
1490256	Talnakh	69.4865	88.3972	PPL	91		59051	Asia/Krasnoyarsk	2012-01-17
1490266	Tal’menka	53.82146	83.57063	PPLA2	04		18900	Asia/Barnaul	2025-05-15
1490281	Talitsa	57.01094	63.73347	PPLA2	71		18602	Asia/Yekaterinburg	2024-04-20
1490356	Tabuny	52.77521	78.79129	PPLA2	04		3950	Asia/Barnaul	2025-05-15
1490364	Tabory	58.5201	64.54839	PPLA2	71		2062	Asia/Yekaterinburg	2024-04-20
1490402	Sysert’	56.50171	60.81978	PPLA2	71		21942	Asia/Yekaterinburg	2024-04-20
1490501	Svetlyy	50.81964	60.85075	PPLA2	55		8976	Asia/Yekaterinburg	2024-11-12
1490551	Suzun	53.78457	82.31595	PPLA2	53		15365	Asia/Novosibirsk	2025-04-15
1490590	Sug-Aksy	51.40425	91.27881	PPLA2	79		3051	Asia/Krasnoyarsk	2025-06-12
1490624	Surgut	61.25757	73.41775	PPLA2	32		300367	Asia/Yekaterinburg	2024-08-11
1490686	Sukhoy Log	56.90832	62.03433	PPLA2	71		36329	Asia/Yekaterinburg	2024-04-20
1490711	Sukhobuzimskoye	56.50081	93.2731	PPLA2	91		4550	Asia/Krasnoyarsk	2024-09-12
1490796	Strezhevoy	60.7333	77.5889	PPLA2	75		44784	Asia/Tomsk	2024-09-12
1491006	Staroaleyskoye	51.00808	81.99544	PPLA2	04		5037	Asia/Barnaul	2025-05-15
1491219	Sovetskoye	52.28838	85.41165	PPLA2	04		5441	Asia/Barnaul	2025-05-15
1491230	Sovetskiy	61.36139	63.58417	PPLA2	32		23685	Asia/Yekaterinburg	2024-08-11
1491267	Sos’va	59.17662	61.85579	PPLA2	71		9595	Asia/Yekaterinburg	2024-04-20
1491291	Sosnovoborsk	56.1218	93.33814	PPLA2	91		31632	Asia/Krasnoyarsk	2024-09-12
1491360	Sorsk	54.00126	90.25154	PPLA2	31		13035	Asia/Krasnoyarsk	2025-06-12
1491428	Solton	52.84307	86.48019	PPLA2	04		3122	Asia/Barnaul	2025-05-15
1491461	Soloneshnoye	51.65582	84.31976	PPLA2	04		4716	Asia/Barnaul	2025-05-15
1491633	Smolenskoye	52.30358	85.07597	PPLA2	04		9431	Asia/Barnaul	2025-05-15
1491706	Slavgorod	52.99997	78.64733	PPLA2	04		34141	Asia/Barnaul	2025-05-15
1491719	Sladkovo	55.52835	70.33854	PPLA2	78		3455	Asia/Yekaterinburg	2024-08-11
1491953	Shushenskoye	53.32361	91.93614	PPLA2	91		18770	Asia/Krasnoyarsk	2024-09-12
1491999	Shumikha	55.22874	63.28552	PPLA2	40		18499	Asia/Yekaterinburg	2025-02-18
1492149	Shira	54.49384	89.97046	PPLA2	31		9358	Asia/Krasnoyarsk	2025-06-12
1492255	Sherbakul’	54.63084	72.39675	PPLA2	54		7251	Asia/Omsk	2025-03-11
1492281	Shelabolikha	53.41503	82.61262	PPLA2	04		4298	Asia/Barnaul	2025-05-15
1492299	Shebalino	51.29507	85.67751	PPLA2	03		4939	Asia/Barnaul	2025-04-15
1492320	Shchuch’ye	55.2088	62.74791	PPLA2	40		0	Asia/Yekaterinburg	2025-02-18
1492388	Shatrovo	56.51976	64.63304	PPLA2	40		6295	Asia/Yekaterinburg	2025-02-18
1492401	Sharypovo	55.54004	89.20062	PPLA2	91		42773	Asia/Krasnoyarsk	2024-09-12
1492466	Shalinskoye	55.71739	93.75167	PPLA2	91		4198	Asia/Krasnoyarsk	2024-09-12
1492517	Shadrinsk	56.08616	63.63816	PPLA2	40		79479	Asia/Yekaterinburg	2025-02-18
1492607	Severnoye	56.35023	78.36481	PPLA2	53		5373	Asia/Novosibirsk	2025-04-15
1492663	Serov	59.59737	60.58608	PPLA2	71		98438	Asia/Yekaterinburg	2024-04-20
1492855	Sedel’nikovo	56.94531	75.30774	PPLA2	54		0	Asia/Omsk	2025-03-11
1492893	Sayanogorsk	53.09975	91.40736	PPLA2	31		49939	Asia/Krasnoyarsk	2025-06-12
1493004	Sargatskoye	55.61008	73.49869	PPLA2	54		8285	Asia/Omsk	2025-03-11
1493155	Samagaltay	50.60148	95.0003	PPLA2	79		3477	Asia/Krasnoyarsk	2025-06-12
1493197	Salekhard	66.53373	66.60955	PPLA	87		49214	Asia/Yekaterinburg	2026-04-14
1493268	Safakulevo	54.98857	62.54041	PPLA2	40		4189	Asia/Yekaterinburg	2025-02-18
1493423	Russkaya Polyana	53.77999	73.88384	PPLA2	54		6454	Asia/Omsk	2025-03-11
1493467	Rubtsovsk	51.51473	81.20613	PPL	04		161065	Asia/Barnaul	2023-05-28
1493524	Rostovka	55.01685	73.58118	PPLA2	54		0	Asia/Omsk	2025-03-11
1493577	Romanovo	52.61753	81.22796	PPLA2	04		6056	Asia/Barnaul	2025-05-15
1493648	Rezh	57.37116	61.40398	PPLA2	71		37420	Asia/Yekaterinburg	2024-04-20
1493722	Rebrikha	53.07933	82.33939	PPLA2	04		8858	Asia/Barnaul	2025-05-15
1493870	Pyshma	56.95327	63.25231	PPLA2	71		10094	Asia/Yekaterinburg	2024-04-20
1494091	Promyshlennaya	54.91443	85.63971	PPLA2	29		17216	Asia/Novokuznetsk	2025-04-15
1494114	Prokop’yevsk	53.91518	86.71891	PPLA2	29		219000	Asia/Novokuznetsk	2025-04-15
1494456	Polysayevo	54.60343	86.27577	PPLA2	29		28026	Asia/Novokuznetsk	2025-04-15
1494500	Poltavka	54.36312	71.7621	PPLA2	54		7103	Asia/Omsk	2025-03-11
1494523	Polovinnoye	54.79054	65.98969	PPLA2	40		5103	Asia/Yekaterinburg	2025-02-18
1494573	Polevskoy	56.44222	60.18778	PPLA2	71		65770	Asia/Yekaterinburg	2024-04-20
1494790	Podgornoye	57.78782	82.65155	PPLA2	75		5024	Asia/Tomsk	2024-09-12
1495022	Petukhovo	55.06917	67.90194	PPLA2	40	1495014	12367	Asia/Yekaterinburg	2020-12-18
1495101	Petropavlovskoye	52.07292	84.10854	PPLA2	04		2839	Asia/Barnaul	2025-05-15
1495256	Pervomayskoye	57.07486	86.24145	PPLA2	75		5817	Asia/Tomsk	2024-09-12
1495448	Pavlovsk	53.31975	82.98952	PPLA2	04		14827	Asia/Barnaul	2025-05-15
1495480	Pavlogradka	54.20088	73.56377	PPLA2	54		6148	Asia/Omsk	2025-03-11
1495538	Partizanskoye	55.49713	94.39648	PPLA2	91		3915	Asia/Krasnoyarsk	2024-09-12
1495586	Parabel’	58.69581	81.49342	PPLA2	75		6227	Asia/Tomsk	2024-09-12
1495613	Pankrushikha	53.82884	80.34936	PPLA2	04		5160	Asia/Barnaul	2025-05-15
1495974	Osinniki	53.60357	87.33197	PPLA2	29		48919	Asia/Novokuznetsk	2025-04-15
1496073	Orlik	52.51537	99.82574	PPLA2	11		2008	Asia/Irkutsk	2025-05-15
1496100	Ordynskoye	54.36225	81.88658	PPLA2	53		10314	Asia/Novosibirsk	2025-04-15
1496130	Onguday	50.74962	86.13379	PPLA2	03		5406	Asia/Barnaul	2025-04-15
1496142	Omutinskoye	56.46845	67.64172	PPLA2	78		9595	Asia/Yekaterinburg	2024-08-11
1496153	Omsk	54.99244	73.36859	PPLA	54		1172070	Asia/Omsk	2026-04-14
1496250	Oktyabr’skoye	62.45833	66.03417	PPLA2	32		0	Asia/Yekaterinburg	2024-08-11
1496255	Oktyabr’skoye	54.41171	62.73159	PPLA2	13		0	Asia/Yekaterinburg	2025-02-18
1496329	Okoneshnikovo	54.84011	75.07729	PPLA2	54		5501	Asia/Omsk	2025-03-11
1496421	Ob’	54.98877	82.71337	PPLA2	53		24238	Asia/Novosibirsk	2025-04-15
1496476	Nyagan	62.14056	65.39361	PPL	32		52137	Asia/Yekaterinburg	2013-08-05
1496503	Noyabrsk	63.19309	75.43728	PPL	87		110000	Asia/Yekaterinburg	2023-06-02
1496511	Novyy Urengoy	66.08333	76.63333	PPL	87		94212	Asia/Yekaterinburg	2023-06-02
1496612	Novoyegor’yevskoye	51.75842	80.8954	PPLA2	04		0	Asia/Barnaul	2025-05-15
1496633	Novovarshavka	54.16876	74.69832	PPLA2	54		6487	Asia/Omsk	2025-03-11
1496747	Novosibirsk	55.02259	82.93175	PPLA	53	1496742	1612833	Asia/Novosibirsk	2026-04-14
1496770	Novosëlovo	54.99959	90.97306	PPLA2	91		0	Asia/Krasnoyarsk	2024-09-12
1496990	Novokuznetsk	53.75752	87.13599	PPLA2	29		539616	Asia/Novokuznetsk	2025-04-15
1497173	Novoaltaysk	53.41426	83.94108	PPLA2	04		61050	Asia/Barnaul	2025-05-15
1497220	Novichikha	52.20726	81.39341	PPLA2	04		4460	Asia/Barnaul	2025-05-15
1497276	Novaya Lyalya	59.05233	60.59315	PPLA2	71		14246	Asia/Yekaterinburg	2024-04-20
1497337	Norilsk	69.3535	88.2027	PPL	91		140800	Asia/Krasnoyarsk	2023-05-20
1497376	Nizhnyaya Tavda	57.6687	66.17821	PPLA2	78		6711	Asia/Yekaterinburg	2024-08-11
1497393	Nizhnyaya Salda	58.07756	60.7202	PPLA2	71		17473	Asia/Yekaterinburg	2024-04-20
1497406	Nizhnyaya Omka	55.43372	74.94035	PPLA2	54		5246	Asia/Omsk	2025-03-11
1497497	Nizhniy Ingash	56.2003	96.5373	PPLA2	91		8458	Asia/Krasnoyarsk	2024-09-12
1497543	Nizhnevartovsk	60.9344	76.5531	PPLA2	32		244937	Asia/Yekaterinburg	2024-08-11
1497549	Nizhneudinsk	54.90725	99.03396	PPLA2	20		38723	Asia/Irkutsk	2025-02-18
1497795	Nev’yansk	57.49233	60.21415	PPLA2	71		25900	Asia/Yekaterinburg	2024-04-20
1497899	Gal’bshtadt	53.22715	78.98738	PPLA2	04		1778	Asia/Barnaul	2025-05-15
1497917	Nefteyugansk	61.09979	72.60349	PPL	32		112632	Asia/Yekaterinburg	2023-05-28
1497932	Nazyvayevsk	55.56897	71.35665	PPLA2	54		12284	Asia/Omsk	2025-03-11
1497951	Nazarovo	56.01138	90.41656	PPLA2	91		55252	Asia/Krasnoyarsk	2024-09-12
1498129	Myski	53.71631	87.79652	PPLA2	29		44082	Asia/Novokuznetsk	2025-04-15
1498205	Muromtsevo	56.36919	75.25044	PPLA2	54		11147	Asia/Omsk	2025-03-11
1498381	Moskalënki	54.93824	71.93575	PPLA2	54		8974	Asia/Omsk	2025-03-11
1498389	Moshkovo	55.30546	83.61324	PPLA2	53		10541	Asia/Novosibirsk	2025-04-15
1498493	Molchanovo	57.58112	83.76053	PPLA2	75		6109	Asia/Tomsk	2024-09-12
1498511	Mokrousovo	55.80871	66.77095	PPLA2	40		4851	Asia/Yekaterinburg	2025-02-18
1498633	Mishkino	55.33765	63.91451	PPLA2	40		8712	Asia/Yekaterinburg	2025-02-18
1498693	Minusinsk	53.70117	91.70797	PPLA2	91		72781	Asia/Krasnoyarsk	2024-09-12
1498775	Mikhaylovskoye	51.82228	79.72136	PPLA2	04		11467	Asia/Barnaul	2025-05-15
1498887	Miasskoye	55.28155	61.89266	PPLA2	13		9524	Asia/Yekaterinburg	2025-02-18
1498894	Miass	55.04552	60.10756	PPLA2	13		167500	Asia/Yekaterinburg	2025-02-18
1498919	Mezhdurechenskiy	59.6	65.93333	PPLA2	32		11121	Asia/Yekaterinburg	2024-08-11
1498920	Mezhdurechensk	53.68993	88.06221	PPLA2	29		101026	Asia/Novokuznetsk	2025-04-15
1499007	Mel’nikovo	56.55687	84.0814	PPLA2	75		10157	Asia/Tomsk	2024-09-12
1499053	Megion	61.03429	76.10683	PPLA2	32		48691	Asia/Yekaterinburg	2025-04-15
1499163	Mayma	52.00266	85.89741	PPLA2	03		15428	Asia/Barnaul	2025-08-13
1499247	Maslyanino	54.34263	84.21179	PPLA2	53		13000	Asia/Novosibirsk	2025-04-15
1499279	Mar’yanovka	54.96157	72.64467	PPLA2	54		8575	Asia/Omsk	2025-03-11
1499350	Mariinsk	56.20978	87.73165	PPLA2	29		43122	Asia/Novokuznetsk	2025-04-15
1499428	Mamontovo	52.70878	81.62418	PPLA2	04		9275	Asia/Barnaul	2025-05-15
1500036	Makushino	55.20506	67.25125	PPLA2	40		9682	Asia/Yekaterinburg	2025-02-18
1500125	Lyubinskiy	55.15821	72.6932	PPLA2	54		10461	Asia/Omsk	2025-03-11
1500607	Lesosibirsk	58.23544	92.48351	PPLA2	91		65945	Asia/Krasnoyarsk	2024-09-12
1500665	Leninsk-Kuznetsky	54.6567	86.1737	PPL	29		109023	Asia/Novokuznetsk	2023-06-03
1500764	Lebyazh’ye	55.27361	66.49472	PPLA2	40		6900	Asia/Yekaterinburg	2025-02-18
1500957	Kyzyl-Mazhalyk	51.14654	90.58293	PPLA2	79		5004	Asia/Krasnoyarsk	2025-06-12
1500973	Kyzyl	51.71108	94.43776	PPLA	79		116983	Asia/Krasnoyarsk	2026-04-14
1500990	Kytmanovo	53.46067	85.44749	PPLA2	04		4183	Asia/Barnaul	2025-05-15
1500997	Kyshtym	55.7163	60.551	PPLA2	13		41625	Asia/Yekaterinburg	2025-02-18
1501000	Kyshtovka	56.55555	76.63029	PPLA2	53		5724	Asia/Novosibirsk	2025-04-15
1501141	Kuybyshev	55.44783	78.31907	PPLA2	53		48308	Asia/Novosibirsk	2025-04-15
1501230	Kur’ya	51.60139	82.28913	PPLA2	04		0	Asia/Barnaul	2025-05-15
1501255	Kurtamysh	54.90973	64.4319	PPLA2	40		17936	Asia/Yekaterinburg	2025-02-18
1501321	Kurgan	55.44905	65.34344	PPLA	40		309285	Asia/Yekaterinburg	2026-04-14
1501365	Kupino	54.36677	77.3068	PPLA2	53		16333	Asia/Novosibirsk	2025-04-15
1501377	Kungurtug	50.59826	97.52543	PPLA2	79		1820	Asia/Krasnoyarsk	2025-06-12
1501402	Kunashak	55.70155	61.54932	PPLA2	13		5950	Asia/Yekaterinburg	2025-02-18
1501460	Kulunda	52.56494	78.93911	PPLA2	04		15345	Asia/Barnaul	2025-05-15
1501690	Krutinka	56.00552	71.50839	PPLA2	54		7752	Asia/Omsk	2025-03-11
1501706	Krutikha	53.95997	81.20991	PPLA2	04		4294	Asia/Barnaul	2025-05-15
1501795	Krivosheino	57.3432	83.92405	PPLA2	75		6010	Asia/Tomsk	2024-09-12
1501988	Krasnozërskoye	53.986	79.23999	PPLA2	53		10339	Asia/Novosibirsk	2025-04-15
1502026	Krasnoyarsk	56.03742	92.93136	PPLA	91		1090811	Asia/Krasnoyarsk	2026-04-14
1502060	Krasnoural’sk	58.3638	60.0407	PPLA2	71		27257	Asia/Yekaterinburg	2024-04-20
1502061	Krasnoturinsk	59.7666	60.2086	PPL	71		62600	Asia/Yekaterinburg	2021-08-02
1502063	Krasnoturansk	54.31645	91.56761	PPLA2	91		5845	Asia/Krasnoyarsk	2024-09-12
1502105	Krasnogorskoye	52.29767	86.19816	PPLA2	04		6703	Asia/Barnaul	2025-05-15
1502192	Krapivinskiy	55.00323	86.80029	PPLA2	29		7909	Asia/Novokuznetsk	2025-04-15
1502207	Kozul’ka	56.16485	91.39125	PPLA2	91		6257	Asia/Krasnoyarsk	2024-09-12
1502257	Kozhevnikovo	56.2618	83.96787	PPLA2	75		7970	Asia/Tomsk	2024-09-12
1502387	Kosikha	53.36231	84.58151	PPLA2	04		5612	Asia/Barnaul	2025-05-15
1502536	Korkino	54.89151	61.39201	PPLA2	13	1535937	40046	Asia/Yekaterinburg	2025-02-18
1502590	Kop’yëvo	54.99264	89.82292	PPLA2	31		0	Asia/Krasnoyarsk	2025-07-16
1502603	Kopeysk	55.11686	61.61807	PPLA2	13		70780	Asia/Yekaterinburg	2025-02-18
1502822	Kolyvan’	55.30891	82.74196	PPLA2	53		10807	Asia/Novosibirsk	2025-04-15
1502847	Kol’tsovo	54.94204	83.19192	PPLA2	53		9976	Asia/Novosibirsk	2025-04-15
1502862	Kolpashevo	58.32007	82.90295	PPLA2	75		27876	Asia/Tomsk	2024-09-12
1502879	Kolosovka	56.46893	73.61677	PPLA2	54		5759	Asia/Omsk	2025-03-11
1503061	Kochki	54.33208	80.49338	PPLA2	53		4101	Asia/Novosibirsk	2025-04-15
1503082	Kochenëvo	55.01356	82.20783	PPLA2	53		16446	Asia/Novosibirsk	2025-04-15
1503277	Kiselëvsk	53.99	86.6621	PPLA2	29		104000	Asia/Novokuznetsk	2025-04-15
1503335	Kirovgrad	57.43134	60.06172	PPLA2	71		22685	Asia/Yekaterinburg	2024-04-20
1503772	Khanty-Mansiysk	61.00187	69.02728	PPLA	32		101466	Asia/Yekaterinburg	2026-04-14
1503796	Khandagayty	50.73295	92.0756	PPLA2	79		3146	Asia/Krasnoyarsk	2026-04-09
1503856	Khabary	53.62663	79.53657	PPLA2	04		5895	Asia/Barnaul	2025-05-15
1503879	Ketovo	55.34831	65.33142	PPLA2	40		6966	Asia/Yekaterinburg	2025-02-18
1503901	Kemerovo	55.35417	86.10435	PPLA	29		558973	Asia/Novokuznetsk	2026-04-14
1504019	Kazanskoye	55.64586	69.22736	PPLA2	78		5851	Asia/Yekaterinburg	2024-08-12
1504075	Kazachinskoye	57.69947	93.28054	PPLA2	91		3987	Asia/Krasnoyarsk	2024-09-12
1504212	Kataysk	56.28854	62.58115	PPLA2	40		15619	Asia/Yekaterinburg	2025-02-18
1504251	Kasli	55.88753	60.75478	PPLA2	13		17911	Asia/Yekaterinburg	2025-02-18
1504317	Kartaly	53.05962	60.64125	PPLA2	13		28503	Asia/Yekaterinburg	2025-02-18
1504343	Karpinsk	59.76831	60.0062	PPLA2	71		30070	Asia/Yekaterinburg	2024-04-20
1504380	Kargat	55.1929	80.28261	PPLA2	53		10881	Asia/Novosibirsk	2025-04-15
1504382	Kargasok	59.05556	80.85722	PPLA2	75		8572	Asia/Tomsk	2024-09-12
1504383	Kargapol’ye	55.95484	64.43264	PPLA2	40		8169	Asia/Yekaterinburg	2025-02-18
1504442	Karatuzskoye	53.60413	92.87057	PPLA2	91		7900	Asia/Krasnoyarsk	2024-09-12
1504489	Karasuk	53.73953	78.04387	PPLA2	53		28589	Asia/Novosibirsk	2025-04-15
1504636	Karabash	55.48953	60.20885	PPLA2	13		15630	Asia/Yekaterinburg	2025-02-18
1504682	Kansk	56.20218	95.71848	PPLA2	91		101502	Asia/Krasnoyarsk	2024-09-12
1504769	Kamyshlov	56.84659	62.71211	PPLA2	71		28006	Asia/Yekaterinburg	2024-04-20
1504826	Kamensk-Ural’skiy	56.40626	61.93347	PPLA2	71		182500	Asia/Yekaterinburg	2024-04-20
1504871	Kamen’-na-Obi	53.78901	81.33201	PPLA2	04		44564	Asia/Barnaul	2025-05-15
1504972	Kaltan	53.5278	87.27578	PPLA2	29		25903	Asia/Novokuznetsk	2025-04-15
1504985	Kalmanka	52.8998	83.54262	PPLA2	04		3628	Asia/Barnaul	2025-05-15
1505074	Kalachinsk	55.0522	74.5787	PPLA2	54		24059	Asia/Omsk	2025-03-11
1505187	Kaa-Khem	51.69435	94.57021	PPLA2	79		10375	Asia/Krasnoyarsk	2025-06-12
1505228	Izhmorskiy	56.19216	86.64162	PPLA2	29		5950	Asia/Novokuznetsk	2025-04-15
1505260	Ivdel’	60.69111	60.42056	PPLA2	71		19379	Asia/Yekaterinburg	2024-04-20
1505429	Iskitim	54.64261	83.30353	PPLA2	53		61827	Asia/Novosibirsk	2025-04-15
1505438	Isil’kul’	54.91214	71.27184	PPLA2	54		20050	Asia/Omsk	2025-03-11
1505453	Ishim	56.11254	69.48722	PPLA2	78		67762	Asia/Yekaterinburg	2024-08-12
1505466	Isetskoye	56.48315	65.31603	PPLA2	78		7170	Asia/Yekaterinburg	2024-08-12
1505526	Irbit	57.66863	63.07072	PPLA2	71		41647	Asia/Yekaterinburg	2024-04-20
1505529	Irbeyskoye	55.64989	95.46219	PPLA2	91		4681	Asia/Krasnoyarsk	2024-09-12
1505933	Ilanskiy	56.2354	96.06667	PPLA2	91		16668	Asia/Krasnoyarsk	2024-09-12
1505998	Idrinskoye	54.37011	92.13556	PPLA2	91		5498	Asia/Krasnoyarsk	2024-09-12
1506073	Gur’yevsk	54.28409	85.94806	PPLA2	29		25000	Asia/Novokuznetsk	2025-04-15
1506260	Gornyak	50.99529	81.46693	PPLA2	04		15668	Asia/Barnaul	2025-05-15
1506271	Gorno-Altaysk	51.96056	85.91892	PPLA	03	11205727	63214	Asia/Barnaul	2026-04-14
1506347	Gor’kovskoye	55.36852	74.36689	PPLA2	54		0	Asia/Omsk	2025-03-11
1506422	Golyshmanovo	56.39865	68.37555	PPLA2	78		13424	Asia/Yekaterinburg	2024-08-12
1506499	Glyadyanskoye	54.90973	65.08843	PPLA2	40		4237	Asia/Yekaterinburg	2025-02-18
1506676	Gari	59.43134	62.35038	PPLA2	71		3134	Asia/Yekaterinburg	2024-04-20
1507035	Dzerzhinskoye	56.83004	95.22656	PPLA2	91		7775	Asia/Krasnoyarsk	2024-09-12
1507220	Dovol’noye	54.49457	79.66766	PPLA2	53		6774	Asia/Novosibirsk	2025-07-03
1507300	Dolgoderevenskoye	55.35013	61.34155	PPLA2	13		6976	Asia/Yekaterinburg	2025-02-18
1507379	Divnogorsk	55.957	92.378	PPLA2	91		30018	Asia/Krasnoyarsk	2026-05-11
1507565	Dalmatovo	56.25958	62.93467	PPLA2	40		14526	Asia/Yekaterinburg	2025-02-18
1507636	Chunskiy	56.09188	99.63563	PPLA2	20		16199	Asia/Irkutsk	2025-02-18
1507679	Chulym	55.08977	80.97022	PPLA2	53		11975	Asia/Novosibirsk	2025-04-15
1507745	Choya	52.01111	86.54824	PPLA2	03		1930	Asia/Barnaul	2025-04-15
1507798	Chistoozërnoye	54.71125	76.58227	PPLA2	53		5332	Asia/Novosibirsk	2025-04-15
1507926	Chesma	53.80855	60.64901	PPLA2	13		5789	Asia/Yekaterinburg	2025-02-18
1508054	Chernogorsk	53.82878	91.30953	PPLA2	31		71582	Asia/Krasnoyarsk	2025-06-12
1508138	Cherlak	54.15437	74.80886	PPLA2	54		12122	Asia/Omsk	2025-03-11
1508161	Cherepanovo	54.2239	83.38056	PPLA2	53		20125	Asia/Novosibirsk	2025-04-15
1508260	Novobirilyussy	56.95137	90.68808	PPLA2	91		4274	Asia/Krasnoyarsk	2024-09-12
1508285	Chemal	51.4216	85.99055	PPLA2	03		3284	Asia/Barnaul	2025-04-15
1508291	Chelyabinsk	55.1611	61.42877	PPLA	13	1535932	1202371	Asia/Yekaterinburg	2026-04-14
1508350	Chebarkul’	54.97763	60.36582	PPLA2	13	1508346	46502	Asia/Yekaterinburg	2025-02-18
1508406	Chastoozer’ye	55.5651	67.90962	PPLA2	40		0	Asia/Yekaterinburg	2025-02-18
1508427	Charyshskoye	51.39845	83.56168	PPLA2	04		3371	Asia/Barnaul	2025-05-15
1508458	Chany	55.31193	76.76024	PPLA2	53		8923	Asia/Novosibirsk	2025-04-15
1508501	Chadan	51.28896	91.57266	PPLA2	79		9246	Asia/Krasnoyarsk	2025-06-12
1508505	Chaa-Khol’	51.51404	92.33575	PPLA2	79		0	Asia/Krasnoyarsk	2025-06-12
1508517	Bystryy Istok	52.37329	84.38596	PPLA2	04		4455	Asia/Barnaul	2025-05-15
1508636	Burla	53.34008	78.33461	PPLA2	04		4682	Asia/Barnaul	2025-05-15
1508811	Bredy	52.41986	60.33684	PPLA2	13		10450	Asia/Yekaterinburg	2025-02-18
1508943	Borodino	55.9076	94.9118	PPLA2	91		19602	Asia/Krasnoyarsk	2024-09-12
1509043	Bol’shoy Uluy	56.65885	90.58374	PPLA2	91		0	Asia/Krasnoyarsk	2024-09-12
1509257	Bol’shoye Sorokino	56.63592	69.81833	PPLA2	78		0	Asia/Yekaterinburg	2024-08-12
1509422	Bol’shiye Uki	56.94697	72.62898	PPLA2	54		0	Asia/Omsk	2025-03-11
1509494	Bol’sherech’ye	56.09727	74.63057	PPLA2	54		12072	Asia/Omsk	2025-03-11
1509686	Bol’shaya Murta	56.90444	93.15172	PPLA2	91		7041	Asia/Krasnoyarsk	2024-09-12
1509819	Bolotnoye	55.67344	84.39463	PPLA2	53		17704	Asia/Novosibirsk	2025-04-15
1509844	Boguchany	58.38317	97.44883	PPLA2	91		11209	Asia/Krasnoyarsk	2024-09-12
1509847	Bograd	54.22539	90.84938	PPLA2	31		4623	Asia/Krasnoyarsk	2025-06-12
1509852	Bogotol	56.20449	89.53317	PPLA2	91		23622	Asia/Krasnoyarsk	2024-09-12
1509888	Bogdanovich	56.77675	62.05072	PPLA2	71		32270	Asia/Yekaterinburg	2024-04-20
1509999	Blagoveshchenka	52.834	79.87514	PPLA2	04		12319	Asia/Barnaul	2025-05-15
1510018	Biysk	52.53423	85.19661	PPLA2	04		215430	Asia/Barnaul	2025-05-15
1510131	Beya	53.05005	90.92158	PPLA2	31		5338	Asia/Krasnoyarsk	2025-06-12
1510205	Berëzovskiy	55.66951	86.27485	PPLA2	29		55000	Asia/Novokuznetsk	2025-04-15
1510214	Berëzovo	63.93806	65.04194	PPLA2	32		7034	Asia/Yekaterinburg	2024-08-12
1510255	Berëzovka	56.03715	93.12684	PPLA2	91		20913	Asia/Krasnoyarsk	2024-09-12
1510343	Berdyuzh’ye	55.80464	68.31667	PPLA2	78		0	Asia/Yekaterinburg	2024-08-12
1510350	Berdsk	54.75352	83.09624	PPLA2	53		90250	Asia/Novosibirsk	2025-04-15
1510370	Belyy Yar	58.44258	85.04515	PPLA2	75		7795	Asia/Tomsk	2024-09-12
1510377	Belyy Yar	53.59442	91.38197	PPLA2	31		8951	Asia/Krasnoyarsk	2025-06-12
1510421	Belozerskoye	55.82411	65.58757	PPLA2	40		4364	Asia/Yekaterinburg	2025-02-18
1510450	Beloyarskiy	63.71194	66.67222	PPLA2	32		20087	Asia/Yekaterinburg	2024-08-12
1510451	Beloyarskiy	56.75713	61.41629	PPLA2	71		12438	Asia/Yekaterinburg	2024-04-20
1510469	Belovo	54.42119	86.29907	PPLA2	29		75764	Asia/Novokuznetsk	2025-04-15
1510502	Belokurikha	51.99749	84.99714	PPLA2	04		14733	Asia/Barnaul	2025-05-15
1510697	Baykalovo	57.39595	63.76812	PPLA2	71		6043	Asia/Yekaterinburg	2024-04-20
1510853	Barnaul	53.36199	83.72786	PPLA	04	1535931	632372	Asia/Barnaul	2026-04-14
1510916	Barabinsk	55.35072	78.35873	PPLA2	53		31508	Asia/Novosibirsk	2025-04-15
1511057	Bakchar	57.02114	82.07201	PPLA2	75		7195	Asia/Tomsk	2024-09-12
1511094	Bagan	54.09949	77.66691	PPLA2	53		5803	Asia/Novosibirsk	2025-04-15
1511135	Azovo	54.70462	73.02377	PPLA2	54		5311	Asia/Omsk	2025-03-11
1511304	Askiz	53.13129	90.52821	PPLA2	31		6928	Asia/Krasnoyarsk	2025-06-12
1511309	Asino	56.99918	86.15518	PPLA2	75		27070	Asia/Tomsk	2024-09-12
1511330	Asbest	57.00816	61.46344	PPLA2	71		74583	Asia/Yekaterinburg	2024-04-20
1511368	Artëmovskiy	57.35422	61.87121	PPLA2	71		33700	Asia/Yekaterinburg	2024-04-20
1511381	Aromashevo	56.86753	68.64507	PPLA2	78		5573	Asia/Yekaterinburg	2024-08-12
1511382	Armizonskoye	55.94875	67.68438	PPLA2	78		4711	Asia/Yekaterinburg	2024-08-12
1511428	Argayash	55.48847	60.87364	PPLA2	13		10096	Asia/Yekaterinburg	2025-02-18
1511494	Anzhero-Sudzhensk	56.07568	86.02434	PPLA2	29		82526	Asia/Novokuznetsk	2025-04-15
1511736	Altayskoye	51.95156	85.33686	PPLA2	04		13852	Asia/Barnaul	2025-05-15
1511755	Al’menevo	54.94467	63.57625	PPLA2	40		0	Asia/Yekaterinburg	2025-02-18
1511783	Aleysk	52.49631	82.77466	PPLA2	04		28019	Asia/Barnaul	2025-05-15
1511845	Aleksandrovskoye	60.42903	77.86417	PPLA2	75		0	Asia/Tomsk	2024-09-12
1512064	Ak-Dovurak	51.17524	90.59782	PPLA2	79		12593	Asia/Krasnoyarsk	2025-06-12
1512086	Akademgorodok	54.8523	83.106	PPLX	53		50000	Asia/Novosibirsk	2015-11-30
1512102	Aginskoye	55.25931	94.91237	PPLA2	91		6077	Asia/Krasnoyarsk	2024-09-12
1512165	Achinsk	56.26792	90.50145	PPLA2	91		117634	Asia/Krasnoyarsk	2024-09-12
1512205	Abaza	52.65303	90.09454	PPLA2	31		18094	Asia/Krasnoyarsk	2025-06-12
1512210	Abatskoye	56.28765	70.45378	PPLA2	78		8195	Asia/Yekaterinburg	2024-08-12
1512218	Aban	56.67674	96.06506	PPLA2	91		9670	Asia/Krasnoyarsk	2024-09-12
1512236	Abakan	53.7154	91.42593	PPLA	31		184168	Asia/Krasnoyarsk	2026-04-14
1536289	Snezhinsk	56.07834	60.74785	PPLA2	13		50086	Asia/Yekaterinburg	2025-02-18
1536656	Ural’skiy	56.6757	61.0824	PPLA2	71		0	Asia/Yekaterinburg	2024-04-20
1538634	Ozersk	55.75556	60.70278	PPL	13		81023	Asia/Yekaterinburg	2023-06-06
1538635	Zheleznogorsk	56.25109	93.53142	PPLA2	91		93834	Asia/Krasnoyarsk	2024-09-12
1538636	Novoural’sk	57.25483	60.09052	PPLA2	71		93849	Asia/Yekaterinburg	2024-04-20
1538637	Seversk	56.60056	84.88639	PPLA2	75		109844	Asia/Tomsk	2024-09-12
1538638	Lokomotivnyy	53.0448	60.61563	PPLA2	13		10663	Asia/Yekaterinburg	2026-04-17
1538640	Svobodnyy	58.03972	60.39611	PPLA2	71		9508	Asia/Yekaterinburg	2024-04-20
1538642	Sibirskiy	53.57988	83.76691	PPLA2	04		11952	Asia/Barnaul	2025-05-15
1540484	Kedrovyy	57.5623	79.56865	PPLA2	75		3061	Asia/Tomsk	2024-09-13
1544583	Uyskoye	54.3775	60.00472	PPLA2	13	1487907	7668	Asia/Yekaterinburg	2025-02-21
2012330	Ust’-Ilimsk	57.98925	102.70641	PPLA2	20		0	Asia/Irkutsk	2025-02-18
2012349	Krasnyy Chikoy	50.36392	108.75586	PPLA2	93		6824	Asia/Chita	2025-06-12
2012484	Zima	53.9202	102.0442	PPLA2	20		33323	Asia/Irkutsk	2025-02-18
2012530	Zhigansk	66.76804	123.37658	PPLA2	63	2012529	3237	Asia/Yakutsk	2024-11-12
2012532	Zhigalovo	54.81009	105.15932	PPLA2	20		5272	Asia/Irkutsk	2025-02-18
2012557	Zheleznogorsk-Ilimskiy	56.57665	104.12968	PPLA2	20		28456	Asia/Irkutsk	2025-02-18
2012570	Zhatay	62.16263	129.83406	PPLA2	63		8131	Asia/Yakutsk	2024-11-12
2012593	Zeya	53.73586	127.25598	PPLA2	05		26999	Asia/Yakutsk	2025-08-13
2012626	Zavitinsk	50.11105	129.44035	PPLA2	05		13198	Asia/Yakutsk	2025-06-12
2012702	Zalari	53.55879	102.50909	PPLA2	20		9781	Asia/Irkutsk	2025-02-18
2012728	Zakamensk	50.37627	103.28706	PPLA2	11		12250	Asia/Irkutsk	2025-05-15
2012735	Zaigrayevo	51.83121	108.25943	PPLA2	11		5512	Asia/Irkutsk	2025-12-15
2012780	Zabaykal’sk	49.65137	117.32674	PPLA2	93		10563	Asia/Chita	2025-06-12
2012874	Ytyk-Kyuyël’	62.36153	133.56178	PPLA2	63		7023	Asia/Yakutsk	2024-11-12
2013018	Yelantsy	52.80362	106.40571	PPLA2	20		4009	Asia/Irkutsk	2025-02-18
2013032	Yekaterinoslavka	50.3737	129.11074	PPLA2	05		10178	Asia/Yakutsk	2025-06-12
2013159	Yakutsk	62.03114	129.72288	PPLA	63	8617188	235600	Asia/Yakutsk	2026-04-14
2013176	Yakovlevka	44.42678	133.47582	PPLA2	59		4996	Asia/Vladivostok	2025-08-13
2013229	Vyazemskiy	47.53342	134.75785	PPLA2	30		15247	Asia/Vladivostok	2025-07-16
2013332	Vol’no-Nadezhdinskoye	43.37474	131.9955	PPLA2	59		6577	Asia/Vladivostok	2025-08-13
2013348	Vladivostok	43.10562	131.87353	PPLA	59		604901	Asia/Vladivostok	2026-05-02
2013362	Vladimiro-Aleksandrovskoye	42.89199	133.07768	PPLA2	59		5444	Asia/Vladivostok	2025-08-13
2013392	Vilyuysk	63.75136	121.63292	PPLA2	63	8617247	9948	Asia/Yakutsk	2024-11-12
2013460	Verkh-Usugli	52.68697	115.18745	PPLA2	93		0	Asia/Chita	2026-03-10
2013639	Verkhnevilyuysk	63.44571	120.30814	PPLA2	63	2013638	6341	Asia/Yakutsk	2024-11-12
2013865	Ust’-Uda	54.17387	103.02865	PPLA2	20		5169	Asia/Irkutsk	2025-02-18
2013894	Ust’-Ordynskiy	52.80878	104.74705	PPLA2	20		14538	Asia/Irkutsk	2025-02-18
2013923	Ust’-Kut	56.7979	105.78657	PPLA2	20		48202	Asia/Irkutsk	2025-02-18
2013952	Ust’-Ilimsk	58.00056	102.66194	PPL	20		100271	Asia/Irkutsk	2023-06-06
2014006	Ussuriysk	43.80467	131.95734	PPLA2	59		157068	Asia/Vladivostok	2025-08-13
2014022	Usol’ye-Sibirskoye	52.75194	103.64528	PPL	20		85900	Asia/Irkutsk	2023-06-08
2014407	Ulan-Ude	51.82648	107.59979	PPLA	11	2050912	360278	Asia/Irkutsk	2026-04-14
2014718	Tynda	55.14941	124.73676	PPLA2	05		37335	Asia/Yakutsk	2025-06-12
2014779	Turuntayevo	52.20199	107.6429	PPLA2	11		6260	Asia/Irkutsk	2025-06-12
2014836	Tupik	54.42804	119.94198	PPLA2	93		996	Asia/Chita	2026-01-18
2014927	Tulun	54.56759	100.57659	PPLA2	20		51330	Asia/Irkutsk	2025-02-18
2015061	Troitskoye	49.44131	136.54778	PPLA2	30		0	Asia/Vladivostok	2025-07-16
2015306	Tiksi	71.69075	128.86524	PPLA2	63	2025971	5700	Asia/Yakutsk	2024-11-12
2015310	Fokino	42.97096	132.41035	PPLA2	59		25827	Asia/Vladivostok	2025-08-13
2015352	Terney	45.04952	136.61238	PPLA2	59	2015351	3876	Asia/Vladivostok	2025-08-13
2015469	Novonukutskiy	53.70185	102.70996	PPLA2	20		3121	Asia/Irkutsk	2025-02-18
2015545	Tarbagatay	51.48121	107.36378	PPLA2	11		4175	Asia/Irkutsk	2025-05-15
2015608	Tambovka	50.0995	128.05832	PPLA2	05		7834	Asia/Yakutsk	2025-06-12
2015701	Taksimo	56.34543	114.89428	PPLA2	11		10359	Asia/Irkutsk	2025-06-12
2015833	Svobodnyy	51.37498	128.1401	PPLA2	05		61017	Asia/Yakutsk	2025-12-15
2015842	Svirsk	53.09108	103.34345	PPLA2	20		14717	Asia/Irkutsk	2025-02-18
2015913	Suntar	62.16083	117.65547	PPLA2	63		8639	Asia/Yakutsk	2024-11-12
2016110	Sretensk	52.24877	117.70889	PPLA2	93	undefined = Sretenskiy Rayon	7698	Asia/Chita	2025-06-12
2016187	Spassk-Dal’niy	44.60059	132.82042	PPLA2	59		45265	Asia/Vladivostok	2025-08-13
2016216	Sosnovo-Ozërskoye	52.52289	111.53845	PPLA2	11		5840	Asia/Irkutsk	2024-11-12
2016307	Solnechnyy	50.72498	136.63562	PPLA2	30		14227	Asia/Vladivostok	2025-07-16
2016402	Smolyaninovo	43.28685	132.45494	PPLA2	59		5277	Asia/Vladivostok	2026-01-21
2016412	Smidovich	48.59434	133.81029	PPLA2	89		5720	Asia/Vladivostok	2025-06-12
2016422	Slyudyanka	51.6621	103.70996	PPLA2	20		18809	Asia/Irkutsk	2025-02-18
2016430	Slavyanka	42.86242	131.38919	PPLA2	59		10375	Asia/Vladivostok	2026-01-21
2016443	Skovorodino	53.98367	123.94014	PPLA2	05		10007	Asia/Yakutsk	2025-06-12
2016701	Shimanovsk	52.00318	127.67622	PPLA2	05		21466	Asia/Yakutsk	2025-06-12
2016708	Shilka	51.85136	116.02854	PPLA2	93		14132	Asia/Chita	2025-06-12
2016757	Shelopugino	51.65215	117.56234	PPLA2	93		3416	Asia/Chita	2026-01-18
2016764	Shelekhov	52.21591	104.09934	PPLA2	20		47459	Asia/Irkutsk	2025-02-18
2016910	Severobaykal’sk	55.63826	109.32709	PPLA2	11		25800	Asia/Irkutsk	2025-06-12
2016942	Seryshevo	51.09398	128.38132	PPLA2	05		11794	Asia/Yakutsk	2025-07-16
2017215	Sangar	63.92405	127.46744	PPLA2	63		4633	Asia/Yakutsk	2024-11-12
2017409	Romny	50.71892	129.29284	PPLA2	05		3413	Asia/Yakutsk	2025-06-12
2017487	Raychikhinsk	49.79573	129.40346	PPLA2	05		23745	Asia/Yakutsk	2024-10-11
2017615	Progress	49.74529	129.67217	PPLA2	05		9820	Asia/Yakutsk	2024-10-11
2017646	Priargunsk	50.3648	119.09532	PPLA2	93		7902	Asia/Chita	2025-06-12
2017705	Poyarkovo	49.62544	128.6505	PPLA2	05		7003	Asia/Yakutsk	2025-06-12
2017824	Pokrovsk	61.47923	129.13864	PPLA2	63		9763	Asia/Yakutsk	2024-11-12
2017838	Pokrovka	43.95134	131.63848	PPLA2	59		10614	Asia/Vladivostok	2025-08-13
2017851	Pogranichnyy	44.41041	131.37847	PPLA2	59		11930	Asia/Vladivostok	2025-08-13
2017945	Petrovsk-Zabaykal’skiy	51.2758	108.84714	PPLA2	93		19713	Asia/Chita	2025-06-12
2017979	Petropavlovka	50.61213	105.32351	PPLA2	11		7582	Asia/Irkutsk	2025-05-15
2018040	Pereyaslavka	47.965	135.06356	PPLA2	30		7815	Asia/Vladivostok	2025-07-16
2018116	Partizansk	43.11992	133.12316	PPLA2	59		42489	Asia/Vladivostok	2025-10-09
2018301	Osa	53.38544	103.86948	PPLA2	20		4454	Asia/Irkutsk	2025-02-18
2018498	Olovyannaya	50.94627	115.57553	PPLA2	93		8247	Asia/Chita	2025-10-14
2018553	Ol’ga	43.74667	135.29419	PPLA2	59	2018541	4328	Asia/Vladivostok	2024-10-11
2018567	Olenyok	68.50472	112.4485	PPLA2	63	2018564	2265	Asia/Yakutsk	2025-05-08
2018719	Obluch’ye	49.01603	131.0545	PPLA2	89		7831	Asia/Vladivostok	2025-06-12
2018735	Nyurba	63.28431	118.34975	PPLA2	63	2020847	9972	Asia/Yakutsk	2024-11-12
2018888	Novopokrovka	45.85324	134.50076	PPLA2	59		3946	Asia/Vladivostok	2025-08-13
2018931	Novokiyevskiy Uval	51.65994	128.91946	PPLA2	05		0	Asia/Yakutsk	2025-06-12
2018964	Novobureyskiy	49.79988	129.87805	PPLA2	05		8550	Asia/Yakutsk	2025-06-12
2019118	Nizhniy Tsasuchey	50.51127	115.12458	PPLA2	93		3278	Asia/Chita	2025-10-14
2019167	Nizhniy Bestyakh	61.96551	129.92225	PPLA2	63		3218	Asia/Yakutsk	2024-11-12
2019309	Neryungri	56.65836	124.72499	PPL	63		66320	Asia/Yakutsk	2020-10-09
2019323	Nerchinskiy Zavod	51.30843	119.61693	PPLA2	93		3012	Asia/Chita	2025-06-12
2019326	Nerchinsk	51.97981	116.58693	PPLA2	93		15360	Asia/Chita	2025-06-12
2019488	Namtsy	62.72414	129.66606	PPLA2	63		7980	Asia/Yakutsk	2024-11-12
2019528	Nakhodka	42.8436	132.91831	PPLA2	59		146920	Asia/Vladivostok	2025-10-09
2019892	Mogoytuy	51.28758	114.93178	PPLA2	93		8420	Asia/Chita	2025-06-12
2019912	Mogocha	53.73965	119.76889	PPLA2	93		12647	Asia/Chita	2025-06-12
2020013	Mikhaylovka	43.93356	132.00895	PPLA2	59		9300	Asia/Vladivostok	2025-08-13
2020313	Mama	58.30963	112.90378	PPLA2	20		4239	Asia/Irkutsk	2025-02-18
2020591	Magdagachi	53.4524	125.80744	PPLA2	05		11739	Asia/Yakutsk	2025-06-12
2020689	Luchegorsk	46.4446	134.29342	PPLA2	59		21833	Asia/Vladivostok	2025-08-13
2020812	Lesozavodsk	45.47171	133.39827	PPLA2	59		41778	Asia/Vladivostok	2025-08-13
2020838	Lensk	60.72383	114.93447	PPLA2	63		23694	Asia/Yakutsk	2024-11-12
2020841	Leninskoye	47.94275	132.61924	PPLA2	89		6827	Asia/Vladivostok	2025-06-12
2020888	Lazo	43.38298	133.90362	PPLA2	59		3551	Asia/Vladivostok	2025-08-13
2021031	Kyren	51.68225	102.14044	PPLA2	11		5334	Asia/Irkutsk	2025-05-15
2021041	Kyra	49.57952	111.9766	PPLA2	93		4452	Asia/Chita	2026-03-10
2021066	Kyakhta	50.34956	106.451	PPLA2	11		18431	Asia/Irkutsk	2025-05-15
2021093	Kuytun	54.33886	101.50817	PPLA2	20		10566	Asia/Irkutsk	2025-02-18
2021116	Kutulik	53.35296	102.78584	PPLA2	20		5390	Asia/Irkutsk	2025-02-18
2021618	Krasnokamensk	50.09284	118.03224	PPLA2	93		54316	Asia/Chita	2025-10-14
2021799	Konstantinovka	49.62038	127.99038	PPLA2	05		5702	Asia/Yakutsk	2025-06-12
2021851	Komsomolsk-on-Amur	50.55034	137.00995	PPLA2	30		275908	Asia/Vladivostok	2022-10-07
2022003	Kizhinga	51.84851	109.9067	PPLA2	11		6459	Asia/Irkutsk	2026-01-18
2022064	Kirovskiy	45.09221	133.50145	PPLA2	59		9467	Asia/Vladivostok	2025-08-13
2022083	Kirensk	57.7756	108.11535	PPLA2	20		13308	Asia/Irkutsk	2025-02-18
2022289	Khorol’	44.42697	132.07709	PPLA2	59		11245	Asia/Vladivostok	2024-04-20
2022304	Khorinsk	52.16249	109.78008	PPLA2	11		7986	Asia/Irkutsk	2025-06-12
2022463	Khilok	51.35876	110.46165	PPLA2	93		10627	Asia/Chita	2026-01-18
2022773	Khandyga	62.65302	135.56649	PPLA2	63	2015174	6796	Asia/Vladivostok	2024-11-12
2022890	Khabarovsk	48.46204	135.0971	PPLA	30	2022887	618150	Asia/Vladivostok	2026-04-14
2023029	Kazachinskoye	56.27198	107.58186	PPLA2	20		2581	Asia/Irkutsk	2025-02-18
2023058	Kavalerovo	44.27163	135.05145	PPLA2	59		16945	Asia/Vladivostok	2025-08-13
2023094	Karymskoye	51.62679	114.33681	PPLA2	93		11901	Asia/Chita	2025-06-12
2023226	Kamen’-Rybolov	44.74007	132.04217	PPLA2	59		11489	Asia/Vladivostok	2025-08-13
2023286	Kalga	50.92506	118.89911	PPLA2	93		3573	Asia/Chita	2025-06-12
2023333	Kachug	53.96227	105.88592	PPLA2	20		6971	Asia/Irkutsk	2025-02-18
2023350	Kabansk	52.05227	106.65485	PPLA2	11		6257	Asia/Irkutsk	2025-05-15
2023377	Ivolginsk	51.74522	107.28435	PPLA2	11		7109	Asia/Irkutsk	2025-05-15
2023406	Ivanovka	50.36077	127.99719	PPLA2	05		0	Asia/Yakutsk	2024-09-12
2023469	Irkutsk	52.29566	104.29076	PPLA	20	2023464	623869	Asia/Irkutsk	2026-04-14
2023584	Imeni Poliny Osipenko	52.4242	136.48681	PPLA2	30		2479	Asia/Vladivostok	2025-07-16
2024122	Gazimurskiy Zavod	51.55017	118.32876	PPLA2	93		2358	Asia/Chita	2026-03-10
2024461	Ekimchan	53.06867	132.93974	PPLA2	05		1177	Asia/Yakutsk	2025-06-12
2024812	Dul’durga	50.67436	113.58926	PPLA2	93		6382	Asia/Chita	2025-06-12
2025241	Churapcha	61.99979	132.43298	PPLA2	63		7280	Asia/Yakutsk	2024-11-12
2025256	Chumikan	54.71818	135.31569	PPLA2	30		1305	Asia/Vladivostok	2025-07-16
2025286	Chuguyevka	44.16337	133.86625	PPLA2	59		13354	Asia/Vladivostok	2025-08-13
2025339	Chita	52.04311	113.49171	PPLA	93		349005	Asia/Chita	2026-04-14
2025458	Chernyshevsk	52.52225	117.01745	PPLA2	93		12466	Asia/Chita	2025-06-12
2025489	Chernigovka	44.3415	132.56931	PPLA2	59		13969	Asia/Vladivostok	2025-08-13
2025527	Cheremkhovo	53.14745	103.08192	PPLA2	20		57395	Asia/Irkutsk	2025-02-18
2025579	Chegdomyn	51.13057	133.00199	PPLA2	30		14855	Asia/Vladivostok	2025-07-16
2025630	Chara	56.90328	118.25899	PPLA2	93		1974	Asia/Chita	2025-06-12
2026126	Borzya	50.39138	116.53355	PPLA2	93		30421	Asia/Chita	2025-10-14
2026160	Borogontsy	62.67007	131.17309	PPLA2	63		5280	Asia/Yakutsk	2024-11-12
2026303	Bol'šoj Kamen'	43.1112	132.35021	PPLA2	59		40387	Asia/Vladivostok	2026-01-21
2026544	Bokhan	53.15265	103.77005	PPLA2	20		5387	Asia/Irkutsk	2025-02-18
2026583	Bodaybo	57.85345	114.20407	PPLA2	20		15933	Asia/Irkutsk	2025-02-18
2026609	Blagoveshchensk	50.27593	127.52637	PPLA	05		225091	Asia/Yakutsk	2026-04-14
2026643	Birobidzhan	48.793	132.92033	PPLA	89		73623	Asia/Vladivostok	2026-04-14
2026708	Bichura	50.59014	107.59773	PPLA2	11		9559	Asia/Irkutsk	2026-03-10
2026861	Berdigestyakh	62.09798	126.70205	PPLA2	63		5948	Asia/Yakutsk	2024-11-12
2026895	Belogorsk	50.91239	128.51238	PPLA2	05		67911	Asia/Yakutsk	2025-07-16
2027004	Bayanday	53.06142	105.50743	PPLA2	20		2854	Asia/Irkutsk	2025-02-18
2027042	Batagay-Alyta	67.7986	130.40363	PPLA2	63	8617246	1666	Asia/Yakutsk	2024-11-12
2027044	Batagay	67.65501	134.63821	PPLA2	63	2013462	4266	Asia/Vladivostok	2024-11-12
2027109	Barguzin	53.61696	109.6319	PPLA2	11		6052	Asia/Irkutsk	2025-06-12
2027244	Bagdarin	54.44356	113.58661	PPLA2	11		4676	Asia/Irkutsk	2025-06-12
2027316	Ayan	56.4631	138.17625	PPLA2	30		1286	Asia/Vladivostok	2024-07-10
2027456	Artëm	43.35757	132.19137	PPLA2	59		102300	Asia/Vladivostok	2025-08-13
2027468	Arsen’yev	44.15695	133.27331	PPLA2	59		58700	Asia/Vladivostok	2025-08-13
2027487	Arkhara	49.42449	130.08426	PPLA2	05		10430	Asia/Yakutsk	2025-06-12
2027596	Anuchino	43.964	133.05698	PPLA2	59		4658	Asia/Vladivostok	2025-08-13
2027667	Angarsk	52.55968	103.91413	PPLA2	20		243158	Asia/Irkutsk	2025-02-18
2027740	Amurzet	47.69447	131.09603	PPLA2	89		5213	Asia/Vladivostok	2025-06-12
2027749	Amursk	50.23221	136.89703	PPLA2	30		46993	Asia/Vladivostok	2025-07-16
2027786	Amga	60.89939	131.98175	PPLA2	63		6151	Asia/Yakutsk	2024-11-12
2027933	Aleksandrovskiy Zavod	50.92571	117.93711	PPLA2	93		2516	Asia/Chita	2025-06-12
2027968	Aldan	58.61232	125.40002	PPLA2	63	2027964	24426	Asia/Yakutsk	2024-11-12
2028028	Aksha	50.28105	113.287	PPLA2	93		3950	Asia/Chita	2025-06-12
2028078	Aginskoye	51.10754	114.54173	PPLA2	93	2028094	17496	Asia/Chita	2025-06-12
2051523	Bratsk	56.1325	101.61417	PPLA2	20	11749372	256600	Asia/Irkutsk	2022-10-08
2055166	Sayansk	54.11287	102.17773	PPLA2	20		43949	Asia/Irkutsk	2025-02-18
2056752	Khabarovsk Vtoroy	48.43787	135.12994	PPLX	30		578303	Asia/Vladivostok	2025-01-10
2118647	Vilyuchinsk	52.93196	158.40585	PPLA2	92		25204	Asia/Kamchatka	2024-12-11
2119283	Zyryanka	65.73539	150.89387	PPLA2	63	2119872	3627	Asia/Magadan	2024-11-12
2119441	Yuzhno-Sakhalinsk	46.9543	142.73559	PPLA	64		198973	Asia/Sakhalin	2026-04-14
2119538	Yelizovo	53.18936	158.38282	PPLA2	92		40692	Asia/Kamchatka	2024-12-12
2119626	Yagodnoye	62.52725	149.62502	PPLA2	44		3921	Asia/Magadan	2025-06-12
2119932	Vanino	49.09821	140.25207	PPLA2	30		18618	Asia/Vladivostok	2025-07-16
2120047	Ust’-Omchug	61.13672	149.63259	PPLA2	44		4515	Asia/Magadan	2025-06-12
2120048	Ust-Nera	64.56968	143.237	PPLA2	63	2122308	9148	Asia/Magadan	2016-10-16
2120059	Ust’-Kamchatsk	56.236	162.533	PPLA2	92		0	Asia/Kamchatka	2025-07-07
2120063	Ust’-Bol’sheretsk	52.82582	156.2829	PPLA2	92	2120062	0	Asia/Kamchatka	2024-12-12
2120261	Uglegorsk	49.0799	142.06875	PPLA2	64		12669	Asia/Sakhalin	2025-06-12
2120334	Tymovskoye	50.84767	142.66256	PPLA2	64		8030	Asia/Sakhalin	2025-06-12
2120530	Tomari	47.76596	142.06551	PPLA2	64		4910	Asia/Sakhalin	2025-07-16
2120591	Tilichiki	60.42965	166.06572	PPLA2	92		1968	Asia/Kamchatka	2024-12-12
2120612	Tigil’	57.76114	158.6837	PPLA2	92		1993	Asia/Kamchatka	2024-12-12
2120864	Susuman	62.78045	148.15376	PPLA2	44		7367	Asia/Magadan	2025-07-16
2121025	Srednekolymsk	67.45588	153.70399	PPLA2	63	2121024	3459	Asia/Magadan	2024-11-12
2121052	Sovetskaya Gavan’	48.97215	140.28881	PPLA2	30		29740	Asia/Vladivostok	2024-10-11
2121114	Sobolevo	54.30051	155.94772	PPLA2	92		0	Asia/Kamchatka	2024-12-12
2121126	Smirnykh	49.74553	142.83413	PPLA2	64		7116	Asia/Sakhalin	2026-04-17
2121373	Seymchan	62.93242	152.39431	PPLA2	44		3455	Asia/Magadan	2025-08-13
2121385	Kasivobara	50.67328	156.12371	PPLA2	64		2422	Asia/Magadan	2025-06-12
2121909	Poronaysk	49.22045	143.0912	PPLA2	64		16677	Asia/Sakhalin	2025-08-13
2122090	Pevek	69.70279	170.30708	PPLA2	15		4837	Asia/Anadyr	2024-11-12
2122104	Petropavlovsk-Kamchatsky	53.06393	158.62751	PPLA	92		181216	Asia/Kamchatka	2026-04-14
2122256	Palatka	60.10135	150.93379	PPLA2	44		4534	Asia/Magadan	2025-06-12
2122262	Palana	59.08418	159.95623	PPLA2	92	2124279	3671	Asia/Kamchatka	2024-12-12
2122389	Ossora	59.24954	163.07198	PPLA2	92	undefined = Karaginskiy Rayon	2420	Asia/Kamchatka	2024-12-12
2122493	Omsukchan	62.51531	155.79406	PPLA2	44		4201	Asia/Magadan	2025-08-13
2122574	Ola	59.58032	151.29946	PPLA2	44		6347	Asia/Magadan	2025-06-12
2122614	Okha	53.59485	142.9528	PPLA2	64		26560	Asia/Sakhalin	2026-05-11
2122783	Nogliki	51.79681	143.13645	PPLA2	64		10098	Asia/Sakhalin	2025-06-12
2122843	Nikol’skoye	55.19683	165.99779	PPLA2	92		613	Asia/Kamchatka	2024-12-12
2122894	Nevel’sk	46.67956	141.85587	PPLA2	64		17000	Asia/Sakhalin	2025-06-12
2123278	Mil’kovo	54.69469	158.61884	PPLA2	92		8251	Asia/Kamchatka	2024-12-12
2123614	Makarov	48.62557	142.77863	PPLA2	64		6663	Asia/Sakhalin	2025-06-12
2123628	Magadan	59.56274	150.80211	PPLA	44		92782	Asia/Magadan	2026-04-14
2124286	Korsakov	46.63406	142.78288	PPLA2	64		35091	Asia/Sakhalin	2026-05-11
2124598	Khonuu	66.45545	143.22294	PPLA2	63	2123220	0	Asia/Magadan	2025-05-08
2124615	Kholmsk	47.04612	142.04938	PPLA2	64		32681	Asia/Sakhalin	2025-06-12
2125034	Kamenskoye	62.46778	166.20666	PPLA2	92		678	Asia/Kamchatka	2024-12-12
2125693	Evensk	61.91732	159.23302	PPLA2	44		2024	Asia/Magadan	2025-08-13
2125711	Esso	55.92736	158.70731	PPLA2	92		1965	Asia/Kamchatka	2024-12-12
2125945	Dolinsk	47.32837	142.79626	PPLA2	64		11989	Asia/Sakhalin	2025-06-12
2126123	Chokurdakh	70.61828	147.89693	PPLA2	63		2506	Asia/Magadan	2024-11-12
2126199	Cherskiy	68.75322	161.33099	PPLA2	63		3707	Asia/Magadan	2025-05-08
2126785	Belaya Gora	68.53823	146.1852	PPLA2	63	2127365	2383	Asia/Magadan	2024-11-12
2127154	Aniva	46.71576	142.53244	PPLA2	64		7963	Asia/Sakhalin	2025-06-12
2127202	Anadyr	64.73424	177.5103	PPLA	15		15604	Asia/Anadyr	2026-04-14
2127282	Aleksandrovsk-Sakhalinskiy	50.89632	142.16337	PPLA2	64		12024	Asia/Sakhalin	2025-06-12
2609894	Yantarnyy	54.87102	19.94016	PPLA2	23	825118	5527	Europe/Kaliningrad	2023-03-08
2609901	Mamonovo	54.46427	19.93801	PPLA2	23		7271	Europe/Kaliningrad	2023-03-08
4031637	Lavrentiya	65.58299	-170.99663	PPLA2	15		1242	Asia/Anadyr	2024-11-12
4031742	Egvekinot	66.32321	-179.11838	PPLA2	15	4031694	2248	Asia/Anadyr	2024-11-24
6313621	Magas	43.22257	44.77261	PPLA	19		8771	Europe/Moscow	2026-04-14
6417459	Krasnoznamensk	55.59525	37.05235	PPLA2	47		33700	Europe/Moscow	2023-07-11
6418146	Chertanovo Yuzhnoye	55.59072	37.59519	PPLX	48		142000	Europe/Moscow	2016-04-11
6418198	Belorechenskiy	52.81197	103.52386	PPLA2	20		7558	Asia/Irkutsk	2025-02-18
6418220	Orekhovo-Borisovo	55.61252	37.72639	PPLX	48		144000	Europe/Moscow	2013-04-02
6418787	Metrogorodok	55.80961	37.78739	PPLX	48		50000	Europe/Moscow	2013-04-02
6641869	Tsiolkovskiy	51.76872	128.12018	PPLA2	05		7194	Asia/Yakutsk	2026-01-21
6695754	Kogalym	62.26537	74.47906	PPL	32		57800	Asia/Yekaterinburg	2019-09-05
6853140	Lesnoy	57.6198	63.0784	PPL	71		55100	Asia/Yekaterinburg	2012-01-20
6864821	Vishnëvka	54.41235	86.39728	PPLA2	29		0	Asia/Novokuznetsk	2025-04-15
7080068	Blyasino	56.94565	28.30621	PPLA3	60		0	Europe/Moscow	2017-06-07
7496732	Krasnaya Glinka	53.7383	52.9392	PPL	55		85566	Asia/Yekaterinburg	2023-01-10
7597808	Norkino	56.6682	29.0286	PPLA3	60		0	Europe/Moscow	2017-05-08
8436165	Kurortnyy	60.16562	29.908	PPLX	42		70589	Europe/Moscow	2013-10-13
8504946	Chernaya Rechka	59.98594	30.30338	PPLX	42		56429	Europe/Moscow	2013-03-29
8504947	Untolovo	60.0122	30.20897	PPLX	42		50000	Europe/Moscow	2013-03-29
8504948	Petrogradka	59.96567	30.31154	PPLX	66		130455	Europe/Moscow	2013-06-10
8504949	Vasyl'evsky Ostrov	59.94091	30.25377	PPLX	66		203058	Europe/Moscow	2013-11-10
8504950	Parnas	60.06964	30.3487	PPLX	42		66693	Europe/Moscow	2013-03-29
8504951	Kalininskiy	59.99675	30.3899	PPLX	66		504641	Europe/Moscow	2020-02-25
8504952	Krasnogvargeisky	59.97305	30.47607	PPLX	66		337091	Europe/Moscow	2013-04-12
8504953	Admiralteisky	59.923	30.3	PPLX	66	8521318	157897	Europe/Moscow	2024-03-04
8504958	Akademicheskoe	60.01375	30.39471	PPLX	42		103304	Europe/Moscow	2013-03-29
8504959	Finlyandskiy	59.96824	30.36415	PPLX	42		72292	Europe/Moscow	2013-04-02
8504960	Centralniy	59.93111	30.36072	PPLX	66		214625	Europe/Moscow	2013-06-10
8504964	Svetlanovskiy	60.00276	30.33051	PPLX	42		85508	Europe/Moscow	2013-04-02
8505053	Vostochnoe Degunino	55.8801	37.55758	PPLA3	48	471823	95000	Europe/Moscow	2018-11-14
11152665	LMS	55.31425	37.18546	PPLA3	48	8520893	5238	Europe/Moscow	2016-05-12
11152666	Krasnaya Pahra	55.43223	37.26966	PPLA3	48	8520893	2434	Europe/Moscow	2016-05-12
11238229	Obruchevo	55.6591	37.52291	PPL	48	562221	85616	Europe/Moscow	2020-04-10
11534991	Petrovskoye	56.69755	28.645	PPLA3	60		0	Europe/Moscow	2017-05-09
12542004	Voskhod	55.97497	36.4556	PPLA2	47		0	Europe/Moscow	2023-07-13
12542005	Zvëzdnyy Gorodok	55.87794	38.11262	PPLA2	47		0	Europe/Moscow	2023-07-13
12542007	Molodëzhnyy	55.32708	36.78558	PPLA2	47		0	Europe/Moscow	2023-07-13
12575681	Tsunta	42.20093	45.93744	PPLA2	17		0	Europe/Moscow	2023-10-16
12750521	Kisilevsk	53.99623	86.64847	PPL	29		83431	Asia/Novokuznetsk	2024-04-19
13097877	Solnechnyy	55.28538	89.82829	PPLA2	91		0	Asia/Krasnoyarsk	2024-09-13
13097883	Kedrovyy	56.23573	92.32952	PPLA2	91		0	Asia/Krasnoyarsk	2024-09-13
13408681	Zainsk	55.28359	51.99865	PPLA2	73		0	Europe/Moscow	2025-09-09
13631665	gorod Solnetchnogorsk	56.18595	36.97561	PPLA2	47		62000	Europe/Moscow	2026-05-03
