{
  "type": "FeatureCollection",
  "features": [
    {
      "type": "Feature",
      "id": "supplemental-crimea",
      "properties": {
        "id": "supplemental-crimea",
        "name": "Республика Крым",
        "iso": null,
        "supplemental": true,
        "naturalEarthAdm1Code": "RUS-283",
        "naturalEarthIso": "UA-43"
      },
      "geometry": {
        "type": "Polygon",
        "coordinates": [
          [
            [
              33.628517,
              46.124935
            ],
            [
              33.660449,
              46.148184
            ],
            [
              33.671456,
              46.172951
            ],
            [
              33.661623,
              46.21017
            ],
            [
              33.67028,
              46.218106
            ],
            [
              33.715726,
              46.195743
            ],
            [
              33.755207,
              46.193372
            ],
            [
              33.801878,
              46.202706
            ],
            [
              33.846216,
              46.195705
            ],
            [
              33.892888,
              46.177037
            ],
            [
              33.944226,
              46.153701
            ],
            [
              33.990898,
              46.130365
            ],
            [
              34.025902,
              46.116364
            ],
            [
              34.067906,
              46.104696
            ],
            [
              34.105243,
              46.095361
            ],
            [
              34.161249,
              46.090694
            ],
            [
              34.20092,
              46.100028
            ],
            [
              34.235923,
              46.097695
            ],
            [
              34.273261,
              46.083693
            ],
            [
              34.301264,
              46.069692
            ],
            [
              34.333934,
              46.069692
            ],
            [
              34.361937,
              46.055691
            ],
            [
              34.378272,
              46.030021
            ],
            [
              34.392273,
              46.009019
            ],
            [
              34.410942,
              45.988017
            ],
            [
              34.434277,
              45.971682
            ],
            [
              34.464614,
              45.955347
            ],
            [
              34.504285,
              45.95068
            ],
            [
              34.52062,
              45.969348
            ],
            [
              34.529954,
              45.981016
            ],
            [
              34.569625,
              45.976349
            ],
            [
              34.599961,
              45.978683
            ],
            [
              34.641966,
              45.981016
            ],
            [
              34.688637,
              45.974015
            ],
            [
              34.735309,
              45.953013
            ],
            [
              34.763312,
              45.932011
            ],
            [
              34.784314,
              45.899341
            ],
            [
              34.784314,
              45.869004
            ],
            [
              34.784314,
              45.829334
            ],
            [
              34.788981,
              45.803664
            ],
            [
              34.809983,
              45.784996
            ],
            [
              34.870656,
              45.773328
            ],
            [
              34.917328,
              45.747658
            ],
            [
              34.952331,
              45.721989
            ],
            [
              34.975667,
              45.717322
            ],
            [
              35.001891,
              45.729003
            ],
            [
              35.044444,
              45.670071
            ],
            [
              35.332205,
              45.371243
            ],
            [
              35.480724,
              45.297797
            ],
            [
              35.517833,
              45.295478
            ],
            [
              35.694998,
              45.33039
            ],
            [
              35.715994,
              45.340562
            ],
            [
              35.743337,
              45.36107
            ],
            [
              35.747406,
              45.370754
            ],
            [
              35.748546,
              45.379706
            ],
            [
              35.75294,
              45.38642
            ],
            [
              35.767426,
              45.388983
            ],
            [
              35.772716,
              45.392279
            ],
            [
              35.788422,
              45.407457
            ],
            [
              35.791759,
              45.412299
            ],
            [
              35.794932,
              45.430569
            ],
            [
              35.803966,
              45.449164
            ],
            [
              35.817149,
              45.464057
            ],
            [
              35.833263,
              45.470893
            ],
            [
              35.857677,
              45.469428
            ],
            [
              35.860037,
              45.45954
            ],
            [
              35.852224,
              45.444159
            ],
            [
              35.846934,
              45.426256
            ],
            [
              35.854015,
              45.414008
            ],
            [
              35.871104,
              45.40412
            ],
            [
              35.946625,
              45.372138
            ],
            [
              35.986013,
              45.362738
            ],
            [
              36.022309,
              45.368109
            ],
            [
              36.051768,
              45.395209
            ],
            [
              36.065278,
              45.425482
            ],
            [
              36.068858,
              45.429999
            ],
            [
              36.096365,
              45.441962
            ],
            [
              36.117931,
              45.457099
            ],
            [
              36.137462,
              45.462063
            ],
            [
              36.252452,
              45.461493
            ],
            [
              36.267833,
              45.467231
            ],
            [
              36.284028,
              45.47663
            ],
            [
              36.299978,
              45.473334
            ],
            [
              36.307384,
              45.460924
            ],
            [
              36.298839,
              45.44302
            ],
            [
              36.311697,
              45.443508
            ],
            [
              36.321056,
              45.448391
            ],
            [
              36.329763,
              45.45425
            ],
            [
              36.340505,
              45.457261
            ],
            [
              36.35963,
              45.454495
            ],
            [
              36.391368,
              45.439643
            ],
            [
              36.411794,
              45.436225
            ],
            [
              36.470551,
              45.445787
            ],
            [
              36.490571,
              45.44302
            ],
            [
              36.51588,
              45.419745
            ],
            [
              36.53297,
              45.408922
            ],
            [
              36.548595,
              45.412299
            ],
            [
              36.566661,
              45.425198
            ],
            [
              36.583263,
              45.427395
            ],
            [
              36.598806,
              45.42121
            ],
            [
              36.613536,
              45.408881
            ],
            [
              36.631114,
              45.374742
            ],
            [
              36.638357,
              45.351264
            ],
            [
              36.63087,
              45.340562
            ],
            [
              36.598318,
              45.334296
            ],
            [
              36.586192,
              45.333808
            ],
            [
              36.57488,
              45.336086
            ],
            [
              36.545177,
              45.347398
            ],
            [
              36.521821,
              45.349921
            ],
            [
              36.502452,
              45.346869
            ],
            [
              36.489268,
              45.33633
            ],
            [
              36.484386,
              45.316392
            ],
            [
              36.487966,
              45.309312
            ],
            [
              36.494395,
              45.305243
            ],
            [
              36.497244,
              45.300727
            ],
            [
              36.490571,
              45.292182
            ],
            [
              36.482107,
              45.288804
            ],
            [
              36.459321,
              45.287746
            ],
            [
              36.450369,
              45.285346
            ],
            [
              36.437266,
              45.27204
            ],
            [
              36.426036,
              45.251532
            ],
            [
              36.417979,
              45.229926
            ],
            [
              36.409434,
              45.171129
            ],
            [
              36.408865,
              45.149482
            ],
            [
              36.414806,
              45.128363
            ],
            [
              36.442231,
              45.106513
            ],
            [
              36.455333,
              45.09162
            ],
            [
              36.45338,
              45.076483
            ],
            [
              36.440115,
              45.06745
            ],
            [
              36.367849,
              45.048774
            ],
            [
              36.278494,
              45.045844
            ],
            [
              36.267751,
              45.043687
            ],
            [
              36.257823,
              45.038967
            ],
            [
              36.253917,
              45.033189
            ],
            [
              36.24822,
              45.016099
            ],
            [
              36.244314,
              45.010972
            ],
            [
              36.22462,
              45.007514
            ],
            [
              36.135997,
              45.02143
            ],
            [
              36.079112,
              45.046373
            ],
            [
              36.079112,
              45.038967
            ],
            [
              36.047862,
              45.048774
            ],
            [
              36.025401,
              45.032904
            ],
            [
              36.008474,
              45.009752
            ],
            [
              35.993419,
              44.997992
            ],
            [
              35.91684,
              45.00141
            ],
            [
              35.847992,
              44.992418
            ],
            [
              35.82781,
              44.999213
            ],
            [
              35.819021,
              45.021552
            ],
            [
              35.812999,
              45.031643
            ],
            [
              35.783214,
              45.057522
            ],
            [
              35.771169,
              45.065619
            ],
            [
              35.706391,
              45.094672
            ],
            [
              35.634044,
              45.114691
            ],
            [
              35.590587,
              45.119859
            ],
            [
              35.547374,
              45.119696
            ],
            [
              35.506196,
              45.113511
            ],
            [
              35.469574,
              45.10102
            ],
            [
              35.416759,
              45.070868
            ],
            [
              35.408051,
              45.062486
            ],
            [
              35.405528,
              45.050971
            ],
            [
              35.400401,
              45.042873
            ],
            [
              35.397309,
              45.035061
            ],
            [
              35.400645,
              45.024644
            ],
            [
              35.406505,
              45.020087
            ],
            [
              35.435395,
              45.010972
            ],
            [
              35.435395,
              45.004828
            ],
            [
              35.42213,
              45.000434
            ],
            [
              35.389415,
              45.001939
            ],
            [
              35.374034,
              44.997992
            ],
            [
              35.362153,
              44.986558
            ],
            [
              35.360606,
              44.973578
            ],
            [
              35.367198,
              44.943345
            ],
            [
              35.319347,
              44.970038
            ],
            [
              35.315278,
              44.966051
            ],
            [
              35.304942,
              44.960924
            ],
            [
              35.298188,
              44.956366
            ],
            [
              35.273204,
              44.966986
            ],
            [
              35.256033,
              44.958686
            ],
            [
              35.233165,
              44.925686
            ],
            [
              35.215099,
              44.914374
            ],
            [
              35.171886,
              44.907172
            ],
            [
              35.154307,
              44.901109
            ],
            [
              35.129731,
              44.868598
            ],
            [
              35.108409,
              44.824937
            ],
            [
              35.080821,
              44.793769
            ],
            [
              35.037608,
              44.798774
            ],
            [
              35.027029,
              44.809394
            ],
            [
              35.017833,
              44.823188
            ],
            [
              35.005707,
              44.835191
            ],
            [
              34.986013,
              44.840277
            ],
            [
              34.952485,
              44.841539
            ],
            [
              34.942068,
              44.840277
            ],
            [
              34.930186,
              44.836127
            ],
            [
              34.922618,
              44.830878
            ],
            [
              34.916026,
              44.825344
            ],
            [
              34.907888,
              44.820502
            ],
            [
              34.889903,
              44.818101
            ],
            [
              34.857188,
              44.823717
            ],
            [
              34.842621,
              44.816718
            ],
            [
              34.826508,
              44.811835
            ],
            [
              34.757009,
              44.820502
            ],
            [
              34.720958,
              44.810981
            ],
            [
              34.650645,
              44.777289
            ],
            [
              34.613048,
              44.765204
            ],
            [
              34.533214,
              44.752916
            ],
            [
              34.500011,
              44.742621
            ],
            [
              34.475271,
              44.723619
            ],
            [
              34.474376,
              44.726386
            ],
            [
              34.474376,
              44.728909
            ],
            [
              34.473318,
              44.730292
            ],
            [
              34.469005,
              44.729804
            ],
            [
              34.429373,
              44.689643
            ],
            [
              34.424001,
              44.682685
            ],
            [
              34.414317,
              44.673774
            ],
            [
              34.380219,
              44.631334
            ],
            [
              34.341156,
              44.558498
            ],
            [
              34.331309,
              44.545478
            ],
            [
              34.322765,
              44.543524
            ],
            [
              34.300304,
              44.5456
            ],
            [
              34.286143,
              44.545396
            ],
            [
              34.275401,
              44.546373
            ],
            [
              34.271007,
              44.545478
            ],
            [
              34.266124,
              44.541938
            ],
            [
              34.265798,
              44.538967
            ],
            [
              34.266124,
              44.535834
            ],
            [
              34.26352,
              44.531887
            ],
            [
              34.242931,
              44.507473
            ],
            [
              34.229828,
              44.499905
            ],
            [
              34.182465,
              44.492825
            ],
            [
              34.170095,
              44.481635
            ],
            [
              34.160818,
              44.466457
            ],
            [
              34.147472,
              44.449897
            ],
            [
              34.136485,
              44.441962
            ],
            [
              34.10255,
              44.425116
            ],
            [
              34.088715,
              44.422024
            ],
            [
              34.065766,
              44.419623
            ],
            [
              33.957856,
              44.383002
            ],
            [
              33.937755,
              44.381049
            ],
            [
              33.914887,
              44.383775
            ],
            [
              33.852061,
              44.401516
            ],
            [
              33.83961,
              44.40119
            ],
            [
              33.818614,
              44.395982
            ],
            [
              33.807628,
              44.39468
            ],
            [
              33.741222,
              44.395901
            ],
            [
              33.729998,
              44.397974
            ],
            [
              33.765271,
              44.405987
            ],
            [
              33.766257,
              44.417823
            ],
            [
              33.785984,
              44.424727
            ],
            [
              33.852069,
              44.431632
            ],
            [
              33.843192,
              44.45629
            ],
            [
              33.805711,
              44.527307
            ],
            [
              33.777107,
              44.532239
            ],
            [
              33.769216,
              44.555911
            ],
            [
              33.729763,
              44.553938
            ],
            [
              33.712995,
              44.581555
            ],
            [
              33.750476,
              44.623968
            ],
            [
              33.70905,
              44.666381
            ],
            [
              33.625211,
              44.661449
            ],
            [
              33.611402,
              44.720629
            ],
            [
              33.689323,
              44.754165
            ],
            [
              33.674528,
              44.791646
            ],
            [
              33.61732,
              44.816304
            ],
            [
              33.580825,
              44.819263
            ],
            [
              33.570545,
              44.852465
            ],
            [
              33.598318,
              44.85932
            ],
            [
              33.609223,
              44.871731
            ],
            [
              33.616059,
              44.889106
            ],
            [
              33.619884,
              44.908637
            ],
            [
              33.61964,
              44.931464
            ],
            [
              33.608572,
              44.970608
            ],
            [
              33.605642,
              44.987454
            ],
            [
              33.602794,
              44.993394
            ],
            [
              33.585216,
              45.018459
            ],
            [
              33.581798,
              45.027493
            ],
            [
              33.57838,
              45.053209
            ],
            [
              33.562511,
              45.09394
            ],
            [
              33.537446,
              45.117377
            ],
            [
              33.469086,
              45.14883
            ],
            [
              33.413422,
              45.184516
            ],
            [
              33.396495,
              45.189765
            ],
            [
              33.355154,
              45.185736
            ],
            [
              33.317638,
              45.175482
            ],
            [
              33.282563,
              45.160549
            ],
            [
              33.259613,
              45.156073
            ],
            [
              33.24936,
              45.165595
            ],
            [
              33.240082,
              45.179633
            ],
            [
              33.218516,
              45.187445
            ],
            [
              33.173595,
              45.196601
            ],
            [
              33.158376,
              45.206773
            ],
            [
              33.123302,
              45.23786
            ],
            [
              33.098481,
              45.248114
            ],
            [
              33.090017,
              45.256659
            ],
            [
              33.078624,
              45.271674
            ],
            [
              33.069347,
              45.276557
            ],
            [
              33.051768,
              45.281643
            ],
            [
              33.043224,
              45.285346
            ],
            [
              32.976573,
              45.32567
            ],
            [
              32.940603,
              45.342515
            ],
            [
              32.899262,
              45.354234
            ],
            [
              32.750173,
              45.363349
            ],
            [
              32.728526,
              45.36107
            ],
            [
              32.712738,
              45.353176
            ],
            [
              32.677419,
              45.325995
            ],
            [
              32.663097,
              45.320136
            ],
            [
              32.591482,
              45.320136
            ],
            [
              32.57016,
              45.325181
            ],
            [
              32.535411,
              45.338039
            ],
            [
              32.512869,
              45.340562
            ],
            [
              32.48585,
              45.394924
            ],
            [
              32.481619,
              45.408881
            ],
            [
              32.495128,
              45.435533
            ],
            [
              32.525157,
              45.458157
            ],
            [
              32.643565,
              45.521674
            ],
            [
              32.663097,
              45.52558
            ],
            [
              32.686209,
              45.527004
            ],
            [
              32.704845,
              45.531073
            ],
            [
              32.72047,
              45.53734
            ],
            [
              32.734711,
              45.545396
            ],
            [
              32.743826,
              45.552883
            ],
            [
              32.749766,
              45.559638
            ],
            [
              32.757823,
              45.564643
            ],
            [
              32.77296,
              45.566555
            ],
            [
              32.783051,
              45.565375
            ],
            [
              32.802419,
              45.560248
            ],
            [
              32.813975,
              45.559068
            ],
            [
              32.827891,
              45.562405
            ],
            [
              32.829763,
              45.570217
            ],
            [
              32.826427,
              45.579413
            ],
            [
              32.82488,
              45.586982
            ],
            [
              32.826996,
              45.595526
            ],
            [
              32.83074,
              45.60102
            ],
            [
              32.837738,
              45.6081
            ],
            [
              32.868175,
              45.630072
            ],
            [
              32.936778,
              45.662502
            ],
            [
              33.163422,
              45.736274
            ],
            [
              33.176117,
              45.743109
            ],
            [
              33.181,
              45.755194
            ],
            [
              33.176443,
              45.758938
            ],
            [
              33.166759,
              45.7626
            ],
            [
              33.15919,
              45.7685
            ],
            [
              33.160655,
              45.778795
            ],
            [
              33.1692,
              45.78441
            ],
            [
              33.178559,
              45.78026
            ],
            [
              33.194835,
              45.765123
            ],
            [
              33.230154,
              45.750922
            ],
            [
              33.265391,
              45.753811
            ],
            [
              33.338145,
              45.785631
            ],
            [
              33.374278,
              45.796536
            ],
            [
              33.379649,
              45.803046
            ],
            [
              33.410004,
              45.826606
            ],
            [
              33.424978,
              45.830959
            ],
            [
              33.46697,
              45.850084
            ],
            [
              33.482188,
              45.854478
            ],
            [
              33.489513,
              45.852362
            ],
            [
              33.50766,
              45.842963
            ],
            [
              33.519867,
              45.840888
            ],
            [
              33.530121,
              45.841864
            ],
            [
              33.55421,
              45.847073
            ],
            [
              33.57838,
              45.86815
            ],
            [
              33.598643,
              45.877387
            ],
            [
              33.610199,
              45.880764
            ],
            [
              33.619884,
              45.881822
            ],
            [
              33.630382,
              45.880032
            ],
            [
              33.641612,
              45.876044
            ],
            [
              33.650564,
              45.870673
            ],
            [
              33.654063,
              45.864447
            ],
            [
              33.658946,
              45.85932
            ],
            [
              33.670177,
              45.858547
            ],
            [
              33.691661,
              45.860745
            ],
            [
              33.693126,
              45.872545
            ],
            [
              33.691091,
              45.896226
            ],
            [
              33.693533,
              45.914496
            ],
            [
              33.708669,
              45.909735
            ],
            [
              33.725271,
              45.916083
            ],
            [
              33.759451,
              45.922268
            ],
            [
              33.777029,
              45.929633
            ],
            [
              33.758637,
              45.940863
            ],
            [
              33.739594,
              45.947821
            ],
            [
              33.682465,
              45.958441
            ],
            [
              33.657237,
              45.956936
            ],
            [
              33.645844,
              45.953559
            ],
            [
              33.639008,
              45.947333
            ],
            [
              33.632009,
              45.944403
            ],
            [
              33.619884,
              45.950751
            ],
            [
              33.638438,
              45.968248
            ],
            [
              33.646821,
              45.979722
            ],
            [
              33.643565,
              45.984931
            ],
            [
              33.632009,
              45.988267
            ],
            [
              33.631114,
              45.996527
            ],
            [
              33.636485,
              46.006415
            ],
            [
              33.643565,
              46.01496
            ],
            [
              33.642263,
              46.022162
            ],
            [
              33.629568,
              46.056586
            ],
            [
              33.62794,
              46.067816
            ],
            [
              33.638845,
              46.078315
            ],
            [
              33.648448,
              46.090033
            ],
            [
              33.643565,
              46.104682
            ],
            [
              33.628517,
              46.124935
            ]
          ]
        ]
      }
    },
    {
      "type": "Feature",
      "id": "supplemental-dnr",
      "properties": {
        "id": "supplemental-dnr",
        "name": "Донецкая Народная Республика",
        "iso": null,
        "supplemental": true,
        "naturalEarthAdm1Code": "UKR-327",
        "naturalEarthIso": "UA-14"
      },
      "geometry": {
        "type": "Polygon",
        "coordinates": [
          [
            [
              39.03618,
              47.857003
            ],
            [
              38.877244,
              47.86124
            ],
            [
              38.830942,
              47.848243
            ],
            [
              38.796215,
              47.819925
            ],
            [
              38.770997,
              47.780831
            ],
            [
              38.753324,
              47.735149
            ],
            [
              38.745159,
              47.693111
            ],
            [
              38.734514,
              47.677143
            ],
            [
              38.713016,
              47.675722
            ],
            [
              38.677876,
              47.685178
            ],
            [
              38.662167,
              47.683292
            ],
            [
              38.643357,
              47.673525
            ],
            [
              38.606356,
              47.645052
            ],
            [
              38.587649,
              47.634303
            ],
            [
              38.562225,
              47.626629
            ],
            [
              38.352935,
              47.607095
            ],
            [
              38.319035,
              47.591308
            ],
            [
              38.293404,
              47.562783
            ],
            [
              38.274387,
              47.527849
            ],
            [
              38.260331,
              47.492942
            ],
            [
              38.263638,
              47.421706
            ],
            [
              38.257954,
              47.393232
            ],
            [
              38.233356,
              47.362407
            ],
            [
              38.203383,
              47.334631
            ],
            [
              38.190568,
              47.316906
            ],
            [
              38.188707,
              47.30099
            ],
            [
              38.201006,
              47.290629
            ],
            [
              38.220333,
              47.288794
            ],
            [
              38.257644,
              47.292747
            ],
            [
              38.27573,
              47.291817
            ],
            [
              38.291853,
              47.287037
            ],
            [
              38.300949,
              47.27603
            ],
            [
              38.298158,
              47.256031
            ],
            [
              38.284722,
              47.241149
            ],
            [
              38.263948,
              47.231537
            ],
            [
              38.241314,
              47.22394
            ],
            [
              38.222504,
              47.215233
            ],
            [
              38.203487,
              47.192314
            ],
            [
              38.196976,
              47.162394
            ],
            [
              38.20142,
              47.130742
            ],
            [
              38.216645,
              47.103258
            ],
            [
              38.216482,
              47.103095
            ],
            [
              38.1963,
              47.089504
            ],
            [
              38.142263,
              47.037665
            ],
            [
              38.108084,
              47.026353
            ],
            [
              38.130382,
              47.058417
            ],
            [
              38.130056,
              47.074652
            ],
            [
              38.10434,
              47.08161
            ],
            [
              38.071544,
              47.099799
            ],
            [
              38.06658,
              47.09809
            ],
            [
              38.061046,
              47.094957
            ],
            [
              38.035167,
              47.084296
            ],
            [
              38.026215,
              47.08161
            ],
            [
              37.987641,
              47.091946
            ],
            [
              37.962087,
              47.095933
            ],
            [
              37.95045,
              47.091254
            ],
            [
              37.861095,
              47.101508
            ],
            [
              37.753266,
              47.075263
            ],
            [
              37.710297,
              47.074164
            ],
            [
              37.58074,
              47.090399
            ],
            [
              37.546397,
              47.08161
            ],
            [
              37.482921,
              47.035956
            ],
            [
              37.37794,
              46.933905
            ],
            [
              37.351736,
              46.898749
            ],
            [
              37.335216,
              46.882473
            ],
            [
              37.312999,
              46.875556
            ],
            [
              37.317393,
              46.900824
            ],
            [
              37.295421,
              46.920233
            ],
            [
              37.260753,
              46.932685
            ],
            [
              37.227061,
              46.936998
            ],
            [
              37.208181,
              46.93358
            ],
            [
              37.162283,
              46.909084
            ],
            [
              37.04656,
              46.877753
            ],
            [
              37.037764,
              46.876664
            ],
            [
              37.037719,
              46.876726
            ],
            [
              37.009555,
              46.914837
            ],
            [
              37.008315,
              46.918273
            ],
            [
              37.00785,
              46.921942
            ],
            [
              37.009555,
              46.9268
            ],
            [
              37.012501,
              46.930081
            ],
            [
              37.015601,
              46.933156
            ],
            [
              37.018857,
              46.93574
            ],
            [
              37.047434,
              46.953878
            ],
            [
              37.051155,
              46.956876
            ],
            [
              37.057046,
              46.959485
            ],
            [
              37.061852,
              46.961062
            ],
            [
              37.067278,
              46.96101
            ],
            [
              37.072084,
              46.959718
            ],
            [
              37.081541,
              46.95623
            ],
            [
              37.086346,
              46.955119
            ],
            [
              37.091204,
              46.955015
            ],
            [
              37.095545,
              46.956101
            ],
            [
              37.099731,
              46.957754
            ],
            [
              37.114458,
              46.965712
            ],
            [
              37.115699,
              46.969898
            ],
            [
              37.114458,
              46.975789
            ],
            [
              37.093685,
              47.000026
            ],
            [
              37.09384,
              47.000904
            ],
            [
              37.09849,
              47.005736
            ],
            [
              37.105622,
              47.011291
            ],
            [
              37.116629,
              47.017699
            ],
            [
              37.119729,
              47.020231
            ],
            [
              37.120505,
              47.0239
            ],
            [
              37.118489,
              47.028189
            ],
            [
              37.111358,
              47.033925
            ],
            [
              37.106242,
              47.037
            ],
            [
              37.090997,
              47.043899
            ],
            [
              37.074099,
              47.05581
            ],
            [
              37.070844,
              47.057541
            ],
            [
              37.067123,
              47.058058
            ],
            [
              37.063867,
              47.05656
            ],
            [
              37.060767,
              47.054105
            ],
            [
              37.055341,
              47.047826
            ],
            [
              37.05255,
              47.045242
            ],
            [
              37.049139,
              47.044777
            ],
            [
              37.045884,
              47.046173
            ],
            [
              37.010951,
              47.065629
            ],
            [
              37.006455,
              47.069944
            ],
            [
              37.002579,
              47.076532
            ],
            [
              36.990797,
              47.106169
            ],
            [
              36.983045,
              47.117434
            ],
            [
              36.967491,
              47.135469
            ],
            [
              36.96253,
              47.139707
            ],
            [
              36.958809,
              47.141929
            ],
            [
              36.940516,
              47.149629
            ],
            [
              36.897676,
              47.162186
            ],
            [
              36.888994,
              47.166062
            ],
            [
              36.864448,
              47.182443
            ],
            [
              36.858712,
              47.187663
            ],
            [
              36.857006,
              47.19066
            ],
            [
              36.856541,
              47.193709
            ],
            [
              36.860107,
              47.197249
            ],
            [
              36.864448,
              47.199031
            ],
            [
              36.869926,
              47.199807
            ],
            [
              36.922636,
              47.202752
            ],
            [
              36.931679,
              47.204871
            ],
            [
              36.935555,
              47.206602
            ],
            [
              36.938655,
              47.209005
            ],
            [
              36.940361,
              47.212312
            ],
            [
              36.941136,
              47.215956
            ],
            [
              36.938035,
              47.241122
            ],
            [
              36.936175,
              47.24815
            ],
            [
              36.933539,
              47.253602
            ],
            [
              36.918501,
              47.275151
            ],
            [
              36.913954,
              47.283626
            ],
            [
              36.913024,
              47.293858
            ],
            [
              36.915659,
              47.29825
            ],
            [
              36.919432,
              47.301299
            ],
            [
              36.927803,
              47.304348
            ],
            [
              36.932144,
              47.305097
            ],
            [
              36.936485,
              47.305072
            ],
            [
              36.939895,
              47.303547
            ],
            [
              36.943306,
              47.301454
            ],
            [
              36.947027,
              47.299542
            ],
            [
              36.951988,
              47.298741
            ],
            [
              36.962065,
              47.298586
            ],
            [
              36.966561,
              47.29763
            ],
            [
              36.970126,
              47.295666
            ],
            [
              36.973227,
              47.293238
            ],
            [
              36.977413,
              47.291119
            ],
            [
              36.989091,
              47.288638
            ],
            [
              37.00785,
              47.286933
            ],
            [
              37.028934,
              47.287553
            ],
            [
              37.065418,
              47.296183
            ],
            [
              37.069448,
              47.298044
            ],
            [
              37.072394,
              47.300602
            ],
            [
              37.074254,
              47.304193
            ],
            [
              37.074719,
              47.307914
            ],
            [
              37.074099,
              47.318817
            ],
            [
              37.074874,
              47.322745
            ],
            [
              37.076735,
              47.326414
            ],
            [
              37.078905,
              47.330005
            ],
            [
              37.087793,
              47.339901
            ],
            [
              37.089964,
              47.34295
            ],
            [
              37.092134,
              47.346774
            ],
            [
              37.095855,
              47.355198
            ],
            [
              37.100196,
              47.362742
            ],
            [
              37.103296,
              47.36561
            ],
            [
              37.106552,
              47.368091
            ],
            [
              37.114458,
              47.371476
            ],
            [
              37.118644,
              47.372354
            ],
            [
              37.12283,
              47.372664
            ],
            [
              37.125931,
              47.372561
            ],
            [
              37.130737,
              47.371889
            ],
            [
              37.135542,
              47.370546
            ],
            [
              37.139883,
              47.368608
            ],
            [
              37.143294,
              47.366386
            ],
            [
              37.149702,
              47.361399
            ],
            [
              37.152492,
              47.35866
            ],
            [
              37.157143,
              47.353027
            ],
            [
              37.159004,
              47.350082
            ],
            [
              37.161019,
              47.34755
            ],
            [
              37.163654,
              47.345896
            ],
            [
              37.16722,
              47.346309
            ],
            [
              37.171096,
              47.347498
            ],
            [
              37.179157,
              47.350831
            ],
            [
              37.182413,
              47.353079
            ],
            [
              37.185048,
              47.355611
            ],
            [
              37.185514,
              47.359125
            ],
            [
              37.184738,
              47.362897
            ],
            [
              37.183343,
              47.367781
            ],
            [
              37.181948,
              47.375765
            ],
            [
              37.182258,
              47.379692
            ],
            [
              37.183033,
              47.383723
            ],
            [
              37.184583,
              47.387883
            ],
            [
              37.188769,
              47.395454
            ],
            [
              37.198691,
              47.409148
            ],
            [
              37.199621,
              47.413256
            ],
            [
              37.199311,
              47.422067
            ],
            [
              37.199931,
              47.425581
            ],
            [
              37.201792,
              47.429147
            ],
            [
              37.217811,
              47.448422
            ],
            [
              37.220292,
              47.451962
            ],
            [
              37.220912,
              47.455269
            ],
            [
              37.219207,
              47.458137
            ],
            [
              37.211455,
              47.459481
            ],
            [
              37.19435,
              47.459274
            ],
            [
              37.152182,
              47.463873
            ],
            [
              37.147325,
              47.463253
            ],
            [
              37.143914,
              47.461238
            ],
            [
              37.140658,
              47.45483
            ],
            [
              37.137713,
              47.452272
            ],
            [
              37.134147,
              47.450437
            ],
            [
              37.128721,
              47.451187
            ],
            [
              37.122365,
              47.454623
            ],
            [
              37.102831,
              47.475294
            ],
            [
              37.099886,
              47.477826
            ],
            [
              37.021182,
              47.524205
            ],
            [
              36.995448,
              47.547486
            ],
            [
              36.987541,
              47.552524
            ],
            [
              36.944236,
              47.570378
            ],
            [
              36.936795,
              47.571489
            ],
            [
              36.930749,
              47.57105
            ],
            [
              36.904187,
              47.557356
            ],
            [
              36.897211,
              47.552757
            ],
            [
              36.893335,
              47.550896
            ],
            [
              36.881863,
              47.555935
            ],
            [
              36.864965,
              47.566348
            ],
            [
              36.825846,
              47.595855
            ],
            [
              36.809051,
              47.60557
            ],
            [
              36.797889,
              47.610247
            ],
            [
              36.766573,
              47.601513
            ],
            [
              36.756961,
              47.600247
            ],
            [
              36.752103,
              47.601694
            ],
            [
              36.748848,
              47.605105
            ],
            [
              36.748073,
              47.61203
            ],
            [
              36.748848,
              47.617301
            ],
            [
              36.752103,
              47.626292
            ],
            [
              36.75324,
              47.630375
            ],
            [
              36.752413,
              47.633889
            ],
            [
              36.749468,
              47.636472
            ],
            [
              36.731949,
              47.63885
            ],
            [
              36.727299,
              47.640503
            ],
            [
              36.723733,
              47.644069
            ],
            [
              36.721252,
              47.648927
            ],
            [
              36.720012,
              47.657763
            ],
            [
              36.722803,
              47.661329
            ],
            [
              36.726989,
              47.663448
            ],
            [
              36.736445,
              47.665308
            ],
            [
              36.744972,
              47.668047
            ],
            [
              36.748383,
              47.669907
            ],
            [
              36.749158,
              47.672181
            ],
            [
              36.747297,
              47.67492
            ],
            [
              36.740786,
              47.67709
            ],
            [
              36.715206,
              47.681379
            ],
            [
              36.70885,
              47.685048
            ],
            [
              36.703114,
              47.690836
            ],
            [
              36.689265,
              47.715899
            ],
            [
              36.661359,
              47.757137
            ],
            [
              36.658569,
              47.763674
            ],
            [
              36.656709,
              47.778066
            ],
            [
              36.655003,
              47.784991
            ],
            [
              36.652988,
              47.787833
            ],
            [
              36.649577,
              47.789745
            ],
            [
              36.643066,
              47.789796
            ],
            [
              36.616969,
              47.78636
            ],
            [
              36.605807,
              47.786489
            ],
            [
              36.59418,
              47.78822
            ],
            [
              36.583741,
              47.791398
            ],
            [
              36.57692,
              47.803026
            ],
            [
              36.576145,
              47.844212
            ],
            [
              36.569479,
              47.867363
            ],
            [
              36.565913,
              47.870618
            ],
            [
              36.560022,
              47.874184
            ],
            [
              36.545914,
              47.876949
            ],
            [
              36.536768,
              47.880127
            ],
            [
              36.533047,
              47.883641
            ],
            [
              36.531342,
              47.887387
            ],
            [
              36.531135,
              47.891134
            ],
            [
              36.531342,
              47.895268
            ],
            [
              36.532065,
              47.899661
            ],
            [
              36.534442,
              47.905035
            ],
            [
              36.537698,
              47.908187
            ],
            [
              36.541729,
              47.910254
            ],
            [
              36.558317,
              47.910719
            ],
            [
              36.564828,
              47.91196
            ],
            [
              36.572424,
              47.91568
            ],
            [
              36.57847,
              47.917282
            ],
            [
              36.584568,
              47.918109
            ],
            [
              36.618055,
              47.918264
            ],
            [
              36.628907,
              47.919659
            ],
            [
              36.633868,
              47.921726
            ],
            [
              36.634023,
              47.924259
            ],
            [
              36.632782,
              47.927101
            ],
            [
              36.626116,
              47.935731
            ],
            [
              36.61945,
              47.948133
            ],
            [
              36.618055,
              47.951337
            ],
            [
              36.616194,
              47.954334
            ],
            [
              36.613404,
              47.957021
            ],
            [
              36.609373,
              47.959114
            ],
            [
              36.604257,
              47.960484
            ],
            [
              36.586222,
              47.962344
            ],
            [
              36.581106,
              47.965238
            ],
            [
              36.57661,
              47.970716
            ],
            [
              36.57661,
              47.982033
            ],
            [
              36.571959,
              47.99552
            ],
            [
              36.571339,
              47.999965
            ],
            [
              36.57506,
              48.05823
            ],
            [
              36.57692,
              48.067041
            ],
            [
              36.580641,
              48.07319
            ],
            [
              36.584672,
              48.07642
            ],
            [
              36.589064,
              48.078926
            ],
            [
              36.593405,
              48.080373
            ],
            [
              36.598056,
              48.081407
            ],
            [
              36.603172,
              48.082001
            ],
            [
              36.620225,
              48.08182
            ],
            [
              36.654383,
              48.087944
            ],
            [
              36.659654,
              48.08828
            ],
            [
              36.66508,
              48.088073
            ],
            [
              36.723733,
              48.075619
            ],
            [
              36.728074,
              48.073629
            ],
            [
              36.731484,
              48.071304
            ],
            [
              36.734275,
              48.068617
            ],
            [
              36.738461,
              48.059082
            ],
            [
              36.741561,
              48.056447
            ],
            [
              36.745592,
              48.054328
            ],
            [
              36.750553,
              48.052571
            ],
            [
              36.788432,
              48.04513
            ],
            [
              36.82383,
              48.033089
            ],
            [
              36.829411,
              48.032107
            ],
            [
              36.839023,
              48.034484
            ],
            [
              36.85127,
              48.039859
            ],
            [
              36.876127,
              48.053863
            ],
            [
              36.886359,
              48.061485
            ],
            [
              36.89256,
              48.067557
            ],
            [
              36.89349,
              48.071485
            ],
            [
              36.8938,
              48.075309
            ],
            [
              36.8938,
              48.079081
            ],
            [
              36.891475,
              48.093215
            ],
            [
              36.889459,
              48.099958
            ],
            [
              36.879227,
              48.118459
            ],
            [
              36.876747,
              48.124944
            ],
            [
              36.870081,
              48.152307
            ],
            [
              36.869616,
              48.156441
            ],
            [
              36.869771,
              48.16104
            ],
            [
              36.871941,
              48.167448
            ],
            [
              36.875352,
              48.170807
            ],
            [
              36.879537,
              48.173081
            ],
            [
              36.889614,
              48.174579
            ],
            [
              36.896746,
              48.176905
            ],
            [
              36.905117,
              48.180935
            ],
            [
              36.919535,
              48.190496
            ],
            [
              36.924703,
              48.19649
            ],
            [
              36.927183,
              48.201503
            ],
            [
              36.927028,
              48.20512
            ],
            [
              36.924186,
              48.215378
            ],
            [
              36.923566,
              48.218866
            ],
            [
              36.922842,
              48.222018
            ],
            [
              36.922532,
              48.225041
            ],
            [
              36.913799,
              48.263824
            ],
            [
              36.911473,
              48.270491
            ],
            [
              36.908683,
              48.276847
            ],
            [
              36.906978,
              48.28372
            ],
            [
              36.905582,
              48.294443
            ],
            [
              36.904032,
              48.297698
            ],
            [
              36.901086,
              48.300308
            ],
            [
              36.896126,
              48.302013
            ],
            [
              36.873336,
              48.30439
            ],
            [
              36.86946,
              48.305424
            ],
            [
              36.867548,
              48.307982
            ],
            [
              36.866515,
              48.311212
            ],
            [
              36.864965,
              48.314261
            ],
            [
              36.862588,
              48.316819
            ],
            [
              36.858557,
              48.318291
            ],
            [
              36.853596,
              48.318808
            ],
            [
              36.84817,
              48.318808
            ],
            [
              36.837938,
              48.317413
            ],
            [
              36.829101,
              48.314777
            ],
            [
              36.824605,
              48.313873
            ],
            [
              36.819954,
              48.314416
            ],
            [
              36.816544,
              48.316276
            ],
            [
              36.814218,
              48.319015
            ],
            [
              36.812668,
              48.322219
            ],
            [
              36.811841,
              48.325707
            ],
            [
              36.812358,
              48.330745
            ],
            [
              36.818404,
              48.352475
            ],
            [
              36.819024,
              48.357436
            ],
            [
              36.814683,
              48.386401
            ],
            [
              36.810188,
              48.400095
            ],
            [
              36.809257,
              48.405211
            ],
            [
              36.808947,
              48.413143
            ],
            [
              36.811428,
              48.417174
            ],
            [
              36.815149,
              48.419732
            ],
            [
              36.838248,
              48.426812
            ],
            [
              36.842744,
              48.429551
            ],
            [
              36.84724,
              48.433969
            ],
            [
              36.846154,
              48.436837
            ],
            [
              36.837938,
              48.441746
            ],
            [
              36.834992,
              48.445493
            ],
            [
              36.835457,
              48.476344
            ],
            [
              36.838248,
              48.480219
            ],
            [
              36.841814,
              48.482984
            ],
            [
              36.851425,
              48.486576
            ],
            [
              36.856541,
              48.489444
            ],
            [
              36.858557,
              48.492673
            ],
            [
              36.858402,
              48.495645
            ],
            [
              36.857472,
              48.498177
            ],
            [
              36.856386,
              48.500296
            ],
            [
              36.854991,
              48.503603
            ],
            [
              36.852666,
              48.513163
            ],
            [
              36.854216,
              48.516522
            ],
            [
              36.857472,
              48.518744
            ],
            [
              36.871166,
              48.522362
            ],
            [
              36.881863,
              48.526186
            ],
            [
              36.888684,
              48.530165
            ],
            [
              36.89101,
              48.533989
            ],
            [
              36.892095,
              48.537864
            ],
            [
              36.890544,
              48.559724
            ],
            [
              36.888684,
              48.570369
            ],
            [
              36.887444,
              48.573625
            ],
            [
              36.885584,
              48.576673
            ],
            [
              36.883103,
              48.579309
            ],
            [
              36.879072,
              48.581195
            ],
            [
              36.868169,
              48.58241
            ],
            [
              36.82445,
              48.579774
            ],
            [
              36.819179,
              48.57825
            ],
            [
              36.814063,
              48.575588
            ],
            [
              36.809567,
              48.569077
            ],
            [
              36.80719,
              48.56409
            ],
            [
              36.800059,
              48.542128
            ],
            [
              36.797889,
              48.538097
            ],
            [
              36.795098,
              48.534816
            ],
            [
              36.791377,
              48.532671
            ],
            [
              36.786882,
              48.531405
            ],
            [
              36.755411,
              48.529054
            ],
            [
              36.751173,
              48.529235
            ],
            [
              36.748538,
              48.530914
            ],
            [
              36.747297,
              48.533834
            ],
            [
              36.746677,
              48.539156
            ],
            [
              36.747142,
              48.558173
            ],
            [
              36.749313,
              48.563961
            ],
            [
              36.75324,
              48.567372
            ],
            [
              36.757736,
              48.569335
            ],
            [
              36.762542,
              48.571816
            ],
            [
              36.773084,
              48.585665
            ],
            [
              36.776495,
              48.588146
            ],
            [
              36.785176,
              48.592228
            ],
            [
              36.789827,
              48.595044
            ],
            [
              36.790602,
              48.598068
            ],
            [
              36.789982,
              48.60122
            ],
            [
              36.787192,
              48.6037
            ],
            [
              36.783316,
              48.605302
            ],
            [
              36.77851,
              48.605612
            ],
            [
              36.743267,
              48.601116
            ],
            [
              36.738306,
              48.601582
            ],
            [
              36.73443,
              48.603442
            ],
            [
              36.732105,
              48.606077
            ],
            [
              36.730399,
              48.609178
            ],
            [
              36.729314,
              48.613235
            ],
            [
              36.728694,
              48.616464
            ],
            [
              36.725438,
              48.625921
            ],
            [
              36.710866,
              48.649589
            ],
            [
              36.70854,
              48.660854
            ],
            [
              36.710555,
              48.688398
            ],
            [
              36.7104,
              48.705994
            ],
            [
              36.709315,
              48.714443
            ],
            [
              36.693296,
              48.75829
            ],
            [
              36.690505,
              48.769297
            ],
            [
              36.69004,
              48.77754
            ],
            [
              36.69252,
              48.781777
            ],
            [
              36.697016,
              48.785911
            ],
            [
              36.701719,
              48.788159
            ],
            [
              36.70699,
              48.789219
            ],
            [
              36.718307,
              48.78927
            ],
            [
              36.730554,
              48.787513
            ],
            [
              36.760682,
              48.776868
            ],
            [
              36.772929,
              48.774543
            ],
            [
              36.82042,
              48.772424
            ],
            [
              36.82538,
              48.773199
            ],
            [
              36.836543,
              48.779865
            ],
            [
              36.84693,
              48.787539
            ],
            [
              36.860882,
              48.795368
            ],
            [
              36.865585,
              48.797125
            ],
            [
              36.874887,
              48.799502
            ],
            [
              36.885118,
              48.800923
            ],
            [
              36.890855,
              48.800923
            ],
            [
              36.903102,
              48.799244
            ],
            [
              36.999168,
              48.766894
            ],
            [
              37.001494,
              48.765603
            ],
            [
              37.004439,
              48.763561
            ],
            [
              37.00878,
              48.761468
            ],
            [
              37.014361,
              48.759608
            ],
            [
              37.023818,
              48.75891
            ],
            [
              37.028934,
              48.760771
            ],
            [
              37.0325,
              48.764001
            ],
            [
              37.03374,
              48.767928
            ],
            [
              37.033637,
              48.771649
            ],
            [
              37.030949,
              48.774336
            ],
            [
              37.026609,
              48.776325
            ],
            [
              37.005214,
              48.782707
            ],
            [
              37.001804,
              48.784619
            ],
            [
              36.999943,
              48.786144
            ],
            [
              36.998393,
              48.78834
            ],
            [
              36.998083,
              48.791389
            ],
            [
              36.998238,
              48.794541
            ],
            [
              37.000874,
              48.798469
            ],
            [
              37.012656,
              48.810303
            ],
            [
              37.018547,
              48.813713
            ],
            [
              37.024593,
              48.815315
            ],
            [
              37.029864,
              48.814282
            ],
            [
              37.040923,
              48.810845
            ],
            [
              37.047589,
              48.809631
            ],
            [
              37.057356,
              48.809605
            ],
            [
              37.062782,
              48.811646
            ],
            [
              37.066348,
              48.81485
            ],
            [
              37.067743,
              48.818829
            ],
            [
              37.068828,
              48.823583
            ],
            [
              37.070378,
              48.828699
            ],
            [
              37.074409,
              48.835753
            ],
            [
              37.07875,
              48.839293
            ],
            [
              37.083556,
              48.841619
            ],
            [
              37.088724,
              48.842394
            ],
            [
              37.09446,
              48.842652
            ],
            [
              37.100041,
              48.842032
            ],
            [
              37.105157,
              48.840585
            ],
            [
              37.109032,
              48.838415
            ],
            [
              37.117404,
              48.830456
            ],
            [
              37.12066,
              48.827924
            ],
            [
              37.12438,
              48.825547
            ],
            [
              37.128876,
              48.823532
            ],
            [
              37.134147,
              48.822188
            ],
            [
              37.139883,
              48.821516
            ],
            [
              37.147635,
              48.821775
            ],
            [
              37.170476,
              48.825625
            ],
            [
              37.177142,
              48.828312
            ],
            [
              37.181173,
              48.83149
            ],
            [
              37.181483,
              48.834849
            ],
            [
              37.178227,
              48.852212
            ],
            [
              37.178847,
              48.856631
            ],
            [
              37.180708,
              48.861307
            ],
            [
              37.186134,
              48.867147
            ],
            [
              37.19187,
              48.869782
            ],
            [
              37.199828,
              48.870945
            ],
            [
              37.203962,
              48.873245
            ],
            [
              37.206959,
              48.87619
            ],
            [
              37.211145,
              48.885104
            ],
            [
              37.217036,
              48.894535
            ],
            [
              37.220912,
              48.897558
            ],
            [
              37.259049,
              48.915464
            ],
            [
              37.265922,
              48.917764
            ],
            [
              37.293517,
              48.91779
            ],
            [
              37.305144,
              48.920218
            ],
            [
              37.311036,
              48.922957
            ],
            [
              37.314343,
              48.926523
            ],
            [
              37.314446,
              48.930063
            ],
            [
              37.313413,
              48.933293
            ],
            [
              37.311656,
              48.936341
            ],
            [
              37.306385,
              48.941871
            ],
            [
              37.304214,
              48.944765
            ],
            [
              37.302974,
              48.94802
            ],
            [
              37.303439,
              48.951896
            ],
            [
              37.30592,
              48.959958
            ],
            [
              37.30592,
              48.963575
            ],
            [
              37.303439,
              48.966288
            ],
            [
              37.295068,
              48.970603
            ],
            [
              37.291967,
              48.973135
            ],
            [
              37.290727,
              48.976262
            ],
            [
              37.291812,
              48.979853
            ],
            [
              37.308555,
              48.998508
            ],
            [
              37.314343,
              49.002901
            ],
            [
              37.319614,
              49.005898
            ],
            [
              37.343488,
              49.012202
            ],
            [
              37.348759,
              49.015639
            ],
            [
              37.35186,
              49.019696
            ],
            [
              37.35248,
              49.023571
            ],
            [
              37.353875,
              49.028713
            ],
            [
              37.356821,
              49.034733
            ],
            [
              37.364107,
              49.044733
            ],
            [
              37.36943,
              49.049358
            ],
            [
              37.373771,
              49.05251
            ],
            [
              37.60125,
              49.144649
            ],
            [
              37.609622,
              49.150179
            ],
            [
              37.612413,
              49.154571
            ],
            [
              37.610397,
              49.15731
            ],
            [
              37.597013,
              49.170901
            ],
            [
              37.593912,
              49.173407
            ],
            [
              37.590192,
              49.175345
            ],
            [
              37.585076,
              49.176172
            ],
            [
              37.563372,
              49.175293
            ],
            [
              37.525493,
              49.178446
            ],
            [
              37.513866,
              49.180435
            ],
            [
              37.508595,
              49.18196
            ],
            [
              37.504874,
              49.183975
            ],
            [
              37.503479,
              49.186404
            ],
            [
              37.535311,
              49.22144
            ],
            [
              37.540996,
              49.225161
            ],
            [
              37.546939,
              49.227228
            ],
            [
              37.643108,
              49.228313
            ],
            [
              37.771163,
              49.204361
            ],
            [
              37.816948,
              49.205498
            ],
            [
              37.833846,
              49.207539
            ],
            [
              37.838962,
              49.210433
            ],
            [
              37.841908,
              49.214206
            ],
            [
              37.843303,
              49.218753
            ],
            [
              37.843923,
              49.222267
            ],
            [
              37.847334,
              49.23175
            ],
            [
              37.858806,
              49.230949
            ],
            [
              37.868108,
              49.227642
            ],
            [
              37.879786,
              49.220872
            ],
            [
              37.886143,
              49.215808
            ],
            [
              37.891724,
              49.210459
            ],
            [
              37.894979,
              49.208056
            ],
            [
              37.89963,
              49.206428
            ],
            [
              37.905366,
              49.205421
            ],
            [
              37.92366,
              49.203922
            ],
            [
              37.929396,
              49.202062
            ],
            [
              37.933633,
              49.199581
            ],
            [
              37.934047,
              49.193638
            ],
            [
              37.930843,
              49.191339
            ],
            [
              37.92583,
              49.189814
            ],
            [
              37.898235,
              49.188884
            ],
            [
              37.894049,
              49.187386
            ],
            [
              37.891259,
              49.184492
            ],
            [
              37.889088,
              49.1809
            ],
            [
              37.883507,
              49.16842
            ],
            [
              37.883662,
              49.164131
            ],
            [
              37.886608,
              49.160307
            ],
            [
              37.895289,
              49.156302
            ],
            [
              37.938749,
              49.144649
            ],
            [
              37.966189,
              49.132557
            ],
            [
              37.971305,
              49.131549
            ],
            [
              37.976576,
              49.131368
            ],
            [
              37.981227,
              49.132247
            ],
            [
              37.985413,
              49.134107
            ],
            [
              38.01151,
              49.149662
            ],
            [
              38.01585,
              49.151419
            ],
            [
              38.020656,
              49.152271
            ],
            [
              38.061791,
              49.15085
            ],
            [
              38.066752,
              49.150075
            ],
            [
              38.070472,
              49.14806
            ],
            [
              38.070162,
              49.142944
            ],
            [
              38.063186,
              49.11708
            ],
            [
              38.062256,
              49.109251
            ],
            [
              38.062411,
              49.10553
            ],
            [
              38.062876,
              49.10199
            ],
            [
              38.063341,
              49.09473
            ],
            [
              38.062101,
              49.090647
            ],
            [
              38.060241,
              49.086668
            ],
            [
              38.057605,
              49.083258
            ],
            [
              38.054504,
              49.08039
            ],
            [
              38.043911,
              49.072819
            ],
            [
              38.041017,
              49.069951
            ],
            [
              38.042671,
              49.061812
            ],
            [
              38.048613,
              49.049823
            ],
            [
              38.077604,
              49.003624
            ],
            [
              38.077759,
              49.001247
            ],
            [
              38.077759,
              48.999852
            ],
            [
              38.077294,
              48.99825
            ],
            [
              38.076054,
              48.995304
            ],
            [
              38.073728,
              48.992359
            ],
            [
              38.069852,
              48.990343
            ],
            [
              38.065356,
              48.989181
            ],
            [
              38.049233,
              48.988405
            ],
            [
              38.044841,
              48.987449
            ],
            [
              38.043187,
              48.984917
            ],
            [
              38.042567,
              48.981558
            ],
            [
              38.042257,
              48.978199
            ],
            [
              38.0405,
              48.975305
            ],
            [
              38.036314,
              48.974169
            ],
            [
              38.024687,
              48.974556
            ],
            [
              38.019571,
              48.973807
            ],
            [
              38.01585,
              48.971636
            ],
            [
              38.012905,
              48.968639
            ],
            [
              38.010424,
              48.96497
            ],
            [
              38.008564,
              48.961146
            ],
            [
              38.008099,
              48.957296
            ],
            [
              38.009959,
              48.954273
            ],
            [
              38.01585,
              48.952568
            ],
            [
              38.021432,
              48.951896
            ],
            [
              38.028253,
              48.950268
            ],
            [
              38.035229,
              48.947142
            ],
            [
              38.044841,
              48.940656
            ],
            [
              38.051249,
              48.93815
            ],
            [
              38.05776,
              48.937065
            ],
            [
              38.17119,
              48.932052
            ],
            [
              38.210102,
              48.923939
            ],
            [
              38.213409,
              48.913139
            ],
            [
              38.225037,
              48.889936
            ],
            [
              38.228137,
              48.879937
            ],
            [
              38.229533,
              48.873038
            ],
            [
              38.229533,
              48.858155
            ],
            [
              38.231083,
              48.854253
            ],
            [
              38.234804,
              48.850765
            ],
            [
              38.24333,
              48.846993
            ],
            [
              38.257283,
              48.844177
            ],
            [
              38.263174,
              48.843841
            ],
            [
              38.275163,
              48.841851
            ],
            [
              38.279504,
              48.839164
            ],
            [
              38.281519,
              48.835211
            ],
            [
              38.281054,
              48.828441
            ],
            [
              38.279349,
              48.823739
            ],
            [
              38.279504,
              48.818261
            ],
            [
              38.282759,
              48.811698
            ],
            [
              38.291751,
              48.800691
            ],
            [
              38.295782,
              48.790097
            ],
            [
              38.296557,
              48.783147
            ],
            [
              38.294852,
              48.778212
            ],
            [
              38.290201,
              48.77077
            ],
            [
              38.28462,
              48.764181
            ],
            [
              38.272372,
              48.75227
            ],
            [
              38.269737,
              48.748782
            ],
            [
              38.26798,
              48.74488
            ],
            [
              38.266946,
              48.741108
            ],
            [
              38.266636,
              48.737878
            ],
            [
              38.266429,
              48.732736
            ],
            [
              38.267566,
              48.729946
            ],
            [
              38.26953,
              48.727362
            ],
            [
              38.274388,
              48.72669
            ],
            [
              38.294076,
              48.729687
            ],
            [
              38.299347,
              48.729791
            ],
            [
              38.303843,
              48.728525
            ],
            [
              38.306479,
              48.725398
            ],
            [
              38.305394,
              48.7193
            ],
            [
              38.303068,
              48.715011
            ],
            [
              38.300123,
              48.71111
            ],
            [
              38.284154,
              48.69695
            ],
            [
              38.261469,
              48.683721
            ],
            [
              38.255422,
              48.67907
            ],
            [
              38.253872,
              48.677443
            ],
            [
              38.251857,
              48.674574
            ],
            [
              38.249996,
              48.671138
            ],
            [
              38.248911,
              48.667366
            ],
            [
              38.248756,
              48.663593
            ],
            [
              38.251392,
              48.638582
            ],
            [
              38.256043,
              48.622666
            ],
            [
              38.256353,
              48.620728
            ],
            [
              38.256198,
              48.617756
            ],
            [
              38.254027,
              48.60985
            ],
            [
              38.253717,
              48.605509
            ],
            [
              38.255613,
              48.601208
            ],
            [
              38.255732,
              48.600936
            ],
            [
              38.267876,
              48.579826
            ],
            [
              38.270047,
              48.573625
            ],
            [
              38.26984,
              48.568147
            ],
            [
              38.268186,
              48.563961
            ],
            [
              38.261779,
              48.552127
            ],
            [
              38.260383,
              48.548045
            ],
            [
              38.260073,
              48.544272
            ],
            [
              38.262244,
              48.540293
            ],
            [
              38.26674,
              48.536469
            ],
            [
              38.277178,
              48.531612
            ],
            [
              38.289891,
              48.527968
            ],
            [
              38.305238,
              48.525514
            ],
            [
              38.310354,
              48.523498
            ],
            [
              38.31392,
              48.520553
            ],
            [
              38.31485,
              48.515437
            ],
            [
              38.315005,
              48.511096
            ],
            [
              38.3133,
              48.5035
            ],
            [
              38.311905,
              48.500399
            ],
            [
              38.311285,
              48.499521
            ],
            [
              38.308649,
              48.494663
            ],
            [
              38.305394,
              48.486343
            ],
            [
              38.302603,
              48.474096
            ],
            [
              38.301983,
              48.466448
            ],
            [
              38.302138,
              48.459032
            ],
            [
              38.304885,
              48.454682
            ],
            [
              38.304928,
              48.454614
            ],
            [
              38.310199,
              48.449963
            ],
            [
              38.323687,
              48.443167
            ],
            [
              38.33242,
              48.440558
            ],
            [
              38.339862,
              48.439421
            ],
            [
              38.345288,
              48.439266
            ],
            [
              38.351024,
              48.438232
            ],
            [
              38.364201,
              48.4326
            ],
            [
              38.370092,
              48.431824
            ],
            [
              38.375363,
              48.432109
            ],
            [
              38.379601,
              48.433736
            ],
            [
              38.383115,
              48.435907
            ],
            [
              38.389678,
              48.441281
            ],
            [
              38.393398,
              48.443503
            ],
            [
              38.399135,
              48.442315
            ],
            [
              38.406266,
              48.437354
            ],
            [
              38.417118,
              48.424125
            ],
            [
              38.421149,
              48.416942
            ],
            [
              38.423629,
              48.411309
            ],
            [
              38.424559,
              48.408027
            ],
            [
              38.42611,
              48.404901
            ],
            [
              38.429985,
              48.401232
            ],
            [
              38.435721,
              48.397124
            ],
            [
              38.457012,
              48.385626
            ],
            [
              38.466779,
              48.376169
            ],
            [
              38.480577,
              48.357617
            ],
            [
              38.482747,
              48.352863
            ],
            [
              38.482747,
              48.350744
            ],
            [
              38.481972,
              48.347644
            ],
            [
              38.480422,
              48.344233
            ],
            [
              38.478096,
              48.341029
            ],
            [
              38.474841,
              48.33829
            ],
            [
              38.471275,
              48.336146
            ],
            [
              38.467244,
              48.334518
            ],
            [
              38.463213,
              48.333484
            ],
            [
              38.417583,
              48.328368
            ],
            [
              38.414637,
              48.327696
            ],
            [
              38.412002,
              48.326482
            ],
            [
              38.409832,
              48.324131
            ],
            [
              38.409677,
              48.321134
            ],
            [
              38.409987,
              48.317749
            ],
            [
              38.412932,
              48.310462
            ],
            [
              38.419133,
              48.298939
            ],
            [
              38.423629,
              48.285632
            ],
            [
              38.42673,
              48.282066
            ],
            [
              38.432311,
              48.278656
            ],
            [
              38.44523,
              48.274625
            ],
            [
              38.460888,
              48.272403
            ],
            [
              38.560985,
              48.278862
            ],
            [
              38.566256,
              48.277622
            ],
            [
              38.570752,
              48.274366
            ],
            [
              38.576488,
              48.266305
            ],
            [
              38.581139,
              48.2569
            ],
            [
              38.58424,
              48.246642
            ],
            [
              38.588735,
              48.237108
            ],
            [
              38.60429,
              48.213336
            ],
            [
              38.60584,
              48.210288
            ],
            [
              38.607184,
              48.206954
            ],
            [
              38.606564,
              48.203208
            ],
            [
              38.60367,
              48.195095
            ],
            [
              38.601499,
              48.187033
            ],
            [
              38.600983,
              48.183183
            ],
            [
              38.60367,
              48.179127
            ],
            [
              38.609251,
              48.174993
            ],
            [
              38.63049,
              48.165949
            ],
            [
              38.756167,
              48.134013
            ],
            [
              38.814045,
              48.111431
            ],
            [
              38.818075,
              48.107917
            ],
            [
              38.821176,
              48.103214
            ],
            [
              38.822726,
              48.094274
            ],
            [
              38.821331,
              48.089029
            ],
            [
              38.818851,
              48.084869
            ],
            [
              38.810014,
              48.075464
            ],
            [
              38.804898,
              48.068462
            ],
            [
              38.802727,
              48.064612
            ],
            [
              38.801177,
              48.060555
            ],
            [
              38.800247,
              48.056679
            ],
            [
              38.805363,
              48.050452
            ],
            [
              38.814975,
              48.042985
            ],
            [
              38.840141,
              48.027973
            ],
            [
              38.852699,
              48.022857
            ],
            [
              38.86231,
              48.020118
            ],
            [
              38.933676,
              48.0211
            ],
            [
              39.027107,
              48.006631
            ],
            [
              39.031292,
              48.00105
            ],
            [
              39.033773,
              47.991955
            ],
            [
              39.030982,
              47.958778
            ],
            [
              39.031292,
              47.949838
            ],
            [
              39.035788,
              47.942552
            ],
            [
              39.040129,
              47.938573
            ],
            [
              39.044935,
              47.935679
            ],
            [
              39.053668,
              47.931597
            ],
            [
              39.055012,
              47.923768
            ],
            [
              39.055529,
              47.917386
            ],
            [
              39.038114,
              47.865864
            ],
            [
              39.036253,
              47.857338
            ],
            [
              39.03618,
              47.857003
            ]
          ]
        ]
      }
    },
    {
      "type": "Feature",
      "id": "supplemental-kherson",
      "properties": {
        "id": "supplemental-kherson",
        "name": "Херсонская область",
        "iso": null,
        "supplemental": true,
        "naturalEarthAdm1Code": "UKR-4827",
        "naturalEarthIso": "UA-65"
      },
      "geometry": {
        "type": "MultiPolygon",
        "coordinates": [
          [
            [
              [
                35.001891,
                45.729003
              ],
              [
                34.975667,
                45.717322
              ],
              [
                34.952331,
                45.721989
              ],
              [
                34.917328,
                45.747658
              ],
              [
                34.870656,
                45.773328
              ],
              [
                34.809983,
                45.784996
              ],
              [
                34.788981,
                45.803664
              ],
              [
                34.784314,
                45.829334
              ],
              [
                34.784314,
                45.869004
              ],
              [
                34.784314,
                45.899341
              ],
              [
                34.763312,
                45.932011
              ],
              [
                34.735309,
                45.953013
              ],
              [
                34.688637,
                45.974015
              ],
              [
                34.641966,
                45.981016
              ],
              [
                34.599961,
                45.978683
              ],
              [
                34.569625,
                45.976349
              ],
              [
                34.529954,
                45.981016
              ],
              [
                34.52062,
                45.969348
              ],
              [
                34.504285,
                45.95068
              ],
              [
                34.464614,
                45.955347
              ],
              [
                34.434277,
                45.971682
              ],
              [
                34.410942,
                45.988017
              ],
              [
                34.392273,
                46.009019
              ],
              [
                34.378272,
                46.030021
              ],
              [
                34.361937,
                46.055691
              ],
              [
                34.333934,
                46.069692
              ],
              [
                34.301264,
                46.069692
              ],
              [
                34.273261,
                46.083693
              ],
              [
                34.235923,
                46.097695
              ],
              [
                34.20092,
                46.100028
              ],
              [
                34.161249,
                46.090694
              ],
              [
                34.105243,
                46.095361
              ],
              [
                34.067906,
                46.104696
              ],
              [
                34.025902,
                46.116364
              ],
              [
                33.990898,
                46.130365
              ],
              [
                33.944226,
                46.153701
              ],
              [
                33.892888,
                46.177037
              ],
              [
                33.846216,
                46.195705
              ],
              [
                33.801878,
                46.202706
              ],
              [
                33.755207,
                46.193372
              ],
              [
                33.715726,
                46.195743
              ],
              [
                33.67028,
                46.218106
              ],
              [
                33.661623,
                46.21017
              ],
              [
                33.671456,
                46.172951
              ],
              [
                33.660449,
                46.148184
              ],
              [
                33.628517,
                46.124935
              ],
              [
                33.613455,
                46.145209
              ],
              [
                33.596528,
                46.155748
              ],
              [
                33.571544,
                46.149359
              ],
              [
                33.549815,
                46.13642
              ],
              [
                33.532481,
                46.121527
              ],
              [
                33.531261,
                46.106879
              ],
              [
                33.557872,
                46.094713
              ],
              [
                33.557872,
                46.087307
              ],
              [
                33.531261,
                46.085924
              ],
              [
                33.505626,
                46.080268
              ],
              [
                33.495779,
                46.067857
              ],
              [
                33.516287,
                46.046332
              ],
              [
                33.506358,
                46.04682
              ],
              [
                33.485525,
                46.053168
              ],
              [
                33.423839,
                46.05329
              ],
              [
                33.415294,
                46.058092
              ],
              [
                33.384288,
                46.087592
              ],
              [
                33.357758,
                46.103827
              ],
              [
                33.331065,
                46.107489
              ],
              [
                33.310802,
                46.087307
              ],
              [
                33.305837,
                46.092353
              ],
              [
                33.301443,
                46.093655
              ],
              [
                33.296397,
                46.093573
              ],
              [
                33.290294,
                46.094713
              ],
              [
                33.306895,
                46.106147
              ],
              [
                33.317719,
                46.119696
              ],
              [
                33.315684,
                46.131008
              ],
              [
                33.293468,
                46.135688
              ],
              [
                33.21461,
                46.128241
              ],
              [
                33.221853,
                46.141506
              ],
              [
                33.225352,
                46.15412
              ],
              [
                33.235118,
                46.223822
              ],
              [
                33.211925,
                46.206285
              ],
              [
                33.194998,
                46.178697
              ],
              [
                33.175059,
                46.153144
              ],
              [
                33.14324,
                46.141913
              ],
              [
                33.135509,
                46.140692
              ],
              [
                33.122895,
                46.135891
              ],
              [
                33.112804,
                46.135688
              ],
              [
                33.103282,
                46.138373
              ],
              [
                33.081798,
                46.149359
              ],
              [
                33.023448,
                46.169867
              ],
              [
                33.032481,
                46.141018
              ],
              [
                33.01824,
                46.127672
              ],
              [
                32.913097,
                46.11518
              ],
              [
                32.899262,
                46.11522
              ],
              [
                32.891612,
                46.116685
              ],
              [
                32.88266,
                46.120673
              ],
              [
                32.87615,
                46.121405
              ],
              [
                32.853201,
                46.120347
              ],
              [
                32.844574,
                46.121405
              ],
              [
                32.789806,
                46.134345
              ],
              [
                32.766287,
                46.135688
              ],
              [
                32.751313,
                46.133043
              ],
              [
                32.714041,
                46.120063
              ],
              [
                32.588227,
                46.104397
              ],
              [
                32.57781,
                46.101549
              ],
              [
                32.567556,
                46.096584
              ],
              [
                32.551036,
                46.084296
              ],
              [
                32.543712,
                46.080471
              ],
              [
                32.503429,
                46.076117
              ],
              [
                32.302501,
                46.116685
              ],
              [
                32.280528,
                46.12759
              ],
              [
                32.267751,
                46.126614
              ],
              [
                32.262462,
                46.128241
              ],
              [
                32.260509,
                46.132148
              ],
              [
                32.257335,
                46.144965
              ],
              [
                32.255626,
                46.149359
              ],
              [
                32.25172,
                46.156887
              ],
              [
                32.247406,
                46.170722
              ],
              [
                32.241954,
                46.176663
              ],
              [
                32.260916,
                46.188625
              ],
              [
                32.266775,
                46.19481
              ],
              [
                32.269298,
                46.204576
              ],
              [
                32.239268,
                46.195258
              ],
              [
                32.213145,
                46.193061
              ],
              [
                32.187348,
                46.196723
              ],
              [
                32.142589,
                46.207994
              ],
              [
                32.128673,
                46.209703
              ],
              [
                32.115408,
                46.214545
              ],
              [
                32.077891,
                46.249498
              ],
              [
                32.050141,
                46.266059
              ],
              [
                32.018077,
                46.257514
              ],
              [
                31.968435,
                46.275702
              ],
              [
                31.885753,
                46.320014
              ],
              [
                31.884044,
                46.308661
              ],
              [
                31.88795,
                46.295152
              ],
              [
                31.889903,
                46.28384
              ],
              [
                31.882335,
                46.27912
              ],
              [
                31.819184,
                46.280585
              ],
              [
                31.801117,
                46.285061
              ],
              [
                31.785899,
                46.292385
              ],
              [
                31.772472,
                46.30268
              ],
              [
                31.767345,
                46.318183
              ],
              [
                31.779959,
                46.331773
              ],
              [
                31.799815,
                46.342231
              ],
              [
                31.816742,
                46.347968
              ],
              [
                31.837413,
                46.349555
              ],
              [
                31.892589,
                46.341132
              ],
              [
                31.968272,
                46.35106
              ],
              [
                31.977306,
                46.355292
              ],
              [
                32.029633,
                46.388983
              ],
              [
                32.041677,
                46.390855
              ],
              [
                32.055186,
                46.39057
              ],
              [
                32.06186,
                46.393785
              ],
              [
                32.053559,
                46.405992
              ],
              [
                32.007823,
                46.448961
              ],
              [
                31.99171,
                46.453559
              ],
              [
                31.9546,
                46.450995
              ],
              [
                31.910655,
                46.455878
              ],
              [
                31.816288,
                46.483006
              ],
              [
                31.816487,
                46.483106
              ],
              [
                31.816591,
                46.483158
              ],
              [
                31.851736,
                46.521959
              ],
              [
                31.861827,
                46.519273
              ],
              [
                31.947113,
                46.519273
              ],
              [
                32.033458,
                46.506293
              ],
              [
                32.091156,
                46.512844
              ],
              [
                32.111664,
                46.512437
              ],
              [
                32.221528,
                46.495429
              ],
              [
                32.276134,
                46.470893
              ],
              [
                32.317556,
                46.464342
              ],
              [
                32.361013,
                46.466864
              ],
              [
                32.399669,
                46.478339
              ],
              [
                32.427013,
                46.498847
              ],
              [
                32.408376,
                46.517279
              ],
              [
                32.43572,
                46.543158
              ],
              [
                32.505707,
                46.584133
              ],
              [
                32.52475,
                46.592719
              ],
              [
                32.570974,
                46.596422
              ],
              [
                32.58839,
                46.604315
              ],
              [
                32.60377,
                46.615709
              ],
              [
                32.619395,
                46.623521
              ],
              [
                32.6338,
                46.633124
              ],
              [
                32.645518,
                46.649604
              ],
              [
                32.621837,
                46.641791
              ],
              [
                32.594574,
                46.628323
              ],
              [
                32.567393,
                46.618476
              ],
              [
                32.543712,
                46.621731
              ],
              [
                32.409028,
                46.568915
              ],
              [
                32.335785,
                46.562161
              ],
              [
                32.269298,
                46.587592
              ],
              [
                32.253754,
                46.604722
              ],
              [
                32.24822,
                46.607408
              ],
              [
                32.236827,
                46.604438
              ],
              [
                32.220063,
                46.590725
              ],
              [
                32.210948,
                46.587592
              ],
              [
                32.199718,
                46.586493
              ],
              [
                32.180186,
                46.581773
              ],
              [
                32.169932,
                46.580756
              ],
              [
                32.146332,
                46.560248
              ],
              [
                32.132091,
                46.570299
              ],
              [
                32.117931,
                46.606879
              ],
              [
                32.101085,
                46.614895
              ],
              [
                32.039561,
                46.623481
              ],
              [
                32.022797,
                46.629136
              ],
              [
                32.008962,
                46.639797
              ],
              [
                31.992931,
                46.657416
              ],
              [
                31.979828,
                46.677069
              ],
              [
                31.974457,
                46.693996
              ],
              [
                31.970714,
                46.712877
              ],
              [
                31.964905,
                46.7221
              ],
              [
                31.965005,
                46.72242
              ],
              [
                31.966452,
                46.727019
              ],
              [
                32.016733,
                46.726192
              ],
              [
                32.032081,
                46.729706
              ],
              [
                32.039833,
                46.735546
              ],
              [
                32.057403,
                46.743917
              ],
              [
                32.065154,
                46.745855
              ],
              [
                32.071976,
                46.746785
              ],
              [
                32.077712,
                46.74632
              ],
              [
                32.082983,
                46.745235
              ],
              [
                32.099467,
                46.738233
              ],
              [
                32.11218,
                46.735236
              ],
              [
                32.123032,
                46.735339
              ],
              [
                32.154658,
                46.741669
              ],
              [
                32.171608,
                46.746708
              ],
              [
                32.178739,
                46.750971
              ],
              [
                32.185405,
                46.755803
              ],
              [
                32.188196,
                46.758619
              ],
              [
                32.197963,
                46.771616
              ],
              [
                32.207781,
                46.790374
              ],
              [
                32.210572,
                46.794818
              ],
              [
                32.214602,
                46.799314
              ],
              [
                32.222664,
                46.804973
              ],
              [
                32.22871,
                46.807583
              ],
              [
                32.234911,
                46.809288
              ],
              [
                32.248244,
                46.81089
              ],
              [
                32.259251,
                46.81058
              ],
              [
                32.317439,
                46.796214
              ],
              [
                32.343225,
                46.794586
              ],
              [
                32.351132,
                46.795749
              ],
              [
                32.356403,
                46.798152
              ],
              [
                32.358728,
                46.801433
              ],
              [
                32.3702,
                46.825876
              ],
              [
                32.374076,
                46.830656
              ],
              [
                32.381827,
                46.836573
              ],
              [
                32.389321,
                46.839519
              ],
              [
                32.422807,
                46.845771
              ],
              [
                32.444253,
                46.847115
              ],
              [
                32.449524,
                46.846495
              ],
              [
                32.454019,
                46.844996
              ],
              [
                32.457275,
                46.842619
              ],
              [
                32.461461,
                46.836754
              ],
              [
                32.463166,
                46.833679
              ],
              [
                32.469677,
                46.831354
              ],
              [
                32.479754,
                46.829855
              ],
              [
                32.514843,
                46.831715
              ],
              [
                32.522594,
                46.833137
              ],
              [
                32.527865,
                46.83585
              ],
              [
                32.530656,
                46.837839
              ],
              [
                32.533136,
                46.840604
              ],
              [
                32.534996,
                46.844221
              ],
              [
                32.536237,
                46.848691
              ],
              [
                32.536702,
                46.853471
              ],
              [
                32.536702,
                46.868302
              ],
              [
                32.538407,
                46.872746
              ],
              [
                32.542593,
                46.874219
              ],
              [
                32.547399,
                46.874245
              ],
              [
                32.551946,
                46.872798
              ],
              [
                32.554582,
                46.870344
              ],
              [
                32.557992,
                46.868018
              ],
              [
                32.562798,
                46.866468
              ],
              [
                32.571325,
                46.865874
              ],
              [
                32.575201,
                46.863626
              ],
              [
                32.582642,
                46.861584
              ],
              [
                32.592874,
                46.859827
              ],
              [
                32.632148,
                46.860809
              ],
              [
                32.640675,
                46.859621
              ],
              [
                32.64393,
                46.857269
              ],
              [
                32.647651,
                46.855177
              ],
              [
                32.652457,
                46.853471
              ],
              [
                32.675143,
                46.848459
              ],
              [
                32.679484,
                46.846495
              ],
              [
                32.683049,
                46.844195
              ],
              [
                32.68584,
                46.841586
              ],
              [
                32.692661,
                46.833059
              ],
              [
                32.695452,
                46.830372
              ],
              [
                32.698552,
                46.82784
              ],
              [
                32.701963,
                46.825773
              ],
              [
                32.705684,
                46.824274
              ],
              [
                32.708629,
                46.823757
              ],
              [
                32.719533,
                46.823551
              ],
              [
                32.772915,
                46.82846
              ],
              [
                32.822059,
                46.826961
              ],
              [
                32.828312,
                46.827943
              ],
              [
                32.832343,
                46.829726
              ],
              [
                32.836063,
                46.831767
              ],
              [
                32.914095,
                46.850732
              ],
              [
                32.931458,
                46.856959
              ],
              [
                32.94076,
                46.861946
              ],
              [
                32.938899,
                46.864427
              ],
              [
                32.934869,
                46.865098
              ],
              [
                32.924792,
                46.864582
              ],
              [
                32.919521,
                46.865098
              ],
              [
                32.910374,
                46.868561
              ],
              [
                32.903863,
                46.870059
              ],
              [
                32.849861,
                46.866597
              ],
              [
                32.826451,
                46.868044
              ],
              [
                32.818803,
                46.869646
              ],
              [
                32.814773,
                46.870989
              ],
              [
                32.811052,
                46.872902
              ],
              [
                32.807796,
                46.875304
              ],
              [
                32.806556,
                46.878689
              ],
              [
                32.807021,
                46.882255
              ],
              [
                32.811982,
                46.886983
              ],
              [
                32.816478,
                46.888844
              ],
              [
                32.91394,
                46.900032
              ],
              [
                32.924327,
                46.902719
              ],
              [
                32.946082,
                46.919617
              ],
              [
                32.95895,
                46.924966
              ],
              [
                32.999619,
                46.932536
              ],
              [
                33.010161,
                46.936179
              ],
              [
                33.015122,
                46.940055
              ],
              [
                33.014347,
                46.943336
              ],
              [
                33.012022,
                46.946127
              ],
              [
                33.009076,
                46.948556
              ],
              [
                33.00551,
                46.950209
              ],
              [
                33.001324,
                46.950959
              ],
              [
                32.965926,
                46.950985
              ],
              [
                32.96081,
                46.951734
              ],
              [
                32.957089,
                46.953568
              ],
              [
                32.954299,
                46.956049
              ],
              [
                32.952439,
                46.959149
              ],
              [
                32.951198,
                46.962483
              ],
              [
                32.949958,
                46.969743
              ],
              [
                32.949493,
                46.981138
              ],
              [
                32.951198,
                46.985659
              ],
              [
                32.954919,
                46.99062
              ],
              [
                32.965461,
                46.99739
              ],
              [
                32.971352,
                46.99956
              ],
              [
                32.974918,
                47.000232
              ],
              [
                32.976313,
                46.99956
              ],
              [
                32.980654,
                46.99615
              ],
              [
                32.985925,
                46.990827
              ],
              [
                32.991971,
                46.985815
              ],
              [
                32.998327,
                46.981939
              ],
              [
                33.025044,
                46.969924
              ],
              [
                33.026129,
                46.971629
              ],
              [
                33.026284,
                46.974291
              ],
              [
                33.026284,
                46.977598
              ],
              [
                33.027524,
                46.980595
              ],
              [
                33.028765,
                46.982611
              ],
              [
                33.031555,
                46.985659
              ],
              [
                33.049384,
                46.999767
              ],
              [
                33.057962,
                47.008656
              ],
              [
                33.060132,
                47.011911
              ],
              [
                33.061683,
                47.015322
              ],
              [
                33.061373,
                47.018629
              ],
              [
                33.059357,
                47.021471
              ],
              [
                33.013572,
                47.051082
              ],
              [
                32.956004,
                47.074982
              ],
              [
                32.950888,
                47.075938
              ],
              [
                32.945617,
                47.076067
              ],
              [
                32.930218,
                47.074801
              ],
              [
                32.925257,
                47.07537
              ],
              [
                32.921846,
                47.077333
              ],
              [
                32.919831,
                47.080124
              ],
              [
                32.918746,
                47.089064
              ],
              [
                32.91735,
                47.094077
              ],
              [
                32.915955,
                47.097022
              ],
              [
                32.915335,
                47.100123
              ],
              [
                32.915025,
                47.103533
              ],
              [
                32.91642,
                47.107047
              ],
              [
                32.918436,
                47.110355
              ],
              [
                32.936316,
                47.126891
              ],
              [
                32.96205,
                47.164434
              ],
              [
                32.971197,
                47.181229
              ],
              [
                32.976158,
                47.186784
              ],
              [
                32.980809,
                47.187921
              ],
              [
                32.984685,
                47.187017
              ],
              [
                32.995433,
                47.177534
              ],
              [
                32.998327,
                47.176656
              ],
              [
                33.021323,
                47.176242
              ],
              [
                33.035896,
                47.177947
              ],
              [
                33.043182,
                47.180066
              ],
              [
                33.04866,
                47.182624
              ],
              [
                33.077961,
                47.206266
              ],
              [
                33.083852,
                47.208928
              ],
              [
                33.089588,
                47.209935
              ],
              [
                33.094549,
                47.209057
              ],
              [
                33.107158,
                47.203837
              ],
              [
                33.112739,
                47.202545
              ],
              [
                33.120645,
                47.202442
              ],
              [
                33.124986,
                47.204561
              ],
              [
                33.127312,
                47.208127
              ],
              [
                33.128552,
                47.212209
              ],
              [
                33.130567,
                47.216576
              ],
              [
                33.136148,
                47.224327
              ],
              [
                33.136613,
                47.226885
              ],
              [
                33.134908,
                47.230968
              ],
              [
                33.113514,
                47.256857
              ],
              [
                33.107778,
                47.265746
              ],
              [
                33.106228,
                47.26895
              ],
              [
                33.105091,
                47.272412
              ],
              [
                33.104677,
                47.276004
              ],
              [
                33.104677,
                47.279905
              ],
              [
                33.106228,
                47.288277
              ],
              [
                33.111189,
                47.300421
              ],
              [
                33.12111,
                47.319283
              ],
              [
                33.123901,
                47.327344
              ],
              [
                33.124521,
                47.330961
              ],
              [
                33.124676,
                47.333726
              ],
              [
                33.123901,
                47.339333
              ],
              [
                33.122041,
                47.346103
              ],
              [
                33.120645,
                47.34941
              ],
              [
                33.099355,
                47.382379
              ],
              [
                33.096254,
                47.384912
              ],
              [
                33.092223,
                47.386643
              ],
              [
                33.087417,
                47.387392
              ],
              [
                33.053621,
                47.387599
              ],
              [
                33.047678,
                47.388581
              ],
              [
                33.042717,
                47.390079
              ],
              [
                33.038687,
                47.392043
              ],
              [
                33.034966,
                47.394265
              ],
              [
                33.032175,
                47.396952
              ],
              [
                33.02985,
                47.399846
              ],
              [
                33.028145,
                47.402895
              ],
              [
                33.026749,
                47.405892
              ],
              [
                33.026129,
                47.408734
              ],
              [
                33.027835,
                47.412145
              ],
              [
                33.0314,
                47.417003
              ],
              [
                33.047213,
                47.431291
              ],
              [
                33.05052,
                47.436097
              ],
              [
                33.052794,
                47.445063
              ],
              [
                33.055275,
                47.450644
              ],
              [
                33.058892,
                47.452194
              ],
              [
                33.061838,
                47.451316
              ],
              [
                33.064473,
                47.448861
              ],
              [
                33.07455,
                47.433617
              ],
              [
                33.079976,
                47.420672
              ],
              [
                33.081836,
                47.417571
              ],
              [
                33.085092,
                47.415272
              ],
              [
                33.090208,
                47.414031
              ],
              [
                33.095944,
                47.413437
              ],
              [
                33.115064,
                47.414496
              ],
              [
                33.124056,
                47.416383
              ],
              [
                33.128242,
                47.419018
              ],
              [
                33.130102,
                47.422584
              ],
              [
                33.129947,
                47.426201
              ],
              [
                33.128862,
                47.429612
              ],
              [
                33.125296,
                47.435761
              ],
              [
                33.123126,
                47.438603
              ],
              [
                33.121421,
                47.44173
              ],
              [
                33.120335,
                47.445218
              ],
              [
                33.120025,
                47.448939
              ],
              [
                33.12049,
                47.452944
              ],
              [
                33.123126,
                47.461315
              ],
              [
                33.124986,
                47.469713
              ],
              [
                33.125296,
                47.473769
              ],
              [
                33.124986,
                47.477309
              ],
              [
                33.124211,
                47.480461
              ],
              [
                33.123126,
                47.482813
              ],
              [
                33.12018,
                47.487334
              ],
              [
                33.11801,
                47.489944
              ],
              [
                33.112894,
                47.498186
              ],
              [
                33.111809,
                47.500305
              ],
              [
                33.111654,
                47.501132
              ],
              [
                33.111189,
                47.503096
              ],
              [
                33.110982,
                47.506093
              ],
              [
                33.112274,
                47.509865
              ],
              [
                33.11646,
                47.516583
              ],
              [
                33.118165,
                47.519994
              ],
              [
                33.11863,
                47.523715
              ],
              [
                33.1177,
                47.526918
              ],
              [
                33.115684,
                47.529709
              ],
              [
                33.109742,
                47.534205
              ],
              [
                33.094859,
                47.542731
              ],
              [
                33.091603,
                47.545212
              ],
              [
                33.089278,
                47.547977
              ],
              [
                33.088038,
                47.551361
              ],
              [
                33.087417,
                47.554875
              ],
              [
                33.086797,
                47.56242
              ],
              [
                33.087417,
                47.574202
              ],
              [
                33.089278,
                47.582858
              ],
              [
                33.165449,
                47.568518
              ],
              [
                33.170151,
                47.566813
              ],
              [
                33.184724,
                47.557769
              ],
              [
                33.193406,
                47.553919
              ],
              [
                33.267096,
                47.5433
              ],
              [
                33.283426,
                47.539321
              ],
              [
                33.293193,
                47.535652
              ],
              [
                33.296604,
                47.529451
              ],
              [
                33.300324,
                47.519632
              ],
              [
                33.30203,
                47.516531
              ],
              [
                33.304045,
                47.513586
              ],
              [
                33.306681,
                47.510795
              ],
              [
                33.313192,
                47.505964
              ],
              [
                33.322649,
                47.500305
              ],
              [
                33.333501,
                47.495732
              ],
              [
                33.339443,
                47.495086
              ],
              [
                33.3458,
                47.495292
              ],
              [
                33.352466,
                47.497902
              ],
              [
                33.355101,
                47.499323
              ],
              [
                33.356032,
                47.500383
              ],
              [
                33.356652,
                47.503612
              ],
              [
                33.357582,
                47.506765
              ],
              [
                33.359287,
                47.509865
              ],
              [
                33.362078,
                47.512552
              ],
              [
                33.365953,
                47.514361
              ],
              [
                33.370604,
                47.515498
              ],
              [
                33.476748,
                47.529916
              ],
              [
                33.485274,
                47.532732
              ],
              [
                33.488995,
                47.53498
              ],
              [
                33.491786,
                47.537615
              ],
              [
                33.493646,
                47.541026
              ],
              [
                33.493956,
                47.544695
              ],
              [
                33.493646,
                47.548364
              ],
              [
                33.491941,
                47.555392
              ],
              [
                33.491475,
                47.558725
              ],
              [
                33.492096,
                47.561903
              ],
              [
                33.494266,
                47.564151
              ],
              [
                33.497418,
                47.565443
              ],
              [
                33.503309,
                47.567123
              ],
              [
                33.562892,
                47.575365
              ],
              [
                33.569093,
                47.574616
              ],
              [
                33.57545,
                47.572807
              ],
              [
                33.583046,
                47.567614
              ],
              [
                33.586922,
                47.563712
              ],
              [
                33.588782,
                47.560043
              ],
              [
                33.588472,
                47.556942
              ],
              [
                33.586457,
                47.553945
              ],
              [
                33.578705,
                47.544592
              ],
              [
                33.57669,
                47.540974
              ],
              [
                33.575295,
                47.53759
              ],
              [
                33.575295,
                47.534282
              ],
              [
                33.579015,
                47.527616
              ],
              [
                33.582891,
                47.517927
              ],
              [
                33.584441,
                47.514723
              ],
              [
                33.588162,
                47.512191
              ],
              [
                33.594518,
                47.510795
              ],
              [
                33.617049,
                47.512346
              ],
              [
                33.624336,
                47.511622
              ],
              [
                33.630227,
                47.507643
              ],
              [
                33.633017,
                47.504413
              ],
              [
                33.634878,
                47.5017
              ],
              [
                33.640304,
                47.491313
              ],
              [
                33.642784,
                47.488523
              ],
              [
                33.654411,
                47.486818
              ],
              [
                33.752493,
                47.491003
              ],
              [
                33.87972,
                47.513741
              ],
              [
                33.901786,
                47.514464
              ],
              [
                34.058211,
                47.48072
              ],
              [
                34.157481,
                47.473898
              ],
              [
                34.203732,
                47.478394
              ],
              [
                34.230397,
                47.431472
              ],
              [
                34.280523,
                47.318817
              ],
              [
                34.290341,
                47.302074
              ],
              [
                34.292202,
                47.297785
              ],
              [
                34.293442,
                47.293806
              ],
              [
                34.294062,
                47.278768
              ],
              [
                34.295457,
                47.275073
              ],
              [
                34.298403,
                47.272102
              ],
              [
                34.304759,
                47.269777
              ],
              [
                34.31034,
                47.269363
              ],
              [
                34.315611,
                47.269906
              ],
              [
                34.324448,
                47.272464
              ],
              [
                34.33592,
                47.278251
              ],
              [
                34.340468,
                47.279802
              ],
              [
                34.353645,
                47.280784
              ],
              [
                34.359381,
                47.279698
              ],
              [
                34.373489,
                47.274427
              ],
              [
                34.378605,
                47.273342
              ],
              [
                34.384031,
                47.272903
              ],
              [
                34.389147,
                47.273497
              ],
              [
                34.393333,
                47.274892
              ],
              [
                34.396588,
                47.277399
              ],
              [
                34.400929,
                47.284814
              ],
              [
                34.403771,
                47.287967
              ],
              [
                34.409507,
                47.293444
              ],
              [
                34.411523,
                47.296958
              ],
              [
                34.412453,
                47.300782
              ],
              [
                34.414003,
                47.30471
              ],
              [
                34.416174,
                47.308017
              ],
              [
                34.419894,
                47.310239
              ],
              [
                34.428576,
                47.3129
              ],
              [
                34.496375,
                47.317577
              ],
              [
                34.500096,
                47.31706
              ],
              [
                34.503507,
                47.316001
              ],
              [
                34.506452,
                47.313908
              ],
              [
                34.508313,
                47.311144
              ],
              [
                34.506762,
                47.307087
              ],
              [
                34.504127,
                47.30471
              ],
              [
                34.500871,
                47.303108
              ],
              [
                34.486143,
                47.298741
              ],
              [
                34.482578,
                47.2967
              ],
              [
                34.479632,
                47.293858
              ],
              [
                34.477772,
                47.289982
              ],
              [
                34.476377,
                47.285745
              ],
              [
                34.475136,
                47.277476
              ],
              [
                34.475136,
                47.273678
              ],
              [
                34.476222,
                47.269518
              ],
              [
                34.479167,
                47.265746
              ],
              [
                34.485678,
                47.26125
              ],
              [
                34.500716,
                47.253705
              ],
              [
                34.503042,
                47.250785
              ],
              [
                34.504592,
                47.246522
              ],
              [
                34.504437,
                47.238667
              ],
              [
                34.502577,
                47.234378
              ],
              [
                34.500251,
                47.231794
              ],
              [
                34.495135,
                47.228694
              ],
              [
                34.492965,
                47.226032
              ],
              [
                34.491724,
                47.222338
              ],
              [
                34.491569,
                47.21872
              ],
              [
                34.49219,
                47.21518
              ],
              [
                34.500406,
                47.187818
              ],
              [
                34.500871,
                47.184304
              ],
              [
                34.500871,
                47.180738
              ],
              [
                34.497461,
                47.159938
              ],
              [
                34.497306,
                47.156011
              ],
              [
                34.497926,
                47.148569
              ],
              [
                34.499166,
                47.141412
              ],
              [
                34.503197,
                47.127925
              ],
              [
                34.504437,
                47.120793
              ],
              [
                34.506142,
                47.116969
              ],
              [
                34.509553,
                47.1133
              ],
              [
                34.518131,
                47.109735
              ],
              [
                34.531774,
                47.106427
              ],
              [
                34.53689,
                47.103947
              ],
              [
                34.540455,
                47.099709
              ],
              [
                34.556578,
                47.0524
              ],
              [
                34.557974,
                47.018526
              ],
              [
                34.559679,
                47.011601
              ],
              [
                34.562004,
                47.00819
              ],
              [
                34.56588,
                47.005271
              ],
              [
                34.574303,
                47.002584
              ],
              [
                34.587946,
                47.000491
              ],
              [
                34.589031,
                47.000103
              ],
              [
                34.592132,
                46.998243
              ],
              [
                34.595077,
                46.994832
              ],
              [
                34.597868,
                46.989794
              ],
              [
                34.600968,
                46.980233
              ],
              [
                34.603759,
                46.965557
              ],
              [
                34.605154,
                46.96225
              ],
              [
                34.60841,
                46.959201
              ],
              [
                34.614921,
                46.956669
              ],
              [
                34.639622,
                46.953103
              ],
              [
                34.644583,
                46.951553
              ],
              [
                34.648924,
                46.949693
              ],
              [
                34.660396,
                46.943026
              ],
              [
                34.669388,
                46.939435
              ],
              [
                34.717809,
                46.928505
              ],
              [
                34.721995,
                46.926542
              ],
              [
                34.72556,
                46.922873
              ],
              [
                34.729126,
                46.917447
              ],
              [
                34.74003,
                46.885407
              ],
              [
                34.742665,
                46.881842
              ],
              [
                34.746386,
                46.878431
              ],
              [
                34.753827,
                46.874659
              ],
              [
                34.759873,
                46.873418
              ],
              [
                34.771346,
                46.872514
              ],
              [
                34.776462,
                46.871274
              ],
              [
                34.780802,
                46.869413
              ],
              [
                34.784368,
                46.867217
              ],
              [
                34.788296,
                46.862204
              ],
              [
                34.79181,
                46.85497
              ],
              [
                34.796512,
                46.839544
              ],
              [
                34.796667,
                46.831741
              ],
              [
                34.794342,
                46.826935
              ],
              [
                34.790466,
                46.825152
              ],
              [
                34.764059,
                46.817349
              ],
              [
                34.754602,
                46.815567
              ],
              [
                34.750417,
                46.814042
              ],
              [
                34.747471,
                46.811717
              ],
              [
                34.745766,
                46.808461
              ],
              [
                34.744836,
                46.80474
              ],
              [
                34.744061,
                46.781796
              ],
              [
                34.742665,
                46.778334
              ],
              [
                34.74065,
                46.77544
              ],
              [
                34.733932,
                46.769342
              ],
              [
                34.731451,
                46.766396
              ],
              [
                34.729126,
                46.762779
              ],
              [
                34.723545,
                46.750635
              ],
              [
                34.721064,
                46.747379
              ],
              [
                34.717964,
                46.74477
              ],
              [
                34.714088,
                46.742935
              ],
              [
                34.705407,
                46.740274
              ],
              [
                34.697965,
                46.736321
              ],
              [
                34.692074,
                46.73061
              ],
              [
                34.689749,
                46.727226
              ],
              [
                34.686803,
                46.72428
              ],
              [
                34.683392,
                46.722187
              ],
              [
                34.678741,
                46.721076
              ],
              [
                34.673729,
                46.720327
              ],
              [
                34.646444,
                46.719888
              ],
              [
                34.641483,
                46.719164
              ],
              [
                34.637142,
                46.717924
              ],
              [
                34.633266,
                46.715831
              ],
              [
                34.630321,
                46.713428
              ],
              [
                34.627995,
                46.710482
              ],
              [
                34.627375,
                46.70702
              ],
              [
                34.627375,
                46.703532
              ],
              [
                34.629235,
                46.692809
              ],
              [
                34.631251,
                46.689037
              ],
              [
                34.635437,
                46.685781
              ],
              [
                34.645514,
                46.683094
              ],
              [
                34.651715,
                46.683327
              ],
              [
                34.657141,
                46.684386
              ],
              [
                34.661172,
                46.685626
              ],
              [
                34.667063,
                46.684386
              ],
              [
                34.684012,
                46.675291
              ],
              [
                34.691454,
                46.67281
              ],
              [
                34.69843,
                46.671208
              ],
              [
                34.721685,
                46.668986
              ],
              [
                34.727731,
                46.66648
              ],
              [
                34.732692,
                46.662294
              ],
              [
                34.738014,
                46.653587
              ],
              [
                34.742665,
                46.643923
              ],
              [
                34.744526,
                46.637205
              ],
              [
                34.744991,
                46.633588
              ],
              [
                34.744371,
                46.629867
              ],
              [
                34.742665,
                46.626302
              ],
              [
                34.739875,
                46.623227
              ],
              [
                34.730056,
                46.615863
              ],
              [
                34.72463,
                46.609817
              ],
              [
                34.72277,
                46.606277
              ],
              [
                34.72184,
                46.602634
              ],
              [
                34.72215,
                46.598991
              ],
              [
                34.72339,
                46.595709
              ],
              [
                34.72525,
                46.59266
              ],
              [
                34.729436,
                46.586924
              ],
              [
                34.753672,
                46.560388
              ],
              [
                34.755688,
                46.556823
              ],
              [
                34.757238,
                46.553283
              ],
              [
                34.759098,
                46.550182
              ],
              [
                34.762199,
                46.547237
              ],
              [
                34.767005,
                46.544989
              ],
              [
                34.776307,
                46.543748
              ],
              [
                34.81062,
                46.544679
              ],
              [
                34.857645,
                46.541733
              ],
              [
                34.862916,
                46.53995
              ],
              [
                34.866327,
                46.536798
              ],
              [
                34.866482,
                46.530597
              ],
              [
                34.864467,
                46.526669
              ],
              [
                34.861211,
                46.523646
              ],
              [
                34.8578,
                46.521605
              ],
              [
                34.8547,
                46.519228
              ],
              [
                34.853149,
                46.516179
              ],
              [
                34.852839,
                46.512588
              ],
              [
                34.853149,
                46.50233
              ],
              [
                34.85346,
                46.500935
              ],
              [
                34.85377,
                46.500159
              ],
              [
                34.858265,
                46.498454
              ],
              [
                34.871443,
                46.497653
              ],
              [
                34.918158,
                46.500831
              ],
              [
                34.923739,
                46.500314
              ],
              [
                34.924515,
                46.500004
              ],
              [
                34.946529,
                46.486
              ],
              [
                34.960171,
                46.480471
              ],
              [
                34.968905,
                46.479127
              ],
              [
                34.984098,
                46.471996
              ],
              [
                34.989679,
                46.470265
              ],
              [
                34.99495,
                46.469464
              ],
              [
                35.023372,
                46.46905
              ],
              [
                35.029418,
                46.464813
              ],
              [
                35.035309,
                46.456415
              ],
              [
                35.060114,
                46.384456
              ],
              [
                35.061044,
                46.379185
              ],
              [
                35.060269,
                46.374844
              ],
              [
                35.054688,
                46.363114
              ],
              [
                35.053292,
                46.359083
              ],
              [
                35.052672,
                46.355207
              ],
              [
                35.053292,
                46.347921
              ],
              [
                35.059028,
                46.327819
              ],
              [
                35.059493,
                46.323943
              ],
              [
                35.059648,
                46.306011
              ],
              [
                35.069312,
                46.299913
              ],
              [
                35.105056,
                46.295058
              ],
              [
                35.075043,
                46.271064
              ],
              [
                35.030772,
                46.251776
              ],
              [
                34.936046,
                46.235419
              ],
              [
                34.926524,
                46.235053
              ],
              [
                34.914073,
                46.238105
              ],
              [
                34.908051,
                46.244289
              ],
              [
                34.907237,
                46.251654
              ],
              [
                34.904796,
                46.255683
              ],
              [
                34.893565,
                46.251776
              ],
              [
                34.886567,
                46.242743
              ],
              [
                34.885427,
                46.231391
              ],
              [
                34.882172,
                46.221747
              ],
              [
                34.838878,
                46.207668
              ],
              [
                34.835134,
                46.203192
              ],
              [
                34.817638,
                46.186225
              ],
              [
                34.812266,
                46.176663
              ],
              [
                34.81129,
                46.166246
              ],
              [
                34.813243,
                46.158271
              ],
              [
                34.819102,
                46.141913
              ],
              [
                34.824229,
                46.077948
              ],
              [
                34.828949,
                46.063422
              ],
              [
                34.838552,
                46.047553
              ],
              [
                34.87436,
                45.926093
              ],
              [
                34.883474,
                45.912828
              ],
              [
                34.895193,
                45.901028
              ],
              [
                34.90504,
                45.888617
              ],
              [
                34.958181,
                45.789537
              ],
              [
                35.001891,
                45.729003
              ]
            ]
          ],
          [
            [
              [
                35.279541,
                46.255145
              ],
              [
                35.26352,
                46.242255
              ],
              [
                35.209483,
                46.169867
              ],
              [
                35.184744,
                46.145494
              ],
              [
                35.161794,
                46.128241
              ],
              [
                35.121104,
                46.118476
              ],
              [
                35.096528,
                46.104193
              ],
              [
                35.062266,
                46.098619
              ],
              [
                35.038585,
                46.086086
              ],
              [
                35.000011,
                46.073635
              ],
              [
                34.982107,
                46.077826
              ],
              [
                34.985362,
                46.08747
              ],
              [
                35.0171,
                46.112779
              ],
              [
                35.051931,
                46.128241
              ],
              [
                35.049083,
                46.132066
              ],
              [
                35.044444,
                46.141913
              ],
              [
                35.148936,
                46.16413
              ],
              [
                35.20045,
                46.18301
              ],
              [
                35.227875,
                46.221747
              ],
              [
                35.251801,
                46.24022
              ],
              [
                35.262218,
                46.25731
              ],
              [
                35.264799,
                46.260504
              ],
              [
                35.267594,
                46.259761
              ],
              [
                35.279541,
                46.255145
              ]
            ]
          ],
          [
            [
              [
                32.989268,
                46.042629
              ],
              [
                32.99936,
                46.035305
              ],
              [
                33.045095,
                46.037909
              ],
              [
                33.057465,
                46.025214
              ],
              [
                33.04005,
                46.012152
              ],
              [
                32.619395,
                46.060004
              ],
              [
                32.62672,
                46.065904
              ],
              [
                32.631358,
                46.06623
              ],
              [
                32.639334,
                46.060004
              ],
              [
                32.783214,
                46.046332
              ],
              [
                32.852061,
                46.056301
              ],
              [
                32.881684,
                46.055406
              ],
              [
                32.913585,
                46.038804
              ],
              [
                32.954845,
                46.051744
              ],
              [
                32.978689,
                46.05329
              ],
              [
                32.989268,
                46.042629
              ]
            ]
          ],
          [
            [
              [
                31.940278,
                46.204576
              ],
              [
                32.070811,
                46.18244
              ],
              [
                32.153087,
                46.155992
              ],
              [
                32.16627,
                46.149359
              ],
              [
                32.143891,
                46.152655
              ],
              [
                32.101817,
                46.166693
              ],
              [
                31.737153,
                46.220771
              ],
              [
                31.580333,
                46.262763
              ],
              [
                31.549001,
                46.282416
              ],
              [
                31.521983,
                46.313218
              ],
              [
                31.514008,
                46.329413
              ],
              [
                31.505056,
                46.354926
              ],
              [
                31.504405,
                46.373358
              ],
              [
                31.521983,
                46.368476
              ],
              [
                31.538422,
                46.325832
              ],
              [
                31.554373,
                46.296332
              ],
              [
                31.577973,
                46.27558
              ],
              [
                31.618175,
                46.259223
              ],
              [
                31.940278,
                46.204576
              ]
            ]
          ]
        ]
      }
    },
    {
      "type": "Feature",
      "id": "supplemental-lnr",
      "properties": {
        "id": "supplemental-lnr",
        "name": "Луганская Народная Республика",
        "iso": null,
        "supplemental": true,
        "naturalEarthAdm1Code": "UKR-329",
        "naturalEarthIso": "UA-09"
      },
      "geometry": {
        "type": "Polygon",
        "coordinates": [
          [
            [
              38.189844,
              50.062785
            ],
            [
              38.25382,
              50.059064
            ],
            [
              38.281208,
              50.062423
            ],
            [
              38.299915,
              50.060511
            ],
            [
              38.314074,
              50.049504
            ],
            [
              38.34415,
              49.992092
            ],
            [
              38.356036,
              49.980568
            ],
            [
              38.376293,
              49.974935
            ],
            [
              38.420114,
              49.971783
            ],
            [
              38.437788,
              49.967287
            ],
            [
              38.461145,
              49.9569
            ],
            [
              38.497526,
              49.948167
            ],
            [
              38.570183,
              49.956642
            ],
            [
              38.619482,
              49.950751
            ],
            [
              38.628887,
              49.953334
            ],
            [
              38.637776,
              49.95721
            ],
            [
              38.662167,
              49.962585
            ],
            [
              38.664647,
              49.965168
            ],
            [
              38.664337,
              49.962688
            ],
            [
              38.672812,
              49.942999
            ],
            [
              38.675603,
              49.927031
            ],
            [
              38.680977,
              49.918298
            ],
            [
              38.687282,
              49.913802
            ],
            [
              38.747846,
              49.885432
            ],
            [
              38.852233,
              49.865795
            ],
            [
              38.886339,
              49.845176
            ],
            [
              38.910524,
              49.820578
            ],
            [
              38.937395,
              49.803473
            ],
            [
              39.032273,
              49.807349
            ],
            [
              39.04912,
              49.810552
            ],
            [
              39.068344,
              49.821094
            ],
            [
              39.099866,
              49.851635
            ],
            [
              39.117126,
              49.864399
            ],
            [
              39.15578,
              49.873598
            ],
            [
              39.181006,
              49.859487
            ],
            [
              39.182755,
              49.858508
            ],
            [
              39.238049,
              49.765129
            ],
            [
              39.26089,
              49.74451
            ],
            [
              39.289932,
              49.732056
            ],
            [
              39.327656,
              49.72632
            ],
            [
              39.36724,
              49.731849
            ],
            [
              39.405997,
              49.744252
            ],
            [
              39.443618,
              49.749523
            ],
            [
              39.479895,
              49.733606
            ],
            [
              39.499118,
              49.728129
            ],
            [
              39.557513,
              49.723994
            ],
            [
              39.570432,
              49.713297
            ],
            [
              39.581594,
              49.690715
            ],
            [
              39.597407,
              49.647978
            ],
            [
              39.622935,
              49.613459
            ],
            [
              39.653321,
              49.599816
            ],
            [
              39.688667,
              49.59346
            ],
            [
              39.729182,
              49.580799
            ],
            [
              39.781065,
              49.548398
            ],
            [
              39.801529,
              49.542197
            ],
            [
              39.828711,
              49.541473
            ],
            [
              39.859406,
              49.545556
            ],
            [
              39.889379,
              49.553256
            ],
            [
              39.9147,
              49.562971
            ],
            [
              39.974025,
              49.602555
            ],
            [
              39.998106,
              49.608239
            ],
            [
              40.017743,
              49.607878
            ],
            [
              40.115515,
              49.590566
            ],
            [
              40.118504,
              49.588451
            ],
            [
              40.130708,
              49.579817
            ],
            [
              40.126057,
              49.559095
            ],
            [
              40.110657,
              49.545349
            ],
            [
              40.072003,
              49.530673
            ],
            [
              40.05433,
              49.519769
            ],
            [
              40.0349,
              49.487058
            ],
            [
              40.040894,
              49.455484
            ],
            [
              40.061978,
              49.425821
            ],
            [
              40.101355,
              49.385462
            ],
            [
              40.148071,
              49.349599
            ],
            [
              40.159543,
              49.333579
            ],
            [
              40.157166,
              49.315854
            ],
            [
              40.142697,
              49.281903
            ],
            [
              40.141663,
              49.245781
            ],
            [
              40.134015,
              49.236272
            ],
            [
              40.110244,
              49.227642
            ],
            [
              40.090917,
              49.217255
            ],
            [
              40.057741,
              49.182787
            ],
            [
              40.038414,
              49.168524
            ],
            [
              39.979606,
              49.141859
            ],
            [
              39.952114,
              49.124548
            ],
            [
              39.930927,
              49.10057
            ],
            [
              39.926069,
              49.086514
            ],
            [
              39.923382,
              49.057989
            ],
            [
              39.918731,
              49.047808
            ],
            [
              39.907259,
              49.042589
            ],
            [
              39.891342,
              49.041762
            ],
            [
              39.86199,
              49.045121
            ],
            [
              39.831501,
              49.045276
            ],
            [
              39.748922,
              49.026208
            ],
            [
              39.698279,
              49.028378
            ],
            [
              39.681123,
              49.020316
            ],
            [
              39.673991,
              48.970139
            ],
            [
              39.687531,
              48.957581
            ],
            [
              39.707788,
              48.948796
            ],
            [
              39.725978,
              48.937014
            ],
            [
              39.739414,
              48.918979
            ],
            [
              39.747372,
              48.905336
            ],
            [
              39.758741,
              48.895415
            ],
            [
              39.782305,
              48.888438
            ],
            [
              39.861887,
              48.876449
            ],
            [
              39.89651,
              48.879912
            ],
            [
              39.908189,
              48.878413
            ],
            [
              39.918628,
              48.87247
            ],
            [
              39.937644,
              48.856244
            ],
            [
              39.950357,
              48.852781
            ],
            [
              39.972268,
              48.860326
            ],
            [
              39.989941,
              48.875674
            ],
            [
              40.008855,
              48.887818
            ],
            [
              40.034279,
              48.885596
            ],
            [
              40.053813,
              48.869215
            ],
            [
              40.05278,
              48.849733
            ],
            [
              40.038724,
              48.829992
            ],
            [
              40.019603,
              48.813146
            ],
            [
              39.975265,
              48.789685
            ],
            [
              39.934957,
              48.786687
            ],
            [
              39.824163,
              48.815626
            ],
            [
              39.801219,
              48.814903
            ],
            [
              39.779411,
              48.80772
            ],
            [
              39.759361,
              48.792837
            ],
            [
              39.751196,
              48.781881
            ],
            [
              39.744478,
              48.770513
            ],
            [
              39.736313,
              48.761521
            ],
            [
              39.711405,
              48.754803
            ],
            [
              39.70293,
              48.746586
            ],
            [
              39.641849,
              48.611711
            ],
            [
              39.63172,
              48.586906
            ],
            [
              39.670271,
              48.588405
            ],
            [
              39.690114,
              48.593676
            ],
            [
              39.809177,
              48.583754
            ],
            [
              39.835325,
              48.57347
            ],
            [
              39.855066,
              48.556107
            ],
            [
              39.862714,
              48.530062
            ],
            [
              39.863851,
              48.52275
            ],
            [
              39.866124,
              48.51704
            ],
            [
              39.868501,
              48.512906
            ],
            [
              39.869535,
              48.509908
            ],
            [
              39.865401,
              48.501485
            ],
            [
              39.855996,
              48.499366
            ],
            [
              39.846694,
              48.499831
            ],
            [
              39.842146,
              48.499056
            ],
            [
              39.84473,
              48.483502
            ],
            [
              39.854342,
              48.47544
            ],
            [
              39.864781,
              48.469833
            ],
            [
              39.8962,
              48.423919
            ],
            [
              39.906845,
              48.398339
            ],
            [
              39.914493,
              48.384696
            ],
            [
              39.924105,
              48.376118
            ],
            [
              39.901471,
              48.361184
            ],
            [
              39.884108,
              48.346352
            ],
            [
              39.815895,
              48.308164
            ],
            [
              39.884831,
              48.278992
            ],
            [
              39.905192,
              48.280646
            ],
            [
              39.957385,
              48.293384
            ],
            [
              39.978882,
              48.290077
            ],
            [
              39.993248,
              48.27323
            ],
            [
              39.990665,
              48.253748
            ],
            [
              39.977642,
              48.235455
            ],
            [
              39.960485,
              48.222071
            ],
            [
              39.912633,
              48.197679
            ],
            [
              39.89372,
              48.182977
            ],
            [
              39.843077,
              48.119751
            ],
            [
              39.831191,
              48.099985
            ],
            [
              39.829021,
              48.076782
            ],
            [
              39.844317,
              48.045673
            ],
            [
              39.842973,
              48.036397
            ],
            [
              39.840286,
              48.035002
            ],
            [
              39.833568,
              48.03619
            ],
            [
              39.778791,
              48.029214
            ],
            [
              39.768146,
              48.024331
            ],
            [
              39.759878,
              48.014951
            ],
            [
              39.761945,
              48.009784
            ],
            [
              39.770109,
              48.004099
            ],
            [
              39.780238,
              47.993144
            ],
            [
              39.794397,
              47.971311
            ],
            [
              39.796154,
              47.961363
            ],
            [
              39.793984,
              47.945705
            ],
            [
              39.79047,
              47.937747
            ],
            [
              39.779825,
              47.922477
            ],
            [
              39.777034,
              47.913743
            ],
            [
              39.777551,
              47.906586
            ],
            [
              39.782098,
              47.892892
            ],
            [
              39.782925,
              47.886561
            ],
            [
              39.775587,
              47.85801
            ],
            [
              39.759051,
              47.832947
            ],
            [
              39.733833,
              47.815997
            ],
            [
              39.70076,
              47.811527
            ],
            [
              39.600611,
              47.829485
            ],
            [
              39.570018,
              47.830932
            ],
            [
              39.50935,
              47.822767
            ],
            [
              39.479895,
              47.826126
            ],
            [
              39.457054,
              47.831293
            ],
            [
              39.413956,
              47.82318
            ],
            [
              39.391631,
              47.822612
            ],
            [
              39.373545,
              47.828296
            ],
            [
              39.340058,
              47.843567
            ],
            [
              39.319698,
              47.846021
            ],
            [
              39.173557,
              47.837055
            ],
            [
              39.133249,
              47.829536
            ],
            [
              39.113509,
              47.828555
            ],
            [
              39.092942,
              47.832094
            ],
            [
              39.039095,
              47.856925
            ],
            [
              39.03618,
              47.857003
            ],
            [
              39.036253,
              47.857338
            ],
            [
              39.038114,
              47.865864
            ],
            [
              39.055529,
              47.917386
            ],
            [
              39.055012,
              47.923768
            ],
            [
              39.053668,
              47.931597
            ],
            [
              39.044935,
              47.935679
            ],
            [
              39.040129,
              47.938573
            ],
            [
              39.035788,
              47.942552
            ],
            [
              39.031292,
              47.949838
            ],
            [
              39.030982,
              47.958778
            ],
            [
              39.033773,
              47.991955
            ],
            [
              39.031292,
              48.00105
            ],
            [
              39.027107,
              48.006631
            ],
            [
              38.933676,
              48.0211
            ],
            [
              38.86231,
              48.020118
            ],
            [
              38.852699,
              48.022857
            ],
            [
              38.840141,
              48.027973
            ],
            [
              38.814975,
              48.042985
            ],
            [
              38.805363,
              48.050452
            ],
            [
              38.800247,
              48.056679
            ],
            [
              38.801177,
              48.060555
            ],
            [
              38.802727,
              48.064612
            ],
            [
              38.804898,
              48.068462
            ],
            [
              38.810014,
              48.075464
            ],
            [
              38.818851,
              48.084869
            ],
            [
              38.821331,
              48.089029
            ],
            [
              38.822726,
              48.094274
            ],
            [
              38.821176,
              48.103214
            ],
            [
              38.818075,
              48.107917
            ],
            [
              38.814045,
              48.111431
            ],
            [
              38.756167,
              48.134013
            ],
            [
              38.63049,
              48.165949
            ],
            [
              38.609251,
              48.174993
            ],
            [
              38.60367,
              48.179127
            ],
            [
              38.600983,
              48.183183
            ],
            [
              38.601499,
              48.187033
            ],
            [
              38.60367,
              48.195095
            ],
            [
              38.606564,
              48.203208
            ],
            [
              38.607184,
              48.206954
            ],
            [
              38.60584,
              48.210288
            ],
            [
              38.60429,
              48.213336
            ],
            [
              38.588735,
              48.237108
            ],
            [
              38.58424,
              48.246642
            ],
            [
              38.581139,
              48.2569
            ],
            [
              38.576488,
              48.266305
            ],
            [
              38.570752,
              48.274366
            ],
            [
              38.566256,
              48.277622
            ],
            [
              38.560985,
              48.278862
            ],
            [
              38.460888,
              48.272403
            ],
            [
              38.44523,
              48.274625
            ],
            [
              38.432311,
              48.278656
            ],
            [
              38.42673,
              48.282066
            ],
            [
              38.423629,
              48.285632
            ],
            [
              38.419133,
              48.298939
            ],
            [
              38.412932,
              48.310462
            ],
            [
              38.409987,
              48.317749
            ],
            [
              38.409677,
              48.321134
            ],
            [
              38.409832,
              48.324131
            ],
            [
              38.412002,
              48.326482
            ],
            [
              38.414637,
              48.327696
            ],
            [
              38.417583,
              48.328368
            ],
            [
              38.463213,
              48.333484
            ],
            [
              38.467244,
              48.334518
            ],
            [
              38.471275,
              48.336146
            ],
            [
              38.474841,
              48.33829
            ],
            [
              38.478096,
              48.341029
            ],
            [
              38.480422,
              48.344233
            ],
            [
              38.481972,
              48.347644
            ],
            [
              38.482747,
              48.350744
            ],
            [
              38.482747,
              48.352863
            ],
            [
              38.480577,
              48.357617
            ],
            [
              38.466779,
              48.376169
            ],
            [
              38.457012,
              48.385626
            ],
            [
              38.435721,
              48.397124
            ],
            [
              38.429985,
              48.401232
            ],
            [
              38.42611,
              48.404901
            ],
            [
              38.424559,
              48.408027
            ],
            [
              38.423629,
              48.411309
            ],
            [
              38.421149,
              48.416942
            ],
            [
              38.417118,
              48.424125
            ],
            [
              38.406266,
              48.437354
            ],
            [
              38.399135,
              48.442315
            ],
            [
              38.393398,
              48.443503
            ],
            [
              38.389678,
              48.441281
            ],
            [
              38.383115,
              48.435907
            ],
            [
              38.379601,
              48.433736
            ],
            [
              38.375363,
              48.432109
            ],
            [
              38.370092,
              48.431824
            ],
            [
              38.364201,
              48.4326
            ],
            [
              38.351024,
              48.438232
            ],
            [
              38.345288,
              48.439266
            ],
            [
              38.339862,
              48.439421
            ],
            [
              38.33242,
              48.440558
            ],
            [
              38.323687,
              48.443167
            ],
            [
              38.310199,
              48.449963
            ],
            [
              38.304928,
              48.454614
            ],
            [
              38.304885,
              48.454682
            ],
            [
              38.302138,
              48.459032
            ],
            [
              38.301983,
              48.466448
            ],
            [
              38.302603,
              48.474096
            ],
            [
              38.305394,
              48.486343
            ],
            [
              38.308649,
              48.494663
            ],
            [
              38.311285,
              48.499521
            ],
            [
              38.311905,
              48.500399
            ],
            [
              38.3133,
              48.5035
            ],
            [
              38.315005,
              48.511096
            ],
            [
              38.31485,
              48.515437
            ],
            [
              38.31392,
              48.520553
            ],
            [
              38.310354,
              48.523498
            ],
            [
              38.305238,
              48.525514
            ],
            [
              38.289891,
              48.527968
            ],
            [
              38.277178,
              48.531612
            ],
            [
              38.26674,
              48.536469
            ],
            [
              38.262244,
              48.540293
            ],
            [
              38.260073,
              48.544272
            ],
            [
              38.260383,
              48.548045
            ],
            [
              38.261779,
              48.552127
            ],
            [
              38.268186,
              48.563961
            ],
            [
              38.26984,
              48.568147
            ],
            [
              38.270047,
              48.573625
            ],
            [
              38.267876,
              48.579826
            ],
            [
              38.255732,
              48.600936
            ],
            [
              38.255613,
              48.601208
            ],
            [
              38.253717,
              48.605509
            ],
            [
              38.254027,
              48.60985
            ],
            [
              38.256198,
              48.617756
            ],
            [
              38.256353,
              48.620728
            ],
            [
              38.256043,
              48.622666
            ],
            [
              38.251392,
              48.638582
            ],
            [
              38.248756,
              48.663593
            ],
            [
              38.248911,
              48.667366
            ],
            [
              38.249996,
              48.671138
            ],
            [
              38.251857,
              48.674574
            ],
            [
              38.253872,
              48.677443
            ],
            [
              38.255422,
              48.67907
            ],
            [
              38.261469,
              48.683721
            ],
            [
              38.284154,
              48.69695
            ],
            [
              38.300123,
              48.71111
            ],
            [
              38.303068,
              48.715011
            ],
            [
              38.305394,
              48.7193
            ],
            [
              38.306479,
              48.725398
            ],
            [
              38.303843,
              48.728525
            ],
            [
              38.299347,
              48.729791
            ],
            [
              38.294076,
              48.729687
            ],
            [
              38.274388,
              48.72669
            ],
            [
              38.26953,
              48.727362
            ],
            [
              38.267566,
              48.729946
            ],
            [
              38.266429,
              48.732736
            ],
            [
              38.266636,
              48.737878
            ],
            [
              38.266946,
              48.741108
            ],
            [
              38.26798,
              48.74488
            ],
            [
              38.269737,
              48.748782
            ],
            [
              38.272372,
              48.75227
            ],
            [
              38.28462,
              48.764181
            ],
            [
              38.290201,
              48.77077
            ],
            [
              38.294852,
              48.778212
            ],
            [
              38.296557,
              48.783147
            ],
            [
              38.295782,
              48.790097
            ],
            [
              38.291751,
              48.800691
            ],
            [
              38.282759,
              48.811698
            ],
            [
              38.279504,
              48.818261
            ],
            [
              38.279349,
              48.823739
            ],
            [
              38.281054,
              48.828441
            ],
            [
              38.281519,
              48.835211
            ],
            [
              38.279504,
              48.839164
            ],
            [
              38.275163,
              48.841851
            ],
            [
              38.263174,
              48.843841
            ],
            [
              38.257283,
              48.844177
            ],
            [
              38.24333,
              48.846993
            ],
            [
              38.234804,
              48.850765
            ],
            [
              38.231083,
              48.854253
            ],
            [
              38.229533,
              48.858155
            ],
            [
              38.229533,
              48.873038
            ],
            [
              38.228137,
              48.879937
            ],
            [
              38.225037,
              48.889936
            ],
            [
              38.213409,
              48.913139
            ],
            [
              38.210102,
              48.923939
            ],
            [
              38.17119,
              48.932052
            ],
            [
              38.05776,
              48.937065
            ],
            [
              38.051249,
              48.93815
            ],
            [
              38.044841,
              48.940656
            ],
            [
              38.035229,
              48.947142
            ],
            [
              38.028253,
              48.950268
            ],
            [
              38.021432,
              48.951896
            ],
            [
              38.01585,
              48.952568
            ],
            [
              38.009959,
              48.954273
            ],
            [
              38.008099,
              48.957296
            ],
            [
              38.008564,
              48.961146
            ],
            [
              38.010424,
              48.96497
            ],
            [
              38.012905,
              48.968639
            ],
            [
              38.01585,
              48.971636
            ],
            [
              38.019571,
              48.973807
            ],
            [
              38.024687,
              48.974556
            ],
            [
              38.036314,
              48.974169
            ],
            [
              38.0405,
              48.975305
            ],
            [
              38.042257,
              48.978199
            ],
            [
              38.042567,
              48.981558
            ],
            [
              38.043187,
              48.984917
            ],
            [
              38.044841,
              48.987449
            ],
            [
              38.049233,
              48.988405
            ],
            [
              38.065356,
              48.989181
            ],
            [
              38.069852,
              48.990343
            ],
            [
              38.073728,
              48.992359
            ],
            [
              38.076054,
              48.995304
            ],
            [
              38.077294,
              48.99825
            ],
            [
              38.077759,
              48.999852
            ],
            [
              38.077759,
              49.001247
            ],
            [
              38.077604,
              49.003624
            ],
            [
              38.048613,
              49.049823
            ],
            [
              38.042671,
              49.061812
            ],
            [
              38.041017,
              49.069951
            ],
            [
              38.043911,
              49.072819
            ],
            [
              38.054504,
              49.08039
            ],
            [
              38.057605,
              49.083258
            ],
            [
              38.060241,
              49.086668
            ],
            [
              38.062101,
              49.090647
            ],
            [
              38.063341,
              49.09473
            ],
            [
              38.062876,
              49.10199
            ],
            [
              38.062411,
              49.10553
            ],
            [
              38.062256,
              49.109251
            ],
            [
              38.063186,
              49.11708
            ],
            [
              38.070162,
              49.142944
            ],
            [
              38.070472,
              49.14806
            ],
            [
              38.066752,
              49.150075
            ],
            [
              38.061791,
              49.15085
            ],
            [
              38.020656,
              49.152271
            ],
            [
              38.01585,
              49.151419
            ],
            [
              38.01151,
              49.149662
            ],
            [
              37.985413,
              49.134107
            ],
            [
              37.981227,
              49.132247
            ],
            [
              37.976576,
              49.131368
            ],
            [
              37.971305,
              49.131549
            ],
            [
              37.966189,
              49.132557
            ],
            [
              37.938749,
              49.144649
            ],
            [
              37.895289,
              49.156302
            ],
            [
              37.886608,
              49.160307
            ],
            [
              37.883662,
              49.164131
            ],
            [
              37.883507,
              49.16842
            ],
            [
              37.889088,
              49.1809
            ],
            [
              37.891259,
              49.184492
            ],
            [
              37.894049,
              49.187386
            ],
            [
              37.898235,
              49.188884
            ],
            [
              37.92583,
              49.189814
            ],
            [
              37.930843,
              49.191339
            ],
            [
              37.934047,
              49.193638
            ],
            [
              37.933633,
              49.199581
            ],
            [
              37.929396,
              49.202062
            ],
            [
              37.92366,
              49.203922
            ],
            [
              37.905366,
              49.205421
            ],
            [
              37.89963,
              49.206428
            ],
            [
              37.894979,
              49.208056
            ],
            [
              37.891724,
              49.210459
            ],
            [
              37.886143,
              49.215808
            ],
            [
              37.879786,
              49.220872
            ],
            [
              37.868108,
              49.227642
            ],
            [
              37.858806,
              49.230949
            ],
            [
              37.847334,
              49.23175
            ],
            [
              37.871518,
              49.246219
            ],
            [
              37.898235,
              49.258337
            ],
            [
              37.911257,
              49.268569
            ],
            [
              37.92614,
              49.283865
            ],
            [
              37.929086,
              49.290945
            ],
            [
              37.929602,
              49.29619
            ],
            [
              37.928156,
              49.299317
            ],
            [
              37.925675,
              49.302159
            ],
            [
              37.922574,
              49.304691
            ],
            [
              37.918699,
              49.306965
            ],
            [
              37.913583,
              49.30867
            ],
            [
              37.907692,
              49.309885
            ],
            [
              37.890173,
              49.311564
            ],
            [
              37.885057,
              49.313063
            ],
            [
              37.882422,
              49.320556
            ],
            [
              37.881647,
              49.332648
            ],
            [
              37.887073,
              49.383291
            ],
            [
              37.885678,
              49.390061
            ],
            [
              37.883197,
              49.396675
            ],
            [
              37.879786,
              49.402799
            ],
            [
              37.877306,
              49.405667
            ],
            [
              37.867177,
              49.413651
            ],
            [
              37.863612,
              49.417191
            ],
            [
              37.860666,
              49.42272
            ],
            [
              37.861596,
              49.42657
            ],
            [
              37.863767,
              49.430265
            ],
            [
              37.875859,
              49.442512
            ],
            [
              37.879941,
              49.444476
            ],
            [
              37.884437,
              49.445871
            ],
            [
              37.89963,
              49.448041
            ],
            [
              37.905056,
              49.449747
            ],
            [
              37.910482,
              49.454656
            ],
            [
              37.916838,
              49.464475
            ],
            [
              37.920559,
              49.481011
            ],
            [
              37.925675,
              49.495894
            ],
            [
              37.928672,
              49.499692
            ],
            [
              37.932496,
              49.502405
            ],
            [
              37.953322,
              49.511655
            ],
            [
              37.957973,
              49.514678
            ],
            [
              37.963244,
              49.52013
            ],
            [
              37.964484,
              49.524213
            ],
            [
              37.964174,
              49.527933
            ],
            [
              37.963089,
              49.531318
            ],
            [
              37.953167,
              49.551033
            ],
            [
              37.953167,
              49.556045
            ],
            [
              37.956888,
              49.558371
            ],
            [
              37.962314,
              49.560748
            ],
            [
              37.963864,
              49.563642
            ],
            [
              37.963244,
              49.566458
            ],
            [
              37.960763,
              49.568964
            ],
            [
              37.954097,
              49.574649
            ],
            [
              37.952237,
              49.577284
            ],
            [
              37.945881,
              49.591392
            ],
            [
              37.944485,
              49.596792
            ],
            [
              37.945726,
              49.599867
            ],
            [
              37.947121,
              49.601676
            ],
            [
              37.950531,
              49.603355
            ],
            [
              37.958903,
              49.606146
            ],
            [
              37.963709,
              49.609479
            ],
            [
              37.96836,
              49.614595
            ],
            [
              37.977352,
              49.632371
            ],
            [
              37.980762,
              49.637074
            ],
            [
              37.992906,
              49.646272
            ],
            [
              37.998332,
              49.652008
            ],
            [
              38.000348,
              49.656504
            ],
            [
              38.001123,
              49.660587
            ],
            [
              38.000968,
              49.663868
            ],
            [
              37.999727,
              49.668441
            ],
            [
              37.999262,
              49.680663
            ],
            [
              38.001123,
              49.708439
            ],
            [
              38.000658,
              49.711126
            ],
            [
              38.000192,
              49.712676
            ],
            [
              37.998332,
              49.715545
            ],
            [
              37.996007,
              49.717844
            ],
            [
              37.992906,
              49.720195
            ],
            [
              37.988204,
              49.721875
            ],
            [
              37.982933,
              49.722392
            ],
            [
              37.977662,
              49.721875
            ],
            [
              37.950686,
              49.714485
            ],
            [
              37.946036,
              49.714769
            ],
            [
              37.94216,
              49.717379
            ],
            [
              37.939369,
              49.72265
            ],
            [
              37.939989,
              49.726939
            ],
            [
              37.94216,
              49.730505
            ],
            [
              37.954252,
              49.743011
            ],
            [
              37.960918,
              49.748592
            ],
            [
              37.964484,
              49.75102
            ],
            [
              37.96867,
              49.752726
            ],
            [
              37.973941,
              49.753242
            ],
            [
              37.998022,
              49.749418
            ],
            [
              38.000968,
              49.749522
            ],
            [
              38.004843,
              49.750504
            ],
            [
              38.009339,
              49.757738
            ],
            [
              38.011355,
              49.761976
            ],
            [
              38.01368,
              49.765697
            ],
            [
              38.016471,
              49.769055
            ],
            [
              38.019726,
              49.771846
            ],
            [
              38.023447,
              49.774275
            ],
            [
              38.036624,
              49.779313
            ],
            [
              38.041017,
              49.781561
            ],
            [
              38.045151,
              49.784817
            ],
            [
              38.045358,
              49.787866
            ],
            [
              38.043497,
              49.790708
            ],
            [
              38.001588,
              49.812179
            ],
            [
              37.999727,
              49.813962
            ],
            [
              37.997557,
              49.81745
            ],
            [
              37.998487,
              49.82037
            ],
            [
              38.000037,
              49.822644
            ],
            [
              38.005308,
              49.826494
            ],
            [
              38.022827,
              49.832411
            ],
            [
              38.042671,
              49.836183
            ],
            [
              38.064736,
              49.83732
            ],
            [
              38.070472,
              49.838147
            ],
            [
              38.075433,
              49.839904
            ],
            [
              38.080084,
              49.843108
            ],
            [
              38.080859,
              49.84626
            ],
            [
              38.078999,
              49.849051
            ],
            [
              38.05931,
              49.856647
            ],
            [
              38.05528,
              49.858843
            ],
            [
              38.051869,
              49.861324
            ],
            [
              38.045978,
              49.866621
            ],
            [
              38.043497,
              49.869359
            ],
            [
              38.027478,
              49.893854
            ],
            [
              38.024222,
              49.903156
            ],
            [
              38.022924,
              49.909142
            ],
            [
              38.066544,
              49.927238
            ],
            [
              38.079153,
              49.929925
            ],
            [
              38.090315,
              49.928426
            ],
            [
              38.108402,
              49.920675
            ],
            [
              38.119047,
              49.919176
            ],
            [
              38.166176,
              49.94057
            ],
            [
              38.171344,
              49.984082
            ],
            [
              38.164109,
              50.030384
            ],
            [
              38.173928,
              50.06015
            ],
            [
              38.189844,
              50.062785
            ]
          ]
        ]
      }
    },
    {
      "type": "Feature",
      "id": "supplemental-sevastopol",
      "properties": {
        "id": "supplemental-sevastopol",
        "name": "Севастополь",
        "iso": null,
        "supplemental": true,
        "naturalEarthAdm1Code": "RUS-5482",
        "naturalEarthIso": "UA-40"
      },
      "geometry": {
        "type": "Polygon",
        "coordinates": [
          [
            [
              33.729998,
              44.397974
            ],
            [
              33.720958,
              44.399644
            ],
            [
              33.645356,
              44.425116
            ],
            [
              33.631684,
              44.434312
            ],
            [
              33.62615,
              44.45303
            ],
            [
              33.620128,
              44.462226
            ],
            [
              33.590017,
              44.490058
            ],
            [
              33.57838,
              44.497056
            ],
            [
              33.560395,
              44.496283
            ],
            [
              33.539073,
              44.491604
            ],
            [
              33.517589,
              44.490546
            ],
            [
              33.499522,
              44.5008
            ],
            [
              33.487153,
              44.510321
            ],
            [
              33.379649,
              44.564521
            ],
            [
              33.372325,
              44.576483
            ],
            [
              33.371349,
              44.587958
            ],
            [
              33.371104,
              44.588446
            ],
            [
              33.375011,
              44.585395
            ],
            [
              33.405447,
              44.590237
            ],
            [
              33.413829,
              44.593329
            ],
            [
              33.435883,
              44.605292
            ],
            [
              33.444998,
              44.60692
            ],
            [
              33.466482,
              44.60578
            ],
            [
              33.477387,
              44.606635
            ],
            [
              33.485525,
              44.610338
            ],
            [
              33.500011,
              44.613918
            ],
            [
              33.551117,
              44.614651
            ],
            [
              33.571544,
              44.620551
            ],
            [
              33.557791,
              44.624335
            ],
            [
              33.525157,
              44.628852
            ],
            [
              33.516287,
              44.634263
            ],
            [
              33.514822,
              44.649115
            ],
            [
              33.523611,
              44.661444
            ],
            [
              33.535655,
              44.672187
            ],
            [
              33.5442,
              44.682685
            ],
            [
              33.54835,
              44.698676
            ],
            [
              33.546723,
              44.70954
            ],
            [
              33.536794,
              44.729804
            ],
            [
              33.530447,
              44.75731
            ],
            [
              33.525157,
              44.772406
            ],
            [
              33.516287,
              44.785102
            ],
            [
              33.524181,
              44.7897
            ],
            [
              33.52768,
              44.793199
            ],
            [
              33.530528,
              44.798774
            ],
            [
              33.537364,
              44.818996
            ],
            [
              33.546072,
              44.8369
            ],
            [
              33.559581,
              44.849758
            ],
            [
              33.570545,
              44.852465
            ],
            [
              33.580825,
              44.819263
            ],
            [
              33.61732,
              44.816304
            ],
            [
              33.674528,
              44.791646
            ],
            [
              33.689323,
              44.754165
            ],
            [
              33.611402,
              44.720629
            ],
            [
              33.625211,
              44.661449
            ],
            [
              33.70905,
              44.666381
            ],
            [
              33.750476,
              44.623968
            ],
            [
              33.712995,
              44.581555
            ],
            [
              33.729763,
              44.553938
            ],
            [
              33.769216,
              44.555911
            ],
            [
              33.777107,
              44.532239
            ],
            [
              33.805711,
              44.527307
            ],
            [
              33.843192,
              44.45629
            ],
            [
              33.852069,
              44.431632
            ],
            [
              33.785984,
              44.424727
            ],
            [
              33.766257,
              44.417823
            ],
            [
              33.765271,
              44.405987
            ],
            [
              33.729998,
              44.397974
            ]
          ]
        ]
      }
    },
    {
      "type": "Feature",
      "id": "supplemental-zaporizhzhia",
      "properties": {
        "id": "supplemental-zaporizhzhia",
        "name": "Запорожская область",
        "iso": null,
        "supplemental": true,
        "naturalEarthAdm1Code": "UKR-331",
        "naturalEarthIso": "UA-23"
      },
      "geometry": {
        "type": "Polygon",
        "coordinates": [
          [
            [
              35.827159,
              46.623358
            ],
            [
              35.771169,
              46.601264
            ],
            [
              35.741954,
              46.584418
            ],
            [
              35.661306,
              46.519273
            ],
            [
              35.628673,
              46.498481
            ],
            [
              35.510509,
              46.457221
            ],
            [
              35.491466,
              46.447984
            ],
            [
              35.475759,
              46.435696
            ],
            [
              35.445486,
              46.405992
            ],
            [
              35.430024,
              46.395575
            ],
            [
              35.39503,
              46.378607
            ],
            [
              35.380138,
              46.368476
            ],
            [
              35.284516,
              46.259223
            ],
            [
              35.279541,
              46.255145
            ],
            [
              35.267594,
              46.259761
            ],
            [
              35.264799,
              46.260504
            ],
            [
              35.291352,
              46.293362
            ],
            [
              35.32781,
              46.319241
            ],
            [
              35.342133,
              46.335761
            ],
            [
              35.346039,
              46.361029
            ],
            [
              35.328868,
              46.348049
            ],
            [
              35.311534,
              46.337633
            ],
            [
              35.291759,
              46.336412
            ],
            [
              35.267589,
              46.35106
            ],
            [
              35.258556,
              46.373358
            ],
            [
              35.264496,
              46.399807
            ],
            [
              35.284516,
              46.437405
            ],
            [
              35.27711,
              46.440741
            ],
            [
              35.260916,
              46.441596
            ],
            [
              35.250499,
              46.443549
            ],
            [
              35.243175,
              46.446967
            ],
            [
              35.230317,
              46.455512
            ],
            [
              35.21461,
              46.462633
            ],
            [
              35.201671,
              46.476304
            ],
            [
              35.191417,
              46.494289
            ],
            [
              35.188324,
              46.512437
            ],
            [
              35.166677,
              46.49315
            ],
            [
              35.174001,
              46.473334
            ],
            [
              35.192068,
              46.455064
            ],
            [
              35.201996,
              46.440497
            ],
            [
              35.205089,
              46.427558
            ],
            [
              35.210704,
              46.420152
            ],
            [
              35.213715,
              46.411811
            ],
            [
              35.209483,
              46.39643
            ],
            [
              35.201508,
              46.385321
            ],
            [
              35.167817,
              46.361029
            ],
            [
              35.108409,
              46.297756
            ],
            [
              35.105056,
              46.295058
            ],
            [
              35.069312,
              46.299913
            ],
            [
              35.059648,
              46.306011
            ],
            [
              35.059493,
              46.323943
            ],
            [
              35.059028,
              46.327819
            ],
            [
              35.053292,
              46.347921
            ],
            [
              35.052672,
              46.355207
            ],
            [
              35.053292,
              46.359083
            ],
            [
              35.054688,
              46.363114
            ],
            [
              35.060269,
              46.374844
            ],
            [
              35.061044,
              46.379185
            ],
            [
              35.060114,
              46.384456
            ],
            [
              35.035309,
              46.456415
            ],
            [
              35.029418,
              46.464813
            ],
            [
              35.023372,
              46.46905
            ],
            [
              34.99495,
              46.469464
            ],
            [
              34.989679,
              46.470265
            ],
            [
              34.984098,
              46.471996
            ],
            [
              34.968905,
              46.479127
            ],
            [
              34.960171,
              46.480471
            ],
            [
              34.946529,
              46.486
            ],
            [
              34.924515,
              46.500004
            ],
            [
              34.923739,
              46.500314
            ],
            [
              34.918158,
              46.500831
            ],
            [
              34.871443,
              46.497653
            ],
            [
              34.858265,
              46.498454
            ],
            [
              34.85377,
              46.500159
            ],
            [
              34.85346,
              46.500935
            ],
            [
              34.853149,
              46.50233
            ],
            [
              34.852839,
              46.512588
            ],
            [
              34.853149,
              46.516179
            ],
            [
              34.8547,
              46.519228
            ],
            [
              34.8578,
              46.521605
            ],
            [
              34.861211,
              46.523646
            ],
            [
              34.864467,
              46.526669
            ],
            [
              34.866482,
              46.530597
            ],
            [
              34.866327,
              46.536798
            ],
            [
              34.862916,
              46.53995
            ],
            [
              34.857645,
              46.541733
            ],
            [
              34.81062,
              46.544679
            ],
            [
              34.776307,
              46.543748
            ],
            [
              34.767005,
              46.544989
            ],
            [
              34.762199,
              46.547237
            ],
            [
              34.759098,
              46.550182
            ],
            [
              34.757238,
              46.553283
            ],
            [
              34.755688,
              46.556823
            ],
            [
              34.753672,
              46.560388
            ],
            [
              34.729436,
              46.586924
            ],
            [
              34.72525,
              46.59266
            ],
            [
              34.72339,
              46.595709
            ],
            [
              34.72215,
              46.598991
            ],
            [
              34.72184,
              46.602634
            ],
            [
              34.72277,
              46.606277
            ],
            [
              34.72463,
              46.609817
            ],
            [
              34.730056,
              46.615863
            ],
            [
              34.739875,
              46.623227
            ],
            [
              34.742665,
              46.626302
            ],
            [
              34.744371,
              46.629867
            ],
            [
              34.744991,
              46.633588
            ],
            [
              34.744526,
              46.637205
            ],
            [
              34.742665,
              46.643923
            ],
            [
              34.738014,
              46.653587
            ],
            [
              34.732692,
              46.662294
            ],
            [
              34.727731,
              46.66648
            ],
            [
              34.721685,
              46.668986
            ],
            [
              34.69843,
              46.671208
            ],
            [
              34.691454,
              46.67281
            ],
            [
              34.684012,
              46.675291
            ],
            [
              34.667063,
              46.684386
            ],
            [
              34.661172,
              46.685626
            ],
            [
              34.657141,
              46.684386
            ],
            [
              34.651715,
              46.683327
            ],
            [
              34.645514,
              46.683094
            ],
            [
              34.635437,
              46.685781
            ],
            [
              34.631251,
              46.689037
            ],
            [
              34.629235,
              46.692809
            ],
            [
              34.627375,
              46.703532
            ],
            [
              34.627375,
              46.70702
            ],
            [
              34.627995,
              46.710482
            ],
            [
              34.630321,
              46.713428
            ],
            [
              34.633266,
              46.715831
            ],
            [
              34.637142,
              46.717924
            ],
            [
              34.641483,
              46.719164
            ],
            [
              34.646444,
              46.719888
            ],
            [
              34.673729,
              46.720327
            ],
            [
              34.678741,
              46.721076
            ],
            [
              34.683392,
              46.722187
            ],
            [
              34.686803,
              46.72428
            ],
            [
              34.689749,
              46.727226
            ],
            [
              34.692074,
              46.73061
            ],
            [
              34.697965,
              46.736321
            ],
            [
              34.705407,
              46.740274
            ],
            [
              34.714088,
              46.742935
            ],
            [
              34.717964,
              46.74477
            ],
            [
              34.721064,
              46.747379
            ],
            [
              34.723545,
              46.750635
            ],
            [
              34.729126,
              46.762779
            ],
            [
              34.731451,
              46.766396
            ],
            [
              34.733932,
              46.769342
            ],
            [
              34.74065,
              46.77544
            ],
            [
              34.742665,
              46.778334
            ],
            [
              34.744061,
              46.781796
            ],
            [
              34.744836,
              46.80474
            ],
            [
              34.745766,
              46.808461
            ],
            [
              34.747471,
              46.811717
            ],
            [
              34.750417,
              46.814042
            ],
            [
              34.754602,
              46.815567
            ],
            [
              34.764059,
              46.817349
            ],
            [
              34.790466,
              46.825152
            ],
            [
              34.794342,
              46.826935
            ],
            [
              34.796667,
              46.831741
            ],
            [
              34.796512,
              46.839544
            ],
            [
              34.79181,
              46.85497
            ],
            [
              34.788296,
              46.862204
            ],
            [
              34.784368,
              46.867217
            ],
            [
              34.780802,
              46.869413
            ],
            [
              34.776462,
              46.871274
            ],
            [
              34.771346,
              46.872514
            ],
            [
              34.759873,
              46.873418
            ],
            [
              34.753827,
              46.874659
            ],
            [
              34.746386,
              46.878431
            ],
            [
              34.742665,
              46.881842
            ],
            [
              34.74003,
              46.885407
            ],
            [
              34.729126,
              46.917447
            ],
            [
              34.72556,
              46.922873
            ],
            [
              34.721995,
              46.926542
            ],
            [
              34.717809,
              46.928505
            ],
            [
              34.669388,
              46.939435
            ],
            [
              34.660396,
              46.943026
            ],
            [
              34.648924,
              46.949693
            ],
            [
              34.644583,
              46.951553
            ],
            [
              34.639622,
              46.953103
            ],
            [
              34.614921,
              46.956669
            ],
            [
              34.60841,
              46.959201
            ],
            [
              34.605154,
              46.96225
            ],
            [
              34.603759,
              46.965557
            ],
            [
              34.600968,
              46.980233
            ],
            [
              34.597868,
              46.989794
            ],
            [
              34.595077,
              46.994832
            ],
            [
              34.592132,
              46.998243
            ],
            [
              34.589031,
              47.000103
            ],
            [
              34.587946,
              47.000491
            ],
            [
              34.574303,
              47.002584
            ],
            [
              34.56588,
              47.005271
            ],
            [
              34.562004,
              47.00819
            ],
            [
              34.559679,
              47.011601
            ],
            [
              34.557974,
              47.018526
            ],
            [
              34.556578,
              47.0524
            ],
            [
              34.540455,
              47.099709
            ],
            [
              34.53689,
              47.103947
            ],
            [
              34.531774,
              47.106427
            ],
            [
              34.518131,
              47.109735
            ],
            [
              34.509553,
              47.1133
            ],
            [
              34.506142,
              47.116969
            ],
            [
              34.504437,
              47.120793
            ],
            [
              34.503197,
              47.127925
            ],
            [
              34.499166,
              47.141412
            ],
            [
              34.497926,
              47.148569
            ],
            [
              34.497306,
              47.156011
            ],
            [
              34.497461,
              47.159938
            ],
            [
              34.500871,
              47.180738
            ],
            [
              34.500871,
              47.184304
            ],
            [
              34.500406,
              47.187818
            ],
            [
              34.49219,
              47.21518
            ],
            [
              34.491569,
              47.21872
            ],
            [
              34.491724,
              47.222338
            ],
            [
              34.492965,
              47.226032
            ],
            [
              34.495135,
              47.228694
            ],
            [
              34.500251,
              47.231794
            ],
            [
              34.502577,
              47.234378
            ],
            [
              34.504437,
              47.238667
            ],
            [
              34.504592,
              47.246522
            ],
            [
              34.503042,
              47.250785
            ],
            [
              34.500716,
              47.253705
            ],
            [
              34.485678,
              47.26125
            ],
            [
              34.479167,
              47.265746
            ],
            [
              34.476222,
              47.269518
            ],
            [
              34.475136,
              47.273678
            ],
            [
              34.475136,
              47.277476
            ],
            [
              34.476377,
              47.285745
            ],
            [
              34.477772,
              47.289982
            ],
            [
              34.479632,
              47.293858
            ],
            [
              34.482578,
              47.2967
            ],
            [
              34.486143,
              47.298741
            ],
            [
              34.500871,
              47.303108
            ],
            [
              34.504127,
              47.30471
            ],
            [
              34.506762,
              47.307087
            ],
            [
              34.508313,
              47.311144
            ],
            [
              34.506452,
              47.313908
            ],
            [
              34.503507,
              47.316001
            ],
            [
              34.500096,
              47.31706
            ],
            [
              34.496375,
              47.317577
            ],
            [
              34.428576,
              47.3129
            ],
            [
              34.419894,
              47.310239
            ],
            [
              34.416174,
              47.308017
            ],
            [
              34.414003,
              47.30471
            ],
            [
              34.412453,
              47.300782
            ],
            [
              34.411523,
              47.296958
            ],
            [
              34.409507,
              47.293444
            ],
            [
              34.403771,
              47.287967
            ],
            [
              34.400929,
              47.284814
            ],
            [
              34.396588,
              47.277399
            ],
            [
              34.393333,
              47.274892
            ],
            [
              34.389147,
              47.273497
            ],
            [
              34.384031,
              47.272903
            ],
            [
              34.378605,
              47.273342
            ],
            [
              34.373489,
              47.274427
            ],
            [
              34.359381,
              47.279698
            ],
            [
              34.353645,
              47.280784
            ],
            [
              34.340468,
              47.279802
            ],
            [
              34.33592,
              47.278251
            ],
            [
              34.324448,
              47.272464
            ],
            [
              34.315611,
              47.269906
            ],
            [
              34.31034,
              47.269363
            ],
            [
              34.304759,
              47.269777
            ],
            [
              34.298403,
              47.272102
            ],
            [
              34.295457,
              47.275073
            ],
            [
              34.294062,
              47.278768
            ],
            [
              34.293442,
              47.293806
            ],
            [
              34.292202,
              47.297785
            ],
            [
              34.290341,
              47.302074
            ],
            [
              34.280523,
              47.318817
            ],
            [
              34.230397,
              47.431472
            ],
            [
              34.203732,
              47.478394
            ],
            [
              34.319332,
              47.505189
            ],
            [
              34.445939,
              47.522888
            ],
            [
              34.58376,
              47.567174
            ],
            [
              34.594612,
              47.568621
            ],
            [
              34.644583,
              47.563609
            ],
            [
              34.729901,
              47.539166
            ],
            [
              34.832634,
              47.525911
            ],
            [
              34.898263,
              47.523249
            ],
            [
              34.907306,
              47.52436
            ],
            [
              34.910562,
              47.526247
            ],
            [
              34.916143,
              47.530872
            ],
            [
              34.921879,
              47.538856
            ],
            [
              34.923274,
              47.54193
            ],
            [
              34.929631,
              47.563299
            ],
            [
              34.930096,
              47.567174
            ],
            [
              34.929786,
              47.570843
            ],
            [
              34.928235,
              47.574047
            ],
            [
              34.925755,
              47.576838
            ],
            [
              34.919554,
              47.58154
            ],
            [
              34.90002,
              47.591824
            ],
            [
              34.896713,
              47.594201
            ],
            [
              34.895317,
              47.59725
            ],
            [
              34.895783,
              47.600867
            ],
            [
              34.897333,
              47.604278
            ],
            [
              34.912267,
              47.630168
            ],
            [
              34.918623,
              47.64717
            ],
            [
              34.92653,
              47.67678
            ],
            [
              34.934126,
              47.692257
            ],
            [
              34.945444,
              47.738895
            ],
            [
              34.945289,
              47.742771
            ],
            [
              34.944358,
              47.746207
            ],
            [
              34.940793,
              47.748507
            ],
            [
              34.935677,
              47.750057
            ],
            [
              34.911647,
              47.752305
            ],
            [
              34.893767,
              47.755742
            ],
            [
              34.888806,
              47.757447
            ],
            [
              34.886326,
              47.760134
            ],
            [
              34.886636,
              47.763752
            ],
            [
              34.890356,
              47.776567
            ],
            [
              34.890512,
              47.780495
            ],
            [
              34.889581,
              47.78388
            ],
            [
              34.888186,
              47.787135
            ],
            [
              34.887101,
              47.790442
            ],
            [
              34.886636,
              47.794189
            ],
            [
              34.887721,
              47.798943
            ],
            [
              34.891132,
              47.804989
            ],
            [
              34.90002,
              47.816358
            ],
            [
              34.902604,
              47.820492
            ],
            [
              34.903844,
              47.824213
            ],
            [
              34.904154,
              47.827262
            ],
            [
              34.903534,
              47.828916
            ],
            [
              34.90188,
              47.830828
            ],
            [
              34.895783,
              47.834781
            ],
            [
              34.818371,
              47.866665
            ],
            [
              34.811705,
              47.871394
            ],
            [
              34.809535,
              47.874287
            ],
            [
              34.808139,
              47.877543
            ],
            [
              34.807829,
              47.881212
            ],
            [
              34.807674,
              47.884984
            ],
            [
              34.808759,
              47.889713
            ],
            [
              34.810465,
              47.894855
            ],
            [
              34.81434,
              47.901883
            ],
            [
              34.819766,
              47.90674
            ],
            [
              34.846483,
              47.922062
            ],
            [
              34.852684,
              47.924465
            ],
            [
              34.896558,
              47.93108
            ],
            [
              34.907306,
              47.934387
            ],
            [
              34.912112,
              47.938418
            ],
            [
              34.915058,
              47.942862
            ],
            [
              34.916298,
              47.947151
            ],
            [
              34.916918,
              47.951156
            ],
            [
              34.916608,
              47.954851
            ],
            [
              34.914128,
              47.961414
            ],
            [
              34.911802,
              47.964359
            ],
            [
              34.908392,
              47.966685
            ],
            [
              34.903534,
              47.96839
            ],
            [
              34.866792,
              47.974901
            ],
            [
              34.857025,
              47.97839
            ],
            [
              34.853304,
              47.980715
            ],
            [
              34.850204,
              47.98317
            ],
            [
              34.848033,
              47.986064
            ],
            [
              34.846276,
              47.989164
            ],
            [
              34.845346,
              47.992678
            ],
            [
              34.844933,
              47.995934
            ],
            [
              34.844623,
              48.001515
            ],
            [
              34.844003,
              48.003995
            ],
            [
              34.842246,
              48.006553
            ],
            [
              34.83868,
              48.008388
            ],
            [
              34.833564,
              48.008956
            ],
            [
              34.822712,
              48.009266
            ],
            [
              34.817906,
              48.010093
            ],
            [
              34.814961,
              48.012005
            ],
            [
              34.81341,
              48.015519
            ],
            [
              34.81372,
              48.01986
            ],
            [
              34.816201,
              48.025803
            ],
            [
              34.821162,
              48.028748
            ],
            [
              34.834804,
              48.034691
            ],
            [
              34.83837,
              48.038128
            ],
            [
              34.84023,
              48.041306
            ],
            [
              34.842246,
              48.065361
            ],
            [
              34.843486,
              48.070503
            ],
            [
              34.844933,
              48.073319
            ],
            [
              34.846483,
              48.077272
            ],
            [
              34.846276,
              48.078719
            ],
            [
              34.845656,
              48.080786
            ],
            [
              34.840385,
              48.089261
            ],
            [
              34.836045,
              48.098873
            ],
            [
              34.835269,
              48.103343
            ],
            [
              34.83589,
              48.108588
            ],
            [
              34.84054,
              48.117503
            ],
            [
              34.845863,
              48.120836
            ],
            [
              34.851444,
              48.122748
            ],
            [
              34.857025,
              48.122851
            ],
            [
              34.862606,
              48.122463
            ],
            [
              34.867257,
              48.121559
            ],
            [
              34.869893,
              48.119337
            ],
            [
              34.870358,
              48.11634
            ],
            [
              34.870048,
              48.111017
            ],
            [
              34.870203,
              48.104273
            ],
            [
              34.871288,
              48.09709
            ],
            [
              34.873148,
              48.090269
            ],
            [
              34.874543,
              48.086988
            ],
            [
              34.876559,
              48.084042
            ],
            [
              34.88059,
              48.082001
            ],
            [
              34.886016,
              48.08089
            ],
            [
              34.943118,
              48.080993
            ],
            [
              34.96906,
              48.091949
            ],
            [
              35.001771,
              48.110655
            ],
            [
              35.017429,
              48.11665
            ],
            [
              35.028643,
              48.11944
            ],
            [
              35.038099,
              48.118252
            ],
            [
              35.047711,
              48.118252
            ],
            [
              35.065023,
              48.11975
            ],
            [
              35.074066,
              48.122748
            ],
            [
              35.080836,
              48.125771
            ],
            [
              35.101403,
              48.128716
            ],
            [
              35.118146,
              48.129052
            ],
            [
              35.12874,
              48.12807
            ],
            [
              35.15618,
              48.119802
            ],
            [
              35.164552,
              48.11913
            ],
            [
              35.173698,
              48.120939
            ],
            [
              35.191113,
              48.12373
            ],
            [
              35.245115,
              48.130189
            ],
            [
              35.254572,
              48.129672
            ],
            [
              35.274726,
              48.125797
            ],
            [
              35.340045,
              48.103989
            ],
            [
              35.497089,
              48.085231
            ],
            [
              35.511662,
              48.080011
            ],
            [
              35.514763,
              48.079391
            ],
            [
              35.521894,
              48.079391
            ],
            [
              35.530783,
              48.080683
            ],
            [
              35.546595,
              48.084533
            ],
            [
              35.556362,
              48.088951
            ],
            [
              35.579203,
              48.104609
            ],
            [
              35.595326,
              48.113343
            ],
            [
              35.604318,
              48.11634
            ],
            [
              35.646073,
              48.124324
            ],
            [
              35.674133,
              48.126985
            ],
            [
              35.685915,
              48.1259
            ],
            [
              35.691548,
              48.124453
            ],
            [
              35.696044,
              48.122619
            ],
            [
              35.699609,
              48.120267
            ],
            [
              35.702865,
              48.117813
            ],
            [
              35.710927,
              48.109854
            ],
            [
              35.723639,
              48.099855
            ],
            [
              35.727515,
              48.097633
            ],
            [
              35.732321,
              48.095928
            ],
            [
              35.781051,
              48.089416
            ],
            [
              35.786167,
              48.087814
            ],
            [
              35.790508,
              48.085747
            ],
            [
              35.793919,
              48.08337
            ],
            [
              35.808853,
              48.066834
            ],
            [
              35.81645,
              48.065955
            ],
            [
              35.828542,
              48.067066
            ],
            [
              35.882854,
              48.082027
            ],
            [
              35.942282,
              48.091819
            ],
            [
              35.953599,
              48.091483
            ],
            [
              35.95918,
              48.090708
            ],
            [
              35.963986,
              48.089106
            ],
            [
              35.967552,
              48.086781
            ],
            [
              35.969929,
              48.083913
            ],
            [
              35.970859,
              48.080528
            ],
            [
              35.970342,
              48.076575
            ],
            [
              35.966518,
              48.063578
            ],
            [
              35.965691,
              48.05947
            ],
            [
              35.965898,
              48.055749
            ],
            [
              35.966828,
              48.052261
            ],
            [
              35.972099,
              48.043011
            ],
            [
              35.972564,
              48.039497
            ],
            [
              35.972254,
              48.031771
            ],
            [
              35.97458,
              48.028645
            ],
            [
              35.978921,
              48.026371
            ],
            [
              35.989773,
              48.026268
            ],
            [
              35.995819,
              48.027069
            ],
            [
              36.00016,
              48.028076
            ],
            [
              36.032457,
              48.042701
            ],
            [
              36.039744,
              48.044148
            ],
            [
              36.044705,
              48.043295
            ],
            [
              36.04672,
              48.040427
            ],
            [
              36.04765,
              48.037197
            ],
            [
              36.04672,
              48.033399
            ],
            [
              36.04455,
              48.03004
            ],
            [
              36.041759,
              48.026888
            ],
            [
              36.028272,
              48.016863
            ],
            [
              36.025326,
              48.014124
            ],
            [
              36.022535,
              48.011049
            ],
            [
              36.020985,
              48.007561
            ],
            [
              36.021295,
              48.004228
            ],
            [
              36.024086,
              48.00198
            ],
            [
              36.027496,
              48.00074
            ],
            [
              36.041139,
              47.999086
            ],
            [
              36.04641,
              47.997846
            ],
            [
              36.050596,
              47.995805
            ],
            [
              36.053076,
              47.99304
            ],
            [
              36.054782,
              47.989939
            ],
            [
              36.056642,
              47.98317
            ],
            [
              36.059277,
              47.969062
            ],
            [
              36.059432,
              47.965341
            ],
            [
              36.057882,
              47.954076
            ],
            [
              36.059122,
              47.95113
            ],
            [
              36.063153,
              47.949838
            ],
            [
              36.068114,
              47.948986
            ],
            [
              36.072455,
              47.947616
            ],
            [
              36.075866,
              47.945756
            ],
            [
              36.078243,
              47.94356
            ],
            [
              36.079586,
              47.941622
            ],
            [
              36.082377,
              47.94002
            ],
            [
              36.086924,
              47.938418
            ],
            [
              36.114675,
              47.939813
            ],
            [
              36.117,
              47.939632
            ],
            [
              36.11762,
              47.938676
            ],
            [
              36.11762,
              47.936222
            ],
            [
              36.114519,
              47.929478
            ],
            [
              36.113589,
              47.925912
            ],
            [
              36.113589,
              47.92245
            ],
            [
              36.11483,
              47.919194
            ],
            [
              36.11669,
              47.916094
            ],
            [
              36.117775,
              47.91289
            ],
            [
              36.117775,
              47.909427
            ],
            [
              36.11638,
              47.905758
            ],
            [
              36.109404,
              47.894958
            ],
            [
              36.101342,
              47.878034
            ],
            [
              36.098396,
              47.873357
            ],
            [
              36.092815,
              47.868345
            ],
            [
              36.087544,
              47.867208
            ],
            [
              36.082997,
              47.867776
            ],
            [
              36.07571,
              47.872556
            ],
            [
              36.071215,
              47.874649
            ],
            [
              36.063773,
              47.875553
            ],
            [
              36.060828,
              47.873771
            ],
            [
              36.059587,
              47.870618
            ],
            [
              36.059587,
              47.867001
            ],
            [
              36.060673,
              47.86359
            ],
            [
              36.062998,
              47.860852
            ],
            [
              36.072145,
              47.856924
            ],
            [
              36.07478,
              47.854237
            ],
            [
              36.0754,
              47.850826
            ],
            [
              36.076486,
              47.847571
            ],
            [
              36.078656,
              47.845168
            ],
            [
              36.08832,
              47.8423
            ],
            [
              36.09266,
              47.840388
            ],
            [
              36.095141,
              47.837726
            ],
            [
              36.098241,
              47.83553
            ],
            [
              36.106613,
              47.834703
            ],
            [
              36.152243,
              47.837907
            ],
            [
              36.159995,
              47.839664
            ],
            [
              36.16325,
              47.8423
            ],
            [
              36.168831,
              47.850103
            ],
            [
              36.173172,
              47.85465
            ],
            [
              36.181079,
              47.860231
            ],
            [
              36.187435,
              47.86235
            ],
            [
              36.193481,
              47.863539
            ],
            [
              36.198804,
              47.86341
            ],
            [
              36.203455,
              47.862764
            ],
            [
              36.20671,
              47.860645
            ],
            [
              36.208416,
              47.857751
            ],
            [
              36.209501,
              47.854444
            ],
            [
              36.211981,
              47.840284
            ],
            [
              36.212291,
              47.836719
            ],
            [
              36.213066,
              47.833205
            ],
            [
              36.214927,
              47.830311
            ],
            [
              36.219268,
              47.828605
            ],
            [
              36.224384,
              47.827624
            ],
            [
              36.247018,
              47.826228
            ],
            [
              36.252341,
              47.824962
            ],
            [
              36.256681,
              47.823024
            ],
            [
              36.267378,
              47.816151
            ],
            [
              36.274975,
              47.814394
            ],
            [
              36.285982,
              47.813309
            ],
            [
              36.307893,
              47.813826
            ],
            [
              36.318435,
              47.81517
            ],
            [
              36.325256,
              47.817753
            ],
            [
              36.331457,
              47.825712
            ],
            [
              36.336418,
              47.830569
            ],
            [
              36.34727,
              47.836486
            ],
            [
              36.354712,
              47.838734
            ],
            [
              36.361223,
              47.839871
            ],
            [
              36.366545,
              47.839613
            ],
            [
              36.371506,
              47.838734
            ],
            [
              36.375692,
              47.836977
            ],
            [
              36.379103,
              47.834652
            ],
            [
              36.384529,
              47.829329
            ],
            [
              36.387784,
              47.827107
            ],
            [
              36.39197,
              47.825712
            ],
            [
              36.576145,
              47.844212
            ],
            [
              36.57692,
              47.803026
            ],
            [
              36.583741,
              47.791398
            ],
            [
              36.59418,
              47.78822
            ],
            [
              36.605807,
              47.786489
            ],
            [
              36.616969,
              47.78636
            ],
            [
              36.643066,
              47.789796
            ],
            [
              36.649577,
              47.789745
            ],
            [
              36.652988,
              47.787833
            ],
            [
              36.655003,
              47.784991
            ],
            [
              36.656709,
              47.778066
            ],
            [
              36.658569,
              47.763674
            ],
            [
              36.661359,
              47.757137
            ],
            [
              36.689265,
              47.715899
            ],
            [
              36.703114,
              47.690836
            ],
            [
              36.70885,
              47.685048
            ],
            [
              36.715206,
              47.681379
            ],
            [
              36.740786,
              47.67709
            ],
            [
              36.747297,
              47.67492
            ],
            [
              36.749158,
              47.672181
            ],
            [
              36.748383,
              47.669907
            ],
            [
              36.744972,
              47.668047
            ],
            [
              36.736445,
              47.665308
            ],
            [
              36.726989,
              47.663448
            ],
            [
              36.722803,
              47.661329
            ],
            [
              36.720012,
              47.657763
            ],
            [
              36.721252,
              47.648927
            ],
            [
              36.723733,
              47.644069
            ],
            [
              36.727299,
              47.640503
            ],
            [
              36.731949,
              47.63885
            ],
            [
              36.749468,
              47.636472
            ],
            [
              36.752413,
              47.633889
            ],
            [
              36.75324,
              47.630375
            ],
            [
              36.752103,
              47.626292
            ],
            [
              36.748848,
              47.617301
            ],
            [
              36.748073,
              47.61203
            ],
            [
              36.748848,
              47.605105
            ],
            [
              36.752103,
              47.601694
            ],
            [
              36.756961,
              47.600247
            ],
            [
              36.766573,
              47.601513
            ],
            [
              36.797889,
              47.610247
            ],
            [
              36.809051,
              47.60557
            ],
            [
              36.825846,
              47.595855
            ],
            [
              36.864965,
              47.566348
            ],
            [
              36.881863,
              47.555935
            ],
            [
              36.893335,
              47.550896
            ],
            [
              36.897211,
              47.552757
            ],
            [
              36.904187,
              47.557356
            ],
            [
              36.930749,
              47.57105
            ],
            [
              36.936795,
              47.571489
            ],
            [
              36.944236,
              47.570378
            ],
            [
              36.987541,
              47.552524
            ],
            [
              36.995448,
              47.547486
            ],
            [
              37.021182,
              47.524205
            ],
            [
              37.099886,
              47.477826
            ],
            [
              37.102831,
              47.475294
            ],
            [
              37.122365,
              47.454623
            ],
            [
              37.128721,
              47.451187
            ],
            [
              37.134147,
              47.450437
            ],
            [
              37.137713,
              47.452272
            ],
            [
              37.140658,
              47.45483
            ],
            [
              37.143914,
              47.461238
            ],
            [
              37.147325,
              47.463253
            ],
            [
              37.152182,
              47.463873
            ],
            [
              37.19435,
              47.459274
            ],
            [
              37.211455,
              47.459481
            ],
            [
              37.219207,
              47.458137
            ],
            [
              37.220912,
              47.455269
            ],
            [
              37.220292,
              47.451962
            ],
            [
              37.217811,
              47.448422
            ],
            [
              37.201792,
              47.429147
            ],
            [
              37.199931,
              47.425581
            ],
            [
              37.199311,
              47.422067
            ],
            [
              37.199621,
              47.413256
            ],
            [
              37.198691,
              47.409148
            ],
            [
              37.188769,
              47.395454
            ],
            [
              37.184583,
              47.387883
            ],
            [
              37.183033,
              47.383723
            ],
            [
              37.182258,
              47.379692
            ],
            [
              37.181948,
              47.375765
            ],
            [
              37.183343,
              47.367781
            ],
            [
              37.184738,
              47.362897
            ],
            [
              37.185514,
              47.359125
            ],
            [
              37.185048,
              47.355611
            ],
            [
              37.182413,
              47.353079
            ],
            [
              37.179157,
              47.350831
            ],
            [
              37.171096,
              47.347498
            ],
            [
              37.16722,
              47.346309
            ],
            [
              37.163654,
              47.345896
            ],
            [
              37.161019,
              47.34755
            ],
            [
              37.159004,
              47.350082
            ],
            [
              37.157143,
              47.353027
            ],
            [
              37.152492,
              47.35866
            ],
            [
              37.149702,
              47.361399
            ],
            [
              37.143294,
              47.366386
            ],
            [
              37.139883,
              47.368608
            ],
            [
              37.135542,
              47.370546
            ],
            [
              37.130737,
              47.371889
            ],
            [
              37.125931,
              47.372561
            ],
            [
              37.12283,
              47.372664
            ],
            [
              37.118644,
              47.372354
            ],
            [
              37.114458,
              47.371476
            ],
            [
              37.106552,
              47.368091
            ],
            [
              37.103296,
              47.36561
            ],
            [
              37.100196,
              47.362742
            ],
            [
              37.095855,
              47.355198
            ],
            [
              37.092134,
              47.346774
            ],
            [
              37.089964,
              47.34295
            ],
            [
              37.087793,
              47.339901
            ],
            [
              37.078905,
              47.330005
            ],
            [
              37.076735,
              47.326414
            ],
            [
              37.074874,
              47.322745
            ],
            [
              37.074099,
              47.318817
            ],
            [
              37.074719,
              47.307914
            ],
            [
              37.074254,
              47.304193
            ],
            [
              37.072394,
              47.300602
            ],
            [
              37.069448,
              47.298044
            ],
            [
              37.065418,
              47.296183
            ],
            [
              37.028934,
              47.287553
            ],
            [
              37.00785,
              47.286933
            ],
            [
              36.989091,
              47.288638
            ],
            [
              36.977413,
              47.291119
            ],
            [
              36.973227,
              47.293238
            ],
            [
              36.970126,
              47.295666
            ],
            [
              36.966561,
              47.29763
            ],
            [
              36.962065,
              47.298586
            ],
            [
              36.951988,
              47.298741
            ],
            [
              36.947027,
              47.299542
            ],
            [
              36.943306,
              47.301454
            ],
            [
              36.939895,
              47.303547
            ],
            [
              36.936485,
              47.305072
            ],
            [
              36.932144,
              47.305097
            ],
            [
              36.927803,
              47.304348
            ],
            [
              36.919432,
              47.301299
            ],
            [
              36.915659,
              47.29825
            ],
            [
              36.913024,
              47.293858
            ],
            [
              36.913954,
              47.283626
            ],
            [
              36.918501,
              47.275151
            ],
            [
              36.933539,
              47.253602
            ],
            [
              36.936175,
              47.24815
            ],
            [
              36.938035,
              47.241122
            ],
            [
              36.941136,
              47.215956
            ],
            [
              36.940361,
              47.212312
            ],
            [
              36.938655,
              47.209005
            ],
            [
              36.935555,
              47.206602
            ],
            [
              36.931679,
              47.204871
            ],
            [
              36.922636,
              47.202752
            ],
            [
              36.869926,
              47.199807
            ],
            [
              36.864448,
              47.199031
            ],
            [
              36.860107,
              47.197249
            ],
            [
              36.856541,
              47.193709
            ],
            [
              36.857006,
              47.19066
            ],
            [
              36.858712,
              47.187663
            ],
            [
              36.864448,
              47.182443
            ],
            [
              36.888994,
              47.166062
            ],
            [
              36.897676,
              47.162186
            ],
            [
              36.940516,
              47.149629
            ],
            [
              36.958809,
              47.141929
            ],
            [
              36.96253,
              47.139707
            ],
            [
              36.967491,
              47.135469
            ],
            [
              36.983045,
              47.117434
            ],
            [
              36.990797,
              47.106169
            ],
            [
              37.002579,
              47.076532
            ],
            [
              37.006455,
              47.069944
            ],
            [
              37.010951,
              47.065629
            ],
            [
              37.045884,
              47.046173
            ],
            [
              37.049139,
              47.044777
            ],
            [
              37.05255,
              47.045242
            ],
            [
              37.055341,
              47.047826
            ],
            [
              37.060767,
              47.054105
            ],
            [
              37.063867,
              47.05656
            ],
            [
              37.067123,
              47.058058
            ],
            [
              37.070844,
              47.057541
            ],
            [
              37.074099,
              47.05581
            ],
            [
              37.090997,
              47.043899
            ],
            [
              37.106242,
              47.037
            ],
            [
              37.111358,
              47.033925
            ],
            [
              37.118489,
              47.028189
            ],
            [
              37.120505,
              47.0239
            ],
            [
              37.119729,
              47.020231
            ],
            [
              37.116629,
              47.017699
            ],
            [
              37.105622,
              47.011291
            ],
            [
              37.09849,
              47.005736
            ],
            [
              37.09384,
              47.000904
            ],
            [
              37.093685,
              47.000026
            ],
            [
              37.114458,
              46.975789
            ],
            [
              37.115699,
              46.969898
            ],
            [
              37.114458,
              46.965712
            ],
            [
              37.099731,
              46.957754
            ],
            [
              37.095545,
              46.956101
            ],
            [
              37.091204,
              46.955015
            ],
            [
              37.086346,
              46.955119
            ],
            [
              37.081541,
              46.95623
            ],
            [
              37.072084,
              46.959718
            ],
            [
              37.067278,
              46.96101
            ],
            [
              37.061852,
              46.961062
            ],
            [
              37.057046,
              46.959485
            ],
            [
              37.051155,
              46.956876
            ],
            [
              37.047434,
              46.953878
            ],
            [
              37.018857,
              46.93574
            ],
            [
              37.015601,
              46.933156
            ],
            [
              37.012501,
              46.930081
            ],
            [
              37.009555,
              46.9268
            ],
            [
              37.00785,
              46.921942
            ],
            [
              37.008315,
              46.918273
            ],
            [
              37.009555,
              46.914837
            ],
            [
              37.037719,
              46.876726
            ],
            [
              37.037764,
              46.876664
            ],
            [
              37.028819,
              46.875556
            ],
            [
              37.017751,
              46.871283
            ],
            [
              36.984874,
              46.852484
            ],
            [
              36.973806,
              46.848293
            ],
            [
              36.938813,
              46.839504
            ],
            [
              36.886241,
              46.804023
            ],
            [
              36.853689,
              46.800482
            ],
            [
              36.862478,
              46.776923
            ],
            [
              36.849132,
              46.754462
            ],
            [
              36.8296,
              46.731879
            ],
            [
              36.819591,
              46.707668
            ],
            [
              36.812266,
              46.680569
            ],
            [
              36.793712,
              46.653632
            ],
            [
              36.769298,
              46.637397
            ],
            [
              36.743826,
              46.642157
            ],
            [
              36.743826,
              46.649604
            ],
            [
              36.751231,
              46.649604
            ],
            [
              36.771658,
              46.643459
            ],
            [
              36.790294,
              46.671291
            ],
            [
              36.802257,
              46.707017
            ],
            [
              36.802501,
              46.724758
            ],
            [
              36.794281,
              46.729193
            ],
            [
              36.758067,
              46.758857
            ],
            [
              36.742849,
              46.764716
            ],
            [
              36.710134,
              46.772773
            ],
            [
              36.696056,
              46.779975
            ],
            [
              36.67921,
              46.773017
            ],
            [
              36.661632,
              46.773749
            ],
            [
              36.633962,
              46.779975
            ],
            [
              36.617035,
              46.776679
            ],
            [
              36.605968,
              46.769436
            ],
            [
              36.59783,
              46.762152
            ],
            [
              36.590017,
              46.758857
            ],
            [
              36.524099,
              46.758857
            ],
            [
              36.482677,
              46.741685
            ],
            [
              36.432465,
              46.734849
            ],
            [
              36.400157,
              46.723944
            ],
            [
              36.371104,
              46.708441
            ],
            [
              36.303477,
              46.659247
            ],
            [
              36.284353,
              46.63642
            ],
            [
              36.278331,
              46.607408
            ],
            [
              36.270844,
              46.607408
            ],
            [
              36.271169,
              46.622219
            ],
            [
              36.267589,
              46.625556
            ],
            [
              36.257823,
              46.621731
            ],
            [
              36.247895,
              46.619045
            ],
            [
              36.246755,
              46.612738
            ],
            [
              36.245779,
              46.610826
            ],
            [
              36.240733,
              46.61994
            ],
            [
              36.243337,
              46.624091
            ],
            [
              36.244477,
              46.63052
            ],
            [
              36.244314,
              46.635321
            ],
            [
              36.232921,
              46.640692
            ],
            [
              36.230642,
              46.642157
            ],
            [
              36.221853,
              46.654039
            ],
            [
              36.216645,
              46.658677
            ],
            [
              36.209972,
              46.662665
            ],
            [
              36.189464,
              46.669013
            ],
            [
              36.171723,
              46.668606
            ],
            [
              36.134451,
              46.662665
            ],
            [
              36.062022,
              46.670111
            ],
            [
              35.925548,
              46.652289
            ],
            [
              35.901622,
              46.652737
            ],
            [
              35.827159,
              46.623358
            ]
          ]
        ]
      }
    }
  ]
}